open_time,open,high,low,close,volume,close_time,quote_volume,trades,taker_buy_base,taker_buy_quote,ignore
1770307200000,1956.91,2009.75,1913.92,1924.39,11908011.0445,1770310799999,23250250180.91065,32700,5653100.87125,11056200945.931408,0
1770310800000,1956.91,2009.75,1913.92,1924.39,11908011.0445,1770314399999,23250250180.91065,32700,5653100.87125,11056200945.931408,0
1770314400000,1956.91,2009.75,1913.92,1924.39,11908011.0445,1770317999999,23250250180.91065,32700,5653100.87125,11056200945.931408,0
1770318000000,1956.91,2009.75,1913.92,1924.39,11908011.0445,1770321599999,23250250180.91065,32700,5653100.87125,11056200945.931408,0
1770321600000,1924.39,1937.13,1817.16,1823.07,14713248.18525,1770325199999,27455187707.07107,34702,6363815.87525,11893206799.115826,0
1770325200000,1924.39,1937.13,1817.16,1823.07,14713248.18525,1770328799999,27455187707.07107,34702,6363815.87525,11893206799.115826,0
1770328800000,1924.39,1937.13,1817.16,1823.07,14713248.18525,1770332399999,27455187707.07107,34702,6363815.87525,11893206799.115826,0
1770332400000,1924.39,1937.13,1817.16,1823.07,14713248.18525,1770335999999,27455187707.07107,34702,6363815.87525,11893206799.115826,0
1770336000000,1823.14,1940.59,1739.67,1889.34,12265624.3505,1770339599999,23034394732.75094,31143,6670922.83675,12545658578.721045,0
1770339600000,1823.14,1940.59,1739.67,1889.34,12265624.3505,1770343199999,23034394732.75094,31143,6670922.83675,12545658578.721045,0
1770343200000,1823.14,1940.59,1739.67,1889.34,12265624.3505,1770346799999,23034394732.75094,31143,6670922.83675,12545658578.721045,0
1770346800000,1823.14,1940.59,1739.67,1889.34,12265624.3505,1770350399999,23034394732.75094,31143,6670922.83675,12545658578.721045,0
1770350400000,1889.26,1970.38,1883.68,1895.57,9043904.84975,1770353999999,17338426621.112106,28325,4779550.89225,9162046909.524643,0
1770354000000,1889.26,1970.38,1883.68,1895.57,9043904.84975,1770357599999,17338426621.112106,28325,4779550.89225,9162046909.524643,0
1770357600000,1889.26,1970.38,1883.68,1895.57,9043904.84975,1770361199999,17338426621.112106,28325,4779550.89225,9162046909.524643,0
1770361200000,1889.26,1970.38,1883.68,1895.57,9043904.84975,1770364799999,17338426621.112106,28325,4779550.89225,9162046909.524643,0
1770364800000,1895.46,1932.48,1864.17,1929.69,8453619.51925,1770368399999,16077473865.183517,27579,4586560.60825,8733152749.451586,0
1770368400000,1895.46,1932.48,1864.17,1929.69,8453619.51925,1770371999999,16077473865.183517,27579,4586560.60825,8733152749.451586,0
1770372000000,1895.46,1932.48,1864.17,1929.69,8453619.51925,1770375599999,16077473865.183517,27579,4586560.60825,8733152749.451586,0
1770375600000,1895.46,1932.48,1864.17,1929.69,8453619.51925,1770379199999,16077473865.183517,27579,4586560.60825,8733152749.451586,0
1770379200000,1929.58,1998.21,1913.01,1978.2,10209508.74,1770382799999,19933918479.171745,30154,5587844.2565,10922206629.578157,0
1770382800000,1929.58,1998.21,1913.01,1978.2,10209508.74,1770386399999,19933918479.171745,30154,5587844.2565,10922206629.578157,0
1770386400000,1929.58,1998.21,1913.01,1978.2,10209508.74,1770389999999,19933918479.171745,30154,5587844.2565,10922206629.578157,0
1770390000000,1929.58,1998.21,1913.01,1978.2,10209508.74,1770393599999,19933918479.171745,30154,5587844.2565,10922206629.578157,0
1770393600000,1978.06,2087.56,1971.86,2063.68,10032039.97225,1770397199999,20475906044.443314,30610,6075688.496,12393495702.805164,0
1770397200000,1978.06,2087.56,1971.86,2063.68,10032039.97225,1770400799999,20475906044.443314,30610,6075688.496,12393495702.805164,0
1770400800000,1978.06,2087.56,1971.86,2063.68,10032039.97225,1770404399999,20475906044.443314,30610,6075688.496,12393495702.805164,0
1770404400000,1978.06,2087.56,1971.86,2063.68,10032039.97225,1770407999999,20475906044.443314,30610,6075688.496,12393495702.805164,0
1770408000000,2063.67,2088.52,2042.21,2061.02,7117858.68725,1770411599999,14667121098.059177,26702,3442607.66675,7102456583.907863,0
1770411600000,2063.67,2088.52,2042.21,2061.02,7117858.68725,1770415199999,14667121098.059177,26702,3442607.66675,7102456583.907863,0
1770415200000,2063.67,2088.52,2042.21,2061.02,7117858.68725,1770418799999,14667121098.059177,26702,3442607.66675,7102456583.907863,0
1770418800000,2063.67,2088.52,2042.21,2061.02,7117858.68725,1770422399999,14667121098.059177,26702,3442607.66675,7102456583.907863,0
1770422400000,2061.02,2079.84,1740.0,2078.64,5739873.327,1770425999999,11789850237.366127,23341,2951463.4325,6068217716.017315,0
1770426000000,2061.02,2079.84,1740.0,2078.64,5739873.327,1770429599999,11789850237.366127,23341,2951463.4325,6068217716.017315,0
1770429600000,2061.02,2079.84,1740.0,2078.64,5739873.327,1770433199999,11789850237.366127,23341,2951463.4325,6068217716.017315,0
1770433200000,2061.02,2079.84,1740.0,2078.64,5739873.327,1770436799999,11789850237.366127,23341,2951463.4325,6068217716.017315,0
1770436800000,2078.64,2114.0,1995.97,2026.29,6232841.269,1770440399999,12879531662.926132,21194,2949642.022,6112421351.94832,0
1770440400000,2078.64,2114.0,1995.97,2026.29,6232841.269,1770443999999,12879531662.926132,21194,2949642.022,6112421351.94832,0
1770444000000,2078.64,2114.0,1995.97,2026.29,6232841.269,1770447599999,12879531662.926132,21194,2949642.022,6112421351.94832,0
1770447600000,2078.64,2114.0,1995.97,2026.29,6232841.269,1770451199999,12879531662.926132,21194,2949642.022,6112421351.94832,0
1770451200000,2026.68,2029.09,1998.94,2016.87,5703071.92,1770454799999,11489913523.980705,24708,2748151.9765,5539957863.344398,0
1770454800000,2026.68,2029.09,1998.94,2016.87,5703071.92,1770458399999,11489913523.980705,24708,2748151.9765,5539957863.344398,0
1770458400000,2026.68,2029.09,1998.94,2016.87,5703071.92,1770461999999,11489913523.980705,24708,2748151.9765,5539957863.344398,0
1770462000000,2026.68,2029.09,1998.94,2016.87,5703071.92,1770465599999,11489913523.980705,24708,2748151.9765,5539957863.344398,0
1770465600000,2016.78,2072.33,2010.56,2049.56,7198763.7145,1770469199999,14679985249.312695,27623,4086773.32275,8335928341.069187,0
1770469200000,2016.78,2072.33,2010.56,2049.56,7198763.7145,1770472799999,14679985249.312695,27623,4086773.32275,8335928341.069187,0
1770472800000,2016.78,2072.33,2010.56,2049.56,7198763.7145,1770476399999,14679985249.312695,27623,4086773.32275,8335928341.069187,0
1770476400000,2016.78,2072.33,2010.56,2049.56,7198763.7145,1770479999999,14679985249.312695,27623,4086773.32275,8335928341.069187,0
1770480000000,2049.56,2106.07,1750.0,2088.45,8922686.8315,1770483599999,18478952039.44255,32692,4424856.1535,9162397775.81629,0
1770483600000,2049.56,2106.07,1750.0,2088.45,8922686.8315,1770487199999,18478952039.44255,32692,4424856.1535,9162397775.81629,0
1770487200000,2049.56,2106.07,1750.0,2088.45,8922686.8315,1770490799999,18478952039.44255,32692,4424856.1535,9162397775.81629,0
1770490800000,2049.56,2106.07,1750.0,2088.45,8922686.8315,1770494399999,18478952039.44255,32692,4424856.1535,9162397775.81629,0
1770494400000,2088.45,2108.72,2071.3,2089.68,9990276.6515,1770497999999,20918000773.80665,43637,3386100.797,7089945906.825908,0
1770498000000,2088.45,2108.72,2071.3,2089.68,9990276.6515,1770501599999,20918000773.80665,43637,3386100.797,7089945906.825908,0
1770501600000,2088.45,2108.72,2071.3,2089.68,9990276.6515,1770505199999,20918000773.80665,43637,3386100.797,7089945906.825908,0
1770505200000,2088.45,2108.72,2071.3,2089.68,9990276.6515,1770508799999,20918000773.80665,43637,3386100.797,7089945906.825908,0
1770508800000,2089.71,2103.8,2075.12,2076.2,8232824.483,1770512399999,17178670742.95841,37408,2775100.9455,5794698675.5377,0
1770512400000,2089.71,2103.8,2075.12,2076.2,8232824.483,1770515999999,17178670742.95841,37408,2775100.9455,5794698675.5377,0
1770516000000,2089.71,2103.8,2075.12,2076.2,8232824.483,1770519599999,17178670742.95841,37408,2775100.9455,5794698675.5377,0
1770519600000,2089.71,2103.8,2075.12,2076.2,8232824.483,1770523199999,17178670742.95841,37408,2775100.9455,5794698675.5377,0
1770523200000,2076.26,2086.29,2065.17,2082.1,5094661.57325,1770526799999,10588694663.383085,26059,2654131.07525,5517563421.18946,0
1770526800000,2076.26,2086.29,2065.17,2082.1,5094661.57325,1770530399999,10588694663.383085,26059,2654131.07525,5517563421.18946,0
1770530400000,2076.26,2086.29,2065.17,2082.1,5094661.57325,1770533999999,10588694663.383085,26059,2654131.07525,5517563421.18946,0
1770534000000,2076.26,2086.29,2065.17,2082.1,5094661.57325,1770537599999,10588694663.383085,26059,2654131.07525,5517563421.18946,0
1770537600000,2082.07,2131.92,2076.31,2129.89,6017147.5565,1770541199999,12653557839.315968,23845,3318590.43425,6983604521.50977,0
1770541200000,2082.07,2131.92,2076.31,2129.89,6017147.5565,1770544799999,12653557839.315968,23845,3318590.43425,6983604521.50977,0
1770544800000,2082.07,2131.92,2076.31,2129.89,6017147.5565,1770548399999,12653557839.315968,23845,3318590.43425,6983604521.50977,0
1770548400000,2082.07,2131.92,2076.31,2129.89,6017147.5565,1770551999999,12653557839.315968,23845,3318590.43425,6983604521.50977,0
1770552000000,2129.91,2140.56,2095.95,2105.79,5603171.257,1770555599999,11888164817.29395,23389,2743924.3835,5822885986.67977,0
1770555600000,2129.91,2140.56,2095.95,2105.79,5603171.257,1770559199999,11888164817.29395,23389,2743924.3835,5822885986.67977,0
1770559200000,2129.91,2140.56,2095.95,2105.79,5603171.257,1770562799999,11888164817.29395,23389,2743924.3835,5822885986.67977,0
1770562800000,2129.91,2140.56,2095.95,2105.79,5603171.257,1770566399999,11888164817.29395,23389,2743924.3835,5822885986.67977,0
1770566400000,2105.79,2126.18,2073.48,2124.39,7614019.6425,1770569999999,16000851499.642418,32128,4400202.76975,9257835281.380657,0
1770570000000,2105.79,2126.18,2073.48,2124.39,7614019.6425,1770573599999,16000851499.642418,32128,4400202.76975,9257835281.380657,0
1770573600000,2105.79,2126.18,2073.48,2124.39,7614019.6425,1770577199999,16000851499.642418,32128,4400202.76975,9257835281.380657,0
1770577200000,2105.79,2126.18,2073.48,2124.39,7614019.6425,1770580799999,16000851499.642418,32128,4400202.76975,9257835281.380657,0
1770580800000,2124.39,2147.2,2070.55,2088.02,7953781.5945,1770584399999,16729472107.250023,31702,4023253.2075,8466761895.825325,0
1770584400000,2124.39,2147.2,2070.55,2088.02,7953781.5945,1770587999999,16729472107.250023,31702,4023253.2075,8466761895.825325,0
1770588000000,2124.39,2147.2,2070.55,2088.02,7953781.5945,1770591599999,16729472107.250023,31702,4023253.2075,8466761895.825325,0
1770591600000,2124.39,2147.2,2070.55,2088.02,7953781.5945,1770595199999,16729472107.250023,31702,4023253.2075,8466761895.825325,0
1770595200000,2087.99,2099.29,2053.42,2098.45,8408200.14825,1770598799999,17500702994.14791,32168,3781342.3885,7872898377.67398,0
1770598800000,2087.99,2099.29,2053.42,2098.45,8408200.14825,1770602399999,17500702994.14791,32168,3781342.3885,7872898377.67398,0
1770602400000,2087.99,2099.29,2053.42,2098.45,8408200.14825,1770605999999,17500702994.14791,32168,3781342.3885,7872898377.67398,0
1770606000000,2087.99,2099.29,2053.42,2098.45,8408200.14825,1770609599999,17500702994.14791,32168,3781342.3885,7872898377.67398,0
1770609600000,2098.44,2098.68,2063.34,2063.52,6092254.4725,1770613199999,12697955920.311472,28350,2364399.28025,4929428310.66467,0
1770613200000,2098.44,2098.68,2063.34,2063.52,6092254.4725,1770616799999,12697955920.311472,28350,2364399.28025,4929428310.66467,0
1770616800000,2098.44,2098.68,2063.34,2063.52,6092254.4725,1770620399999,12697955920.311472,28350,2364399.28025,4929428310.66467,0
1770620400000,2098.44,2098.68,2063.34,2063.52,6092254.4725,1770623999999,12697955920.311472,28350,2364399.28025,4929428310.66467,0
1770624000000,2063.52,2183.03,2012.87,2025.5,7984363.35075,1770627599999,16242977335.185354,32192,4023461.341,8182145766.404153,0
1770627600000,2063.52,2183.03,2012.87,2025.5,7984363.35075,1770631199999,16242977335.185354,32192,4023461.341,8182145766.404153,0
1770631200000,2063.52,2183.03,2012.87,2025.5,7984363.35075,1770634799999,16242977335.185354,32192,4023461.341,8182145766.404153,0
1770634800000,2063.52,2183.03,2012.87,2025.5,7984363.35075,1770638399999,16242977335.185354,32192,4023461.341,8182145766.404153,0
1770638400000,2025.5,2069.93,2006.96,2058.87,7624794.34025,1770641999999,15531879167.51423,28054,4063227.24225,8287166209.021993,0
1770642000000,2025.5,2069.93,2006.96,2058.87,7624794.34025,1770645599999,15531879167.51423,28054,4063227.24225,8287166209.021993,0
1770645600000,2025.5,2069.93,2006.96,2058.87,7624794.34025,1770649199999,15531879167.51423,28054,4063227.24225,8287166209.021993,0
1770649200000,2025.5,2069.93,2006.96,2058.87,7624794.34025,1770652799999,15531879167.51423,28054,4063227.24225,8287166209.021993,0
1770652800000,2058.87,2138.11,2046.29,2128.38,8762524.1035,1770656399999,18440466353.338844,32548,4278719.246,9004930334.051405,0
1770656400000,2058.87,2138.11,2046.29,2128.38,8762524.1035,1770659999999,18440466353.338844,32548,4278719.246,9004930334.051405,0
1770660000000,2058.87,2138.11,2046.29,2128.38,8762524.1035,1770663599999,18440466353.338844,32548,4278719.246,9004930334.051405,0
1770663600000,2058.87,2138.11,2046.29,2128.38,8762524.1035,1770667199999,18440466353.338844,32548,4278719.246,9004930334.051405,0
1770667200000,2128.38,2144.48,2089.36,2102.79,5442140.03875,1770670799999,11513323436.37426,24766,1863844.424,3945904531.6567373,0
1770670800000,2128.38,2144.48,2089.36,2102.79,5442140.03875,1770674399999,11513323436.37426,24766,1863844.424,3945904531.6567373,0
1770674400000,2128.38,2144.48,2089.36,2102.79,5442140.03875,1770677999999,11513323436.37426,24766,1863844.424,3945904531.6567373,0
1770678000000,2128.38,2144.48,2089.36,2102.79,5442140.03875,1770681599999,11513323436.37426,24766,1863844.424,3945904531.6567373,0
1770681600000,2102.75,2120.43,2053.92,2062.62,5816959.564,1770685199999,12212920148.649223,24064,2216948.0115,4660572057.572022,0
1770685200000,2102.75,2120.43,2053.92,2062.62,5816959.564,1770688799999,12212920148.649223,24064,2216948.0115,4660572057.572022,0
1770688800000,2102.75,2120.43,2053.92,2062.62,5816959.564,1770692399999,12212920148.649223,24064,2216948.0115,4660572057.572022,0
1770692400000,2102.75,2120.43,2053.92,2062.62,5816959.564,1770695999999,12212920148.649223,24064,2216948.0115,4660572057.572022,0
1770696000000,2062.62,2071.73,1997.65,2005.07,5341541.55325,1770699599999,10876628368.174927,21620,2375152.56025,4834318326.846285,0
1770699600000,2062.62,2071.73,1997.65,2005.07,5341541.55325,1770703199999,10876628368.174927,21620,2375152.56025,4834318326.846285,0
1770703200000,2062.62,2071.73,1997.65,2005.07,5341541.55325,1770706799999,10876628368.174927,21620,2375152.56025,4834318326.846285,0
1770706800000,2062.62,2071.73,1997.65,2005.07,5341541.55325,1770710399999,10876628368.174927,21620,2375152.56025,4834318326.846285,0
1770710400000,2005.07,2026.42,1998.01,2000.6,3122146.29425,1770713999999,6279807787.48963,12253,1516082.69975,3052475983.3265224,0
1770714000000,2005.07,2026.42,1998.01,2000.6,3122146.29425,1770717599999,6279807787.48963,12253,1516082.69975,3052475983.3265224,0
1770717600000,2005.07,2026.42,1998.01,2000.6,3122146.29425,1770721199999,6279807787.48963,12253,1516082.69975,3052475983.3265224,0
1770721200000,2005.07,2026.42,1998.01,2000.6,3122146.29425,1770724799999,6279807787.48963,12253,1516082.69975,3052475983.3265224,0
1770724800000,2000.61,2035.26,1991.78,2020.63,3932845.0595,1770728399999,7921410597.311977,13265,2341963.60175,4720963076.167752,0
1770728400000,2000.61,2035.26,1991.78,2020.63,3932845.0595,1770731999999,7921410597.311977,13265,2341963.60175,4720963076.167752,0
1770732000000,2000.61,2035.26,1991.78,2020.63,3932845.0595,1770735599999,7921410597.311977,13265,2341963.60175,4720963076.167752,0
1770735600000,2000.61,2035.26,1991.78,2020.63,3932845.0595,1770739199999,7921410597.311977,13265,2341963.60175,4720963076.167752,0
1770739200000,2020.63,2043.88,1994.48,2015.96,3479084.9225,1770742799999,7031102935.607758,12394,1733078.974,3504918069.218335,0
1770742800000,2020.63,2043.88,1994.48,2015.96,3479084.9225,1770746399999,7031102935.607758,12394,1733078.974,3504918069.218335,0
1770746400000,2020.63,2043.88,1994.48,2015.96,3479084.9225,1770749999999,7031102935.607758,12394,1733078.974,3504918069.218335,0
1770750000000,2020.63,2043.88,1994.48,2015.96,3479084.9225,1770753599999,7031102935.607758,12394,1733078.974,3504918069.218335,0
1770753600000,2015.96,2019.53,1998.2,2019.53,2552277.3515,1770757199999,5132111876.63902,10910,1469775.46275,2956640484.152015,0
1770757200000,2015.96,2019.53,1998.2,2019.53,2552277.3515,1770760799999,5132111876.63902,10910,1469775.46275,2956640484.152015,0
1770760800000,2015.96,2019.53,1998.2,2019.53,2552277.3515,1770764399999,5132111876.63902,10910,1469775.46275,2956640484.152015,0
1770764400000,2015.96,2019.53,1998.2,2019.53,2552277.3515,1770767999999,5132111876.63902,10910,1469775.46275,2956640484.152015,0
1770768000000,2019.53,2029.47,1995.96,2007.3,2495866.35475,1770771599999,5037338271.543867,10512,1270926.6785,2567778802.125655,0
1770771600000,2019.53,2029.47,1995.96,2007.3,2495866.35475,1770775199999,5037338271.543867,10512,1270926.6785,2567778802.125655,0
1770775200000,2019.53,2029.47,1995.96,2007.3,2495866.35475,1770778799999,5037338271.543867,10512,1270926.6785,2567778802.125655,0
1770778800000,2019.53,2029.47,1995.96,2007.3,2495866.35475,1770782399999,5037338271.543867,10512,1270926.6785,2567778802.125655,0
1770782400000,2007.25,2008.87,1942.97,1949.91,3022605.5665,1770785999999,5947104015.711482,10670,1128281.27175,2212243819.71975,0
1770786000000,2007.25,2008.87,1942.97,1949.91,3022605.5665,1770789599999,5947104015.711482,10670,1128281.27175,2212243819.71975,0
1770789600000,2007.25,2008.87,1942.97,1949.91,3022605.5665,1770793199999,5947104015.711482,10670,1128281.27175,2212243819.71975,0
1770793200000,2007.25,2008.87,1942.97,1949.91,3022605.5665,1770796799999,5947104015.711482,10670,1128281.27175,2212243819.71975,0
1770796800000,1949.91,1953.52,1931.33,1951.73,3004953.29325,1770800399999,5842277953.01662,11813,1551165.2825,3017283984.18281,0
1770800400000,1949.91,1953.52,1931.33,1951.73,3004953.29325,1770803999999,5842277953.01662,11813,1551165.2825,3017283984.18281,0
1770804000000,1949.91,1953.52,1931.33,1951.73,3004953.29325,1770807599999,5842277953.01662,11813,1551165.2825,3017283984.18281,0
1770807600000,1949.91,1953.52,1931.33,1951.73,3004953.29325,1770811199999,5842277953.01662,11813,1551165.2825,3017283984.18281,0
1770811200000,1951.73,2003.21,1903.07,1927.26,4947923.0855,1770814799999,9647703145.26789,14180,2355929.583,4596490527.834245,0
1770814800000,1951.73,2003.21,1903.07,1927.26,4947923.0855,1770818399999,9647703145.26789,14180,2355929.583,4596490527.834245,0
1770818400000,1951.73,2003.21,1903.07,1927.26,4947923.0855,1770821999999,9647703145.26789,14180,2355929.583,4596490527.834245,0
1770822000000,1951.73,2003.21,1903.07,1927.26,4947923.0855,1770825599999,9647703145.26789,14180,2355929.583,4596490527.834245,0
1770825600000,1927.27,1956.48,1908.01,1950.25,4722826.79375,1770829199999,9133201162.496742,14060,2858649.6975,5534382425.274412,0
1770829200000,1927.27,1956.48,1908.01,1950.25,4722826.79375,1770832799999,9133201162.496742,14060,2858649.6975,5534382425.274412,0
1770832800000,1927.27,1956.48,1908.01,1950.25,4722826.79375,1770836399999,9133201162.496742,14060,2858649.6975,5534382425.274412,0
1770836400000,1927.27,1956.48,1908.01,1950.25,4722826.79375,1770839999999,9133201162.496742,14060,2858649.6975,5534382425.274412,0
1770840000000,1950.25,1983.36,1931.57,1940.09,3459865.39225,1770843599999,6761537665.780255,12133,1540264.0735,3012912147.2429876,0
1770843600000,1950.25,1983.36,1931.57,1940.09,3459865.39225,1770847199999,6761537665.780255,12133,1540264.0735,3012912147.2429876,0
1770847200000,1950.25,1983.36,1931.57,1940.09,3459865.39225,1770850799999,6761537665.780255,12133,1540264.0735,3012912147.2429876,0
1770850800000,1950.25,1983.36,1931.57,1940.09,3459865.39225,1770854399999,6761537665.780255,12133,1540264.0735,3012912147.2429876,0
1770854400000,1940.01,1975.16,1939.64,1966.56,3242368.90425,1770857999999,6355709251.479215,12401,1976899.293,3874937441.0526323,0
1770858000000,1940.01,1975.16,1939.64,1966.56,3242368.90425,1770861599999,6355709251.479215,12401,1976899.293,3874937441.0526323,0
1770861600000,1940.01,1975.16,1939.64,1966.56,3242368.90425,1770865199999,6355709251.479215,12401,1976899.293,3874937441.0526323,0
1770865200000,1940.01,1975.16,1939.64,1966.56,3242368.90425,1770868799999,6355709251.479215,12401,1976899.293,3874937441.0526323,0
1770868800000,1966.43,1979.78,1951.58,1968.17,2941935.4675,1770872399999,5788161754.890528,12498,1465282.1445,2884651341.507605,0
1770872400000,1966.43,1979.78,1951.58,1968.17,2941935.4675,1770875999999,5788161754.890528,12498,1465282.1445,2884651341.507605,0
1770876000000,1966.43,1979.78,1951.58,1968.17,2941935.4675,1770879599999,5788161754.890528,12498,1465282.1445,2884651341.507605,0
1770879600000,1966.43,1979.78,1951.58,1968.17,2941935.4675,1770883199999,5788161754.890528,12498,1465282.1445,2884651341.507605,0
1770883200000,1968.17,1998.46,1956.55,1988.13,2935714.68,1770886799999,5802559889.560428,11756,1790567.58525,3542616368.6538577,0
1770886800000,1968.17,1998.46,1956.55,1988.13,2935714.68,1770890399999,5802559889.560428,11756,1790567.58525,3542616368.6538577,0
1770890400000,1968.17,1998.46,1956.55,1988.13,2935714.68,1770893999999,5802559889.560428,11756,1790567.58525,3542616368.6538577,0
1770894000000,1968.17,1998.46,1956.55,1988.13,2935714.68,1770897599999,5802559889.560428,11756,1790567.58525,3542616368.6538577,0
1770897600000,1987.32,1993.3,1944.5,1945.93,3840045.36425,1770901199999,7584784088.046198,12606,1566067.177,3098963096.20277,0
1770901200000,1987.32,1993.3,1944.5,1945.93,3840045.36425,1770904799999,7584784088.046198,12606,1566067.177,3098963096.20277,0
1770904800000,1987.32,1993.3,1944.5,1945.93,3840045.36425,1770908399999,7584784088.046198,12606,1566067.177,3098963096.20277,0
1770908400000,1987.32,1993.3,1944.5,1945.93,3840045.36425,1770911999999,7584784088.046198,12606,1566067.177,3098963096.20277,0
1770912000000,1945.57,2106.96,1650.0,1922.95,5160555.706,1770915599999,9891872730.50877,14956,2405155.087,4610381576.72494,0
1770915600000,1945.57,2106.96,1650.0,1922.95,5160555.706,1770919199999,9891872730.50877,14956,2405155.087,4610381576.72494,0
1770919200000,1945.57,2106.96,1650.0,1922.95,5160555.706,1770922799999,9891872730.50877,14956,2405155.087,4610381576.72494,0
1770922800000,1945.57,2106.96,1650.0,1922.95,5160555.706,1770926399999,9891872730.50877,14956,2405155.087,4610381576.72494,0
1770926400000,1922.9,1948.54,1908.57,1945.25,3107919.27225,1770929999999,5989366516.235895,12511,1826884.09775,3525840650.793845,0
1770930000000,1922.9,1948.54,1908.57,1945.25,3107919.27225,1770933599999,5989366516.235895,12511,1826884.09775,3525840650.793845,0
1770933600000,1922.9,1948.54,1908.57,1945.25,3107919.27225,1770937199999,5989366516.235895,12511,1826884.09775,3525840650.793845,0
1770937200000,1922.9,1948.54,1908.57,1945.25,3107919.27225,1770940799999,5989366516.235895,12511,1826884.09775,3525840650.793845,0
1770940800000,1945.2,1955.31,1927.12,1950.67,2997870.9405,1770944399999,5821519034.636337,12405,1563959.546,3039203768.5964026,0
1770944400000,1945.2,1955.31,1927.12,1950.67,2997870.9405,1770947999999,5821519034.636337,12405,1563959.546,3039203768.5964026,0
1770948000000,1945.2,1955.31,1927.12,1950.67,2997870.9405,1770951599999,5821519034.636337,12405,1563959.546,3039203768.5964026,0
1770951600000,1945.2,1955.31,1927.12,1950.67,2997870.9405,1770955199999,5821519034.636337,12405,1563959.546,3039203768.5964026,0
1770955200000,1950.67,1952.82,1922.73,1933.54,2617331.5515,1770958799999,5074502309.673952,11407,1305880.99725,2532560934.1343927,0
1770958800000,1950.67,1952.82,1922.73,1933.54,2617331.5515,1770962399999,5074502309.673952,11407,1305880.99725,2532560934.1343927,0
1770962400000,1950.67,1952.82,1922.73,1933.54,2617331.5515,1770965999999,5074502309.673952,11407,1305880.99725,2532560934.1343927,0
1770966000000,1950.67,1952.82,1922.73,1933.54,2617331.5515,1770969599999,5074502309.673952,11407,1305880.99725,2532560934.1343927,0
1770969600000,1933.46,1963.08,1931.84,1958.16,2308438.1865,1770973199999,4507164584.295202,10191,1303057.9825,2544079585.0783377,0
1770973200000,1933.46,1963.08,1931.84,1958.16,2308438.1865,1770976799999,4507164584.295202,10191,1303057.9825,2544079585.0783377,0
1770976800000,1933.46,1963.08,1931.84,1958.16,2308438.1865,1770980399999,4507164584.295202,10191,1303057.9825,2544079585.0783377,0
1770980400000,1933.46,1963.08,1931.84,1958.16,2308438.1865,1770983999999,4507164584.295202,10191,1303057.9825,2544079585.0783377,0
1770984000000,1958.08,2047.07,1950.85,2032.3,4266092.5435,1770987599999,8479212931.043138,14044,2716757.24475,5404941290.25775,0
1770987600000,1958.08,2047.07,1950.85,2032.3,4266092.5435,1770991199999,8479212931.043138,14044,2716757.24475,5404941290.25775,0
1770991200000,1958.08,2047.07,1950.85,2032.3,4266092.5435,1770994799999,8479212931.043138,14044,2716757.24475,5404941290.25775,0
1770994800000,1958.08,2047.07,1950.85,2032.3,4266092.5435,1770998399999,8479212931.043138,14044,2716757.24475,5404941290.25775,0
1770998400000,2032.32,2067.78,2030.78,2056.36,3370049.61025,1771001999999,6924884921.657422,13094,2021974.03625,4154322602.42988,0
1771002000000,2032.32,2067.78,2030.78,2056.36,3370049.61025,1771005599999,6924884921.657422,13094,2021974.03625,4154322602.42988,0
1771005600000,2032.32,2067.78,2030.78,2056.36,3370049.61025,1771009199999,6924884921.657422,13094,2021974.03625,4154322602.42988,0
1771009200000,2032.32,2067.78,2030.78,2056.36,3370049.61025,1771012799999,6924884921.657422,13094,2021974.03625,4154322602.42988,0
1771012800000,2056.36,2057.14,1750.0,2047.4,2348787.0255,1771016399999,4811169444.1157675,11430,1028249.61875,2107640572.62988,0
1771016400000,2056.36,2057.14,1750.0,2047.4,2348787.0255,1771019999999,4811169444.1157675,11430,1028249.61875,2107640572.62988,0
1771020000000,2056.36,2057.14,1750.0,2047.4,2348787.0255,1771023599999,4811169444.1157675,11430,1028249.61875,2107640572.62988,0
1771023600000,2056.36,2057.14,1750.0,2047.4,2348787.0255,1771027199999,4811169444.1157675,11430,1028249.61875,2107640572.62988,0
1771027200000,2047.4,2054.63,2041.65,2052.54,1467215.4235,1771030799999,3006548860.4669623,8818,808227.3495,1656912833.436685,0
1771030800000,2047.4,2054.63,2041.65,2052.54,1467215.4235,1771034399999,3006548860.4669623,8818,808227.3495,1656912833.436685,0
1771034400000,2047.4,2054.63,2041.65,2052.54,1467215.4235,1771037999999,3006548860.4669623,8818,808227.3495,1656912833.436685,0
1771038000000,2047.4,2054.63,2041.65,2052.54,1467215.4235,1771041599999,3006548860.4669623,8818,808227.3495,1656912833.436685,0
1771041600000,2052.69,2057.98,2046.87,2055.21,942515.248,1771045199999,1934234701.442375,6605,521552.7455,1070842456.9234425,0
1771045200000,2052.69,2057.98,2046.87,2055.21,942515.248,1771048799999,1934234701.442375,6605,521552.7455,1070842456.9234425,0
1771048800000,2052.69,2057.98,2046.87,2055.21,942515.248,1771052399999,1934234701.442375,6605,521552.7455,1070842456.9234425,0
1771052400000,2052.69,2057.98,2046.87,2055.21,942515.248,1771055999999,1934234701.442375,6605,521552.7455,1070842456.9234425,0
1771056000000,2055.17,2103.72,2000.03,2097.44,2617474.78225,1771059599999,5442825403.930505,11781,1747889.60725,3634906004.3622127,0
1771059600000,2055.17,2103.72,2000.03,2097.44,2617474.78225,1771063199999,5442825403.930505,11781,1747889.60725,3634906004.3622127,0
1771063200000,2055.17,2103.72,2000.03,2097.44,2617474.78225,1771066799999,5442825403.930505,11781,1747889.60725,3634906004.3622127,0
1771066800000,2055.17,2103.72,2000.03,2097.44,2617474.78225,1771070399999,5442825403.930505,11781,1747889.60725,3634906004.3622127,0
1771070400000,2097.6,2097.99,2064.69,2085.99,2257418.6405,1771073999999,4693942344.193823,10550,1031835.47375,2144646757.5478475,0
1771074000000,2097.6,2097.99,2064.69,2085.99,2257418.6405,1771077599999,4693942344.193823,10550,1031835.47375,2144646757.5478475,0
1771077600000,2097.6,2097.99,2064.69,2085.99,2257418.6405,1771081199999,4693942344.193823,10550,1031835.47375,2144646757.5478475,0
1771081200000,2097.6,2097.99,2064.69,2085.99,2257418.6405,1771084799999,4693942344.193823,10550,1031835.47375,2144646757.5478475,0
1771084800000,2085.99,2088.01,2066.55,2085.93,1875182.483,1771088399999,3900484779.04578,9761,1027457.96325,2138492983.2331824,0
1771088400000,2085.99,2088.01,2066.55,2085.93,1875182.483,1771091999999,3900484779.04578,9761,1027457.96325,2138492983.2331824,0
1771092000000,2085.99,2088.01,2066.55,2085.93,1875182.483,1771095599999,3900484779.04578,9761,1027457.96325,2138492983.2331824,0
1771095600000,2085.99,2088.01,2066.55,2085.93,1875182.483,1771099199999,3900484779.04578,9761,1027457.96325,2138492983.2331824,0
1771099200000,2085.91,2095.57,2078.02,2084.31,1931947.443,1771102799999,4030875695.59742,9863,1117591.73325,2332793506.5668426,0
1771102800000,2085.91,2095.57,2078.02,2084.31,1931947.443,1771106399999,4030875695.59742,9863,1117591.73325,2332793506.5668426,0
1771106400000,2085.91,2095.57,2078.02,2084.31,1931947.443,1771109999999,4030875695.59742,9863,1117591.73325,2332793506.5668426,0
1771110000000,2085.91,2095.57,2078.02,2084.31,1931947.443,1771113599999,4030875695.59742,9863,1117591.73325,2332793506.5668426,0
1771113600000,2084.27,2087.59,2037.19,2057.48,2832399.80225,1771117199999,5843689740.949707,11505,1240717.66425,2560808474.79597,0
1771117200000,2084.27,2087.59,2037.19,2057.48,2832399.80225,1771120799999,5843689740.949707,11505,1240717.66425,2560808474.79597,0
1771120800000,2084.27,2087.59,2037.19,2057.48,2832399.80225,1771124399999,5843689740.949707,11505,1240717.66425,2560808474.79597,0
1771124400000,2084.27,2087.59,2037.19,2057.48,2832399.80225,1771127999999,5843689740.949707,11505,1240717.66425,2560808474.79597,0
1771128000000,2057.77,2099.24,2057.48,2089.15,2757115.02125,1771131599999,5742353490.723475,11933,1772104.804,3690031686.6482577,0
1771131600000,2057.77,2099.24,2057.48,2089.15,2757115.02125,1771135199999,5742353490.723475,11933,1772104.804,3690031686.6482577,0
1771135200000,2057.77,2099.24,2057.48,2089.15,2757115.02125,1771138799999,5742353490.723475,11933,1772104.804,3690031686.6482577,0
1771138800000,2057.77,2099.24,2057.48,2089.15,2757115.02125,1771142399999,5742353490.723475,11933,1772104.804,3690031686.6482577,0
1771142400000,2089.15,2093.98,2053.37,2059.93,2408678.4895,1771145999999,4981329408.656287,11137,1096183.57825,2267412641.5024524,0
1771146000000,2089.15,2093.98,2053.37,2059.93,2408678.4895,1771149599999,4981329408.656287,11137,1096183.57825,2267412641.5024524,0
1771149600000,2089.15,2093.98,2053.37,2059.93,2408678.4895,1771153199999,4981329408.656287,11137,1096183.57825,2267412641.5024524,0
1771153200000,2089.15,2093.98,2053.37,2059.93,2408678.4895,1771156799999,4981329408.656287,11137,1096183.57825,2267412641.5024524,0
1771156800000,2059.86,2064.49,1992.98,2010.32,3189828.60725,1771160399999,6438858697.179672,12608,1489689.62125,3004887710.22206,0
1771160400000,2059.86,2064.49,1992.98,2010.32,3189828.60725,1771163999999,6438858697.179672,12608,1489689.62125,3004887710.22206,0
1771164000000,2059.86,2064.49,1992.98,2010.32,3189828.60725,1771167599999,6438858697.179672,12608,1489689.62125,3004887710.22206,0
1771167600000,2059.86,2064.49,1992.98,2010.32,3189828.60725,1771171199999,6438858697.179672,12608,1489689.62125,3004887710.22206,0
1771171200000,2010.32,2010.33,1932.02,1940.31,3559983.019,1771174799999,7011256034.418332,12645,1354137.52175,2666289518.2066174,0
1771174800000,2010.32,2010.33,1932.02,1940.31,3559983.019,1771178399999,7011256034.418332,12645,1354137.52175,2666289518.2066174,0
1771178400000,2010.32,2010.33,1932.02,1940.31,3559983.019,1771181999999,7011256034.418332,12645,1354137.52175,2666289518.2066174,0
1771182000000,2010.32,2010.33,1932.02,1940.31,3559983.019,1771185599999,7011256034.418332,12645,1354137.52175,2666289518.2066174,0
1771185600000,1940.31,2012.5,1933.66,1964.13,3099718.97875,1771189199999,6056557395.935995,11990,1934006.23775,3780284104.282375,0
1771189200000,1940.31,2012.5,1933.66,1964.13,3099718.97875,1771192799999,6056557395.935995,11990,1934006.23775,3780284104.282375,0
1771192800000,1940.31,2012.5,1933.66,1964.13,3099718.97875,1771196399999,6056557395.935995,11990,1934006.23775,3780284104.282375,0
1771196400000,1940.31,2012.5,1933.66,1964.13,3099718.97875,1771199999999,6056557395.935995,11990,1934006.23775,3780284104.282375,0
1771200000000,1964.2,1977.71,1947.59,1956.99,2779858.373,1771203599999,5454499482.599075,11847,1330959.57425,2613936804.9524074,0
1771203600000,1964.2,1977.71,1947.59,1956.99,2779858.373,1771207199999,5454499482.599075,11847,1330959.57425,2613936804.9524074,0
1771207200000,1964.2,1977.71,1947.59,1956.99,2779858.373,1771210799999,5454499482.599075,11847,1330959.57425,2613936804.9524074,0
1771210800000,1964.2,1977.71,1947.59,1956.99,2779858.373,1771214399999,5454499482.599075,11847,1330959.57425,2613936804.9524074,0
1771214400000,1956.77,1975.96,1951.67,1969.75,2089245.0015,1771217999999,4101941524.9588175,9557,1284416.55175,2522767910.6908426,0
1771218000000,1956.77,1975.96,1951.67,1969.75,2089245.0015,1771221599999,4101941524.9588175,9557,1284416.55175,2522767910.6908426,0
1771221600000,1956.77,1975.96,1951.67,1969.75,2089245.0015,1771225199999,4101941524.9588175,9557,1284416.55175,2522767910.6908426,0
1771225200000,1956.77,1975.96,1951.67,1969.75,2089245.0015,1771228799999,4101941524.9588175,9557,1284416.55175,2522767910.6908426,0
1771228800000,1969.64,1990.85,1956.47,1974.64,1882451.97575,1771232399999,3719665844.5690675,8551,1077388.3635,2129526660.162745,0
1771232400000,1969.64,1990.85,1956.47,1974.64,1882451.97575,1771235999999,3719665844.5690675,8551,1077388.3635,2129526660.162745,0
1771236000000,1969.64,1990.85,1956.47,1974.64,1882451.97575,1771239599999,3719665844.5690675,8551,1077388.3635,2129526660.162745,0
1771239600000,1969.64,1990.85,1956.47,1974.64,1882451.97575,1771243199999,3719665844.5690675,8551,1077388.3635,2129526660.162745,0
1771243200000,1974.64,2020.55,1930.0,1954.75,3826758.562,1771246799999,7562322508.24315,12228,2031164.90775,4018313580.66844,0
1771246800000,1974.64,2020.55,1930.0,1954.75,3826758.562,1771250399999,7562322508.24315,12228,2031164.90775,4018313580.66844,0
1771250400000,1974.64,2020.55,1930.0,1954.75,3826758.562,1771253999999,7562322508.24315,12228,2031164.90775,4018313580.66844,0
1771254000000,1974.64,2020.55,1930.0,1954.75,3826758.562,1771257599999,7562322508.24315,12228,2031164.90775,4018313580.66844,0
1771257600000,1955.1,1985.54,1954.75,1972.14,2850148.67875,1771261199999,5620049148.904735,11338,1628492.7705,3211952181.85659,0
1771261200000,1955.1,1985.54,1954.75,1972.14,2850148.67875,1771264799999,5620049148.904735,11338,1628492.7705,3211952181.85659,0
1771264800000,1955.1,1985.54,1954.75,1972.14,2850148.67875,1771268399999,5620049148.904735,11338,1628492.7705,3211952181.85659,0
1771268400000,1955.1,1985.54,1954.75,1972.14,2850148.67875,1771271999999,5620049148.904735,11338,1628492.7705,3211952181.85659,0
1771272000000,1972.15,2001.45,1970.42,1996.76,2516886.6445,1771275599999,5003295961.015688,10933,1491254.97675,2964670745.5766125,0
1771275600000,1972.15,2001.45,1970.42,1996.76,2516886.6445,1771279199999,5003295961.015688,10933,1491254.97675,2964670745.5766125,0
1771279200000,1972.15,2001.45,1970.42,1996.76,2516886.6445,1771282799999,5003295961.015688,10933,1491254.97675,2964670745.5766125,0
1771282800000,1972.15,2001.45,1970.42,1996.76,2516886.6445,1771286399999,5003295961.015688,10933,1491254.97675,2964670745.5766125,0
1771286400000,1996.85,2005.34,1982.45,1984.21,2586183.31975,1771289999999,5161197973.065528,11550,1098675.377,2194494554.16966,0
1771290000000,1996.85,2005.34,1982.45,1984.21,2586183.31975,1771293599999,5161197973.065528,11550,1098675.377,2194494554.16966,0
1771293600000,1996.85,2005.34,1982.45,1984.21,2586183.31975,1771297199999,5161197973.065528,11550,1098675.377,2194494554.16966,0
1771297200000,1996.85,2005.34,1982.45,1984.21,2586183.31975,1771300799999,5161197973.065528,11550,1098675.377,2194494554.16966,0
1771300800000,1984.08,1994.81,1963.12,1984.1,2442071.14825,1771304399999,4832716518.038717,10636,1310612.186,2595179839.54069,0
1771304400000,1984.08,1994.81,1963.12,1984.1,2442071.14825,1771307999999,4832716518.038717,10636,1310612.186,2595179839.54069,0
1771308000000,1984.08,1994.81,1963.12,1984.1,2442071.14825,1771311599999,4832716518.038717,10636,1310612.186,2595179839.54069,0
1771311600000,1984.08,1994.81,1963.12,1984.1,2442071.14825,1771315199999,4832716518.038717,10636,1310612.186,2595179839.54069,0
1771315200000,1984.1,1988.87,1960.54,1966.74,1919422.86375,1771318799999,3782955128.28412,9920,905932.32125,1786314980.070915,0
1771318800000,1984.1,1988.87,1960.54,1966.74,1919422.86375,1771322399999,3782955128.28412,9920,905932.32125,1786314980.070915,0
1771322400000,1984.1,1988.87,1960.54,1966.74,1919422.86375,1771325999999,3782955128.28412,9920,905932.32125,1786314980.070915,0
1771326000000,1984.1,1988.87,1960.54,1966.74,1919422.86375,1771329599999,3782955128.28412,9920,905932.32125,1786314980.070915,0
1771329600000,1966.61,1999.8,1942.64,1965.18,3784905.71475,1771333199999,7446506539.005387,13215,1889165.374,3716158836.260135,0
1771333200000,1966.61,1999.8,1942.64,1965.18,3784905.71475,1771336799999,7446506539.005387,13215,1889165.374,3716158836.260135,0
1771336800000,1966.61,1999.8,1942.64,1965.18,3784905.71475,1771340399999,7446506539.005387,13215,1889165.374,3716158836.260135,0
1771340400000,1966.61,1999.8,1942.64,1965.18,3784905.71475,1771343999999,7446506539.005387,13215,1889165.374,3716158836.260135,0
1771344000000,1965.2,2030.0,1953.33,1996.23,3971156.37025,1771347599999,7874083465.072713,12723,2199062.912,4362845079.378952,0
1771347600000,1965.2,2030.0,1953.33,1996.23,3971156.37025,1771351199999,7874083465.072713,12723,2199062.912,4362845079.378952,0
1771351200000,1965.2,2030.0,1953.33,1996.23,3971156.37025,1771354799999,7874083465.072713,12723,2199062.912,4362845079.378952,0
1771354800000,1965.2,2030.0,1953.33,1996.23,3971156.37025,1771358399999,7874083465.072713,12723,2199062.912,4362845079.378952,0
1771358400000,1996.23,2001.83,1986.59,1991.1,2283453.96775,1771361999999,4554667156.784983,11255,1039137.94975,2073956521.9700174,0
1771362000000,1996.23,2001.83,1986.59,1991.1,2283453.96775,1771365599999,4554667156.784983,11255,1039137.94975,2073956521.9700174,0
1771365600000,1996.23,2001.83,1986.59,1991.1,2283453.96775,1771369199999,4554667156.784983,11255,1039137.94975,2073956521.9700174,0
1771369200000,1996.23,2001.83,1986.59,1991.1,2283453.96775,1771372799999,4554667156.784983,11255,1039137.94975,2073956521.9700174,0
1771372800000,1991.1,1997.9,1967.61,1995.57,2526956.6485,1771376399999,5012657724.115797,10879,1381979.8735,2744442283.91213,0
1771376400000,1991.1,1997.9,1967.61,1995.57,2526956.6485,1771379999999,5012657724.115797,10879,1381979.8735,2744442283.91213,0
1771380000000,1991.1,1997.9,1967.61,1995.57,2526956.6485,1771383599999,5012657724.115797,10879,1381979.8735,2744442283.91213,0
1771383600000,1991.1,1997.9,1967.61,1995.57,2526956.6485,1771387199999,5012657724.115797,10879,1381979.8735,2744442283.91213,0
1771387200000,1995.65,2019.39,1991.63,2016.23,1844904.39775,1771390799999,3691635782.6502,9850,1173491.22625,2350103185.1402173,0
1771390800000,1995.65,2019.39,1991.63,2016.23,1844904.39775,1771394399999,3691635782.6502,9850,1173491.22625,2350103185.1402173,0
1771394400000,1995.65,2019.39,1991.63,2016.23,1844904.39775,1771397999999,3691635782.6502,9850,1173491.22625,2350103185.1402173,0
1771398000000,1995.65,2019.39,1991.63,2016.23,1844904.39775,1771401599999,3691635782.6502,9850,1173491.22625,2350103185.1402173,0
1771401600000,2016.26,2034.59,1909.61,1980.02,2336226.663,1771405199999,4684840895.629792,10602,823027.0525,1651024602.76232,0
1771405200000,2016.26,2034.59,1909.61,1980.02,2336226.663,1771408799999,4684840895.629792,10602,823027.0525,1651024602.76232,0
1771408800000,2016.26,2034.59,1909.61,1980.02,2336226.663,1771412399999,4684840895.629792,10602,823027.0525,1651024602.76232,0
1771412400000,2016.26,2034.59,1909.61,1980.02,2336226.663,1771415999999,4684840895.629792,10602,823027.0525,1651024602.76232,0
1771416000000,1980.02,2006.81,1953.21,1984.04,2684636.7785,1771419599999,5310863239.337302,9812,1394186.72925,2760247911.4195,0
1771419600000,1980.02,2006.81,1953.21,1984.04,2684636.7785,1771423199999,5310863239.337302,9812,1394186.72925,2760247911.4195,0
1771423200000,1980.02,2006.81,1953.21,1984.04,2684636.7785,1771426799999,5310863239.337302,9812,1394186.72925,2760247911.4195,0
1771426800000,1980.02,2006.81,1953.21,1984.04,2684636.7785,1771430399999,5310863239.337302,9812,1394186.72925,2760247911.4195,0
1771430400000,1984.04,1984.84,1923.58,1939.43,3411614.15775,1771433999999,6690610532.685513,12107,1389014.442,2726764278.1128373,0
1771434000000,1984.04,1984.84,1923.58,1939.43,3411614.15775,1771437599999,6690610532.685513,12107,1389014.442,2726764278.1128373,0
1771437600000,1984.04,1984.84,1923.58,1939.43,3411614.15775,1771441199999,6690610532.685513,12107,1389014.442,2726764278.1128373,0
1771441200000,1984.04,1984.84,1923.58,1939.43,3411614.15775,1771444799999,6690610532.685513,12107,1389014.442,2726764278.1128373,0
1771444800000,1939.43,1954.33,1934.55,1954.19,2656637.943,1771448399999,5162536101.869167,11105,1663350.393,3234787563.3752,0
1771448400000,1939.43,1954.33,1934.55,1954.19,2656637.943,1771451999999,5162536101.869167,11105,1663350.393,3234787563.3752,0
1771452000000,1939.43,1954.33,1934.55,1954.19,2656637.943,1771455599999,5162536101.869167,11105,1663350.393,3234787563.3752,0
1771455600000,1939.43,1954.33,1934.55,1954.19,2656637.943,1771459199999,5162536101.869167,11105,1663350.393,3234787563.3752,0
1771459200000,1953.92,1971.72,1949.62,1970.86,2254496.13325,1771462799999,4424649572.036102,10421,1377370.9265,2704359412.8312526,0
1771462800000,1953.92,1971.72,1949.62,1970.86,2254496.13325,1771466399999,4424649572.036102,10421,1377370.9265,2704359412.8312526,0
1771466400000,1953.92,1971.72,1949.62,1970.86,2254496.13325,1771469999999,4424649572.036102,10421,1377370.9265,2704359412.8312526,0
1771470000000,1953.92,1971.72,1949.62,1970.86,2254496.13325,1771473599999,4424649572.036102,10421,1377370.9265,2704359412.8312526,0
1771473600000,1970.88,1983.61,1963.02,1980.22,1795402.95625,1771477199999,3543247503.879385,9279,1011435.412,1997498635.78411,0
1771477200000,1970.88,1983.61,1963.02,1980.22,1795402.95625,1771480799999,3543247503.879385,9279,1011435.412,1997498635.78411,0
1771480800000,1970.88,1983.61,1963.02,1980.22,1795402.95625,1771484399999,3543247503.879385,9279,1011435.412,1997498635.78411,0
1771484400000,1970.88,1983.61,1963.02,1980.22,1795402.95625,1771487999999,3543247503.879385,9279,1011435.412,1997498635.78411,0
1771488000000,1980.14,1980.42,1947.36,1948.18,2345285.2135,1771491599999,4609843432.530325,10682,810058.95875,1593667763.303875,0
1771491600000,1980.14,1980.42,1947.36,1948.18,2345285.2135,1771495199999,4609843432.530325,10682,810058.95875,1593667763.303875,0
1771495200000,1980.14,1980.42,1947.36,1948.18,2345285.2135,1771498799999,4609843432.530325,10682,810058.95875,1593667763.303875,0
1771498800000,1980.14,1980.42,1947.36,1948.18,2345285.2135,1771502399999,4609843432.530325,10682,810058.95875,1593667763.303875,0
1771502400000,1948.19,1953.28,1912.81,1924.57,3915778.56525,1771505999999,7557962010.100878,13055,1963527.89425,3790927088.6565623,0
1771506000000,1948.19,1953.28,1912.81,1924.57,3915778.56525,1771509599999,7557962010.100878,13055,1963527.89425,3790927088.6565623,0
1771509600000,1948.19,1953.28,1912.81,1924.57,3915778.56525,1771513199999,7557962010.100878,13055,1963527.89425,3790927088.6565623,0
1771513200000,1948.19,1953.28,1912.81,1924.57,3915778.56525,1771516799999,7557962010.100878,13055,1963527.89425,3790927088.6565623,0
1771516800000,1924.56,1944.83,1908.19,1939.46,3777403.8905,1771520399999,7283157474.256125,12978,2009654.39175,3877006354.510945,0
1771520400000,1924.56,1944.83,1908.19,1939.46,3777403.8905,1771523999999,7283157474.256125,12978,2009654.39175,3877006354.510945,0
1771524000000,1924.56,1944.83,1908.19,1939.46,3777403.8905,1771527599999,7283157474.256125,12978,2009654.39175,3877006354.510945,0
1771527600000,1924.56,1944.83,1908.19,1939.46,3777403.8905,1771531199999,7283157474.256125,12978,2009654.39175,3877006354.510945,0
1771531200000,1939.46,1950.61,1934.15,1947.33,2115859.4095,1771534799999,4110511413.584995,9848,1089841.86175,2118012806.32581,0
1771534800000,1939.46,1950.61,1934.15,1947.33,2115859.4095,1771538399999,4110511413.584995,9848,1089841.86175,2118012806.32581,0
1771538400000,1939.46,1950.61,1934.15,1947.33,2115859.4095,1771541999999,4110511413.584995,9848,1089841.86175,2118012806.32581,0
1771542000000,1939.46,1950.61,1934.15,1947.33,2115859.4095,1771545599999,4110511413.584995,9848,1089841.86175,2118012806.32581,0
1771545600000,1947.24,1961.87,1945.86,1953.19,1756787.044,1771549199999,3431888744.5978675,8868,991168.47875,1936709621.2884026,0
1771549200000,1947.24,1961.87,1945.86,1953.19,1756787.044,1771552799999,3431888744.5978675,8868,991168.47875,1936709621.2884026,0
1771552800000,1947.24,1961.87,1945.86,1953.19,1756787.044,1771556399999,3431888744.5978675,8868,991168.47875,1936709621.2884026,0
1771556400000,1947.24,1961.87,1945.86,1953.19,1756787.044,1771559999999,3431888744.5978675,8868,991168.47875,1936709621.2884026,0
1771560000000,1953.19,1983.0,1931.25,1959.16,2045934.49575,1771563599999,3990680440.1495576,9581,1224057.0555,2389117702.874805,0
1771563600000,1953.19,1983.0,1931.25,1959.16,2045934.49575,1771567199999,3990680440.1495576,9581,1224057.0555,2389117702.874805,0
1771567200000,1953.19,1983.0,1931.25,1959.16,2045934.49575,1771570799999,3990680440.1495576,9581,1224057.0555,2389117702.874805,0
1771570800000,1953.19,1983.0,1931.25,1959.16,2045934.49575,1771574399999,3990680440.1495576,9581,1224057.0555,2389117702.874805,0
1771574400000,1959.16,1970.19,1940.46,1942.09,2222013.06075,1771577999999,4353708954.442548,10505,801534.26525,1573044632.5598226,0
1771578000000,1959.16,1970.19,1940.46,1942.09,2222013.06075,1771581599999,4353708954.442548,10505,801534.26525,1573044632.5598226,0
1771581600000,1959.16,1970.19,1940.46,1942.09,2222013.06075,1771585199999,4353708954.442548,10505,801534.26525,1573044632.5598226,0
1771585200000,1959.16,1970.19,1940.46,1942.09,2222013.06075,1771588799999,4353708954.442548,10505,801534.26525,1573044632.5598226,0
1771588800000,1942.15,1973.77,1922.82,1962.34,3525137.41025,1771592399999,6855138397.81844,12000,1894836.028,3687955076.11892,0
1771592400000,1942.15,1973.77,1922.82,1962.34,3525137.41025,1771595999999,6855138397.81844,12000,1894836.028,3687955076.11892,0
1771596000000,1942.15,1973.77,1922.82,1962.34,3525137.41025,1771599599999,6855138397.81844,12000,1894836.028,3687955076.11892,0
1771599600000,1942.15,1973.77,1922.82,1962.34,3525137.41025,1771603199999,6855138397.81844,12000,1894836.028,3687955076.11892,0
1771603200000,1962.34,1978.06,1938.32,1962.29,3879251.6395,1771606799999,7609163240.29899,13228,2178347.6675,4276019459.3319826,0
1771606800000,1962.34,1978.06,1938.32,1962.29,3879251.6395,1771610399999,7609163240.29899,13228,2178347.6675,4276019459.3319826,0
1771610400000,1962.34,1978.06,1938.32,1962.29,3879251.6395,1771613999999,7609163240.29899,13228,2178347.6675,4276019459.3319826,0
1771614000000,1962.34,1978.06,1938.32,1962.29,3879251.6395,1771617599999,7609163240.29899,13228,2178347.6675,4276019459.3319826,0
1771617600000,1962.29,1973.27,1961.66,1967.49,2036303.726,1771621199999,4006219855.7116075,10693,1167405.173,2297496803.0266523,0
1771621200000,1962.29,1973.27,1961.66,1967.49,2036303.726,1771624799999,4006219855.7116075,10693,1167405.173,2297496803.0266523,0
1771624800000,1962.29,1973.27,1961.66,1967.49,2036303.726,1771628399999,4006219855.7116075,10693,1167405.173,2297496803.0266523,0
1771628400000,1962.29,1973.27,1961.66,1967.49,2036303.726,1771631999999,4006219855.7116075,10693,1167405.173,2297496803.0266523,0
1771632000000,1967.64,1969.05,1955.44,1957.6,1351792.20425,1771635599999,2654847413.517225,8190,510463.6275,1002970885.61489,0
1771635600000,1967.64,1969.05,1955.44,1957.6,1351792.20425,1771639199999,2654847413.517225,8190,510463.6275,1002970885.61489,0
1771639200000,1967.64,1969.05,1955.44,1957.6,1351792.20425,1771642799999,2654847413.517225,8190,510463.6275,1002970885.61489,0
1771642800000,1967.64,1969.05,1955.44,1957.6,1351792.20425,1771646399999,2654847413.517225,8190,510463.6275,1002970885.61489,0
1771646400000,1957.6,1964.56,1955.21,1961.25,619790.51325,1771649999999,1215325819.4276824,5775,356603.35325,699362975.0476825,0
1771650000000,1957.6,1964.56,1955.21,1961.25,619790.51325,1771653599999,1215325819.4276824,5775,356603.35325,699362975.0476825,0
1771653600000,1957.6,1964.56,1955.21,1961.25,619790.51325,1771657199999,1215325819.4276824,5775,356603.35325,699362975.0476825,0
1771657200000,1957.6,1964.56,1955.21,1961.25,619790.51325,1771660799999,1215325819.4276824,5775,356603.35325,699362975.0476825,0
1771660800000,1961.26,1986.88,1959.94,1975.64,1343644.20225,1771664399999,2651015702.623865,8637,887839.31425,1751405166.634205,0
1771664400000,1961.26,1986.88,1959.94,1975.64,1343644.20225,1771667999999,2651015702.623865,8637,887839.31425,1751405166.634205,0
1771668000000,1961.26,1986.88,1959.94,1975.64,1343644.20225,1771671599999,2651015702.623865,8637,887839.31425,1751405166.634205,0
1771671600000,1961.26,1986.88,1959.94,1975.64,1343644.20225,1771675199999,2651015702.623865,8637,887839.31425,1751405166.634205,0
1771675200000,1975.64,1992.09,1969.11,1987.62,1368521.0645,1771678799999,2711128371.4278326,7961,809612.025,1604045098.13185,0
1771678800000,1975.64,1992.09,1969.11,1987.62,1368521.0645,1771682399999,2711128371.4278326,7961,809612.025,1604045098.13185,0
1771682400000,1975.64,1992.09,1969.11,1987.62,1368521.0645,1771685999999,2711128371.4278326,7961,809612.025,1604045098.13185,0
1771686000000,1975.64,1992.09,1969.11,1987.62,1368521.0645,1771689599999,2711128371.4278326,7961,809612.025,1604045098.13185,0
1771689600000,1987.62,1993.8,1700.0,1986.94,1334558.594,1771693199999,2650635363.6189127,7410,566533.31775,1125917293.5086524,0
1771693200000,1987.62,1993.8,1700.0,1986.94,1334558.594,1771696799999,2650635363.6189127,7410,566533.31775,1125917293.5086524,0
1771696800000,1987.62,1993.8,1700.0,1986.94,1334558.594,1771700399999,2650635363.6189127,7410,566533.31775,1125917293.5086524,0
1771700400000,1987.62,1993.8,1700.0,1986.94,1334558.594,1771703999999,2650635363.6189127,7410,566533.31775,1125917293.5086524,0
1771704000000,1986.94,1988.88,1970.58,1972.33,1367701.165,1771707599999,2703888722.60281,8377,544422.844,1076385228.12535,0
1771707600000,1986.94,1988.88,1970.58,1972.33,1367701.165,1771711199999,2703888722.60281,8377,544422.844,1076385228.12535,0
1771711200000,1986.94,1988.88,1970.58,1972.33,1367701.165,1771714799999,2703888722.60281,8377,544422.844,1076385228.12535,0
1771714800000,1986.94,1988.88,1970.58,1972.33,1367701.165,1771718399999,2703888722.60281,8377,544422.844,1076385228.12535,0
1771718400000,1972.08,1980.24,1966.45,1972.87,1335660.22375,1771721999999,2635359738.96745,7740,635656.46525,1254882422.679345,0
1771722000000,1972.08,1980.24,1966.45,1972.87,1335660.22375,1771725599999,2635359738.96745,7740,635656.46525,1254882422.679345,0
1771725600000,1972.08,1980.24,1966.45,1972.87,1335660.22375,1771729199999,2635359738.96745,7740,635656.46525,1254882422.679345,0
1771729200000,1972.08,1980.24,1966.45,1972.87,1335660.22375,1771732799999,2635359738.96745,7740,635656.46525,1254882422.679345,0
1771732800000,1972.81,1977.89,1969.83,1974.61,774801.8765,1771736399999,1529083174.3517125,6802,470623.3395,929083592.37286,0
1771736400000,1972.81,1977.89,1969.83,1974.61,774801.8765,1771739999999,1529083174.3517125,6802,470623.3395,929083592.37286,0
1771740000000,1972.81,1977.89,1969.83,1974.61,774801.8765,1771743599999,1529083174.3517125,6802,470623.3395,929083592.37286,0
1771743600000,1972.81,1977.89,1969.83,1974.61,774801.8765,1771747199999,1529083174.3517125,6802,470623.3395,929083592.37286,0
1771747200000,1974.62,1981.26,1969.74,1979.33,758126.0875,1771750799999,1497659517.2017674,6527,496459.70875,981144972.5630475,0
1771750800000,1974.62,1981.26,1969.74,1979.33,758126.0875,1771754399999,1497659517.2017674,6527,496459.70875,981144972.5630475,0
1771754400000,1974.62,1981.26,1969.74,1979.33,758126.0875,1771757999999,1497659517.2017674,6527,496459.70875,981144972.5630475,0
1771758000000,1974.62,1981.26,1969.74,1979.33,758126.0875,1771761599999,1497659517.2017674,6527,496459.70875,981144972.5630475,0
1771761600000,1979.33,1980.06,1685.19,1952.63,4771567.903,1771765199999,9317160916.856905,17258,2123981.62275,4145182109.3040476,0
1771765200000,1979.33,1980.06,1685.19,1952.63,4771567.903,1771768799999,9317160916.856905,17258,2123981.62275,4145182109.3040476,0
1771768800000,1979.33,1980.06,1685.19,1952.63,4771567.903,1771772399999,9317160916.856905,17258,2123981.62275,4145182109.3040476,0
1771772400000,1979.33,1980.06,1685.19,1952.63,4771567.903,1771775999999,9317160916.856905,17258,2123981.62275,4145182109.3040476,0
1771776000000,1952.61,1954.47,1934.12,1942.11,4016280.057,1771779599999,7808688479.48327,17778,2026999.999,3940986440.7913876,0
1771779600000,1952.61,1954.47,1934.12,1942.11,4016280.057,1771783199999,7808688479.48327,17778,2026999.999,3940986440.7913876,0
1771783200000,1952.61,1954.47,1934.12,1942.11,4016280.057,1771786799999,7808688479.48327,17778,2026999.999,3940986440.7913876,0
1771786800000,1952.61,1954.47,1934.12,1942.11,4016280.057,1771790399999,7808688479.48327,17778,2026999.999,3940986440.7913876,0
1771790400000,1942.11,1958.94,1939.23,1956.21,1724345.837,1771793999999,3362202307.749275,8999,954600.2775,1862376025.48385,0
1771794000000,1942.11,1958.94,1939.23,1956.21,1724345.837,1771797599999,3362202307.749275,8999,954600.2775,1862376025.48385,0
1771797600000,1942.11,1958.94,1939.23,1956.21,1724345.837,1771801199999,3362202307.749275,8999,954600.2775,1862376025.48385,0
1771801200000,1942.11,1958.94,1939.23,1956.21,1724345.837,1771804799999,3362202307.749275,8999,954600.2775,1862376025.48385,0
1771804800000,1956.21,1956.38,1852.2,1861.25,2773004.489,1771808399999,5246818211.32401,9493,802493.462,1509357669.7318,0
1771808400000,1956.21,1956.38,1852.2,1861.25,2773004.489,1771811999999,5246818211.32401,9493,802493.462,1509357669.7318,0
1771812000000,1956.21,1956.38,1852.2,1861.25,2773004.489,1771815599999,5246818211.32401,9493,802493.462,1509357669.7318,0
1771815600000,1956.21,1956.38,1852.2,1861.25,2773004.489,1771819199999,5246818211.32401,9493,802493.462,1509357669.7318,0
1771819200000,1861.25,1886.36,1853.28,1883.81,2316366.558,1771822799999,4330516313.00218,10303,1428163.39425,2672271799.9643173,0
1771822800000,1861.25,1886.36,1853.28,1883.81,2316366.558,1771826399999,4330516313.00218,10303,1428163.39425,2672271799.9643173,0
1771826400000,1861.25,1886.36,1853.28,1883.81,2316366.558,1771829999999,4330516313.00218,10303,1428163.39425,2672271799.9643173,0
1771830000000,1861.25,1886.36,1853.28,1883.81,2316366.558,1771833599999,4330516313.00218,10303,1428163.39425,2672271799.9643173,0
1771833600000,1883.37,1925.0,1876.13,1914.36,2183192.093,1771837199999,4149290304.94498,9088,1301299.15675,2473673065.6141276,0
1771837200000,1883.37,1925.0,1876.13,1914.36,2183192.093,1771840799999,4149290304.94498,9088,1301299.15675,2473673065.6141276,0
1771840800000,1883.37,1925.0,1876.13,1914.36,2183192.093,1771844399999,4149290304.94498,9088,1301299.15675,2473673065.6141276,0
1771844400000,1883.37,1925.0,1876.13,1914.36,2183192.093,1771847999999,4149290304.94498,9088,1301299.15675,2473673065.6141276,0
1771848000000,1914.36,1931.37,1893.5,1894.91,2811094.20375,1771851599999,5372094922.227548,10536,1117619.732,2138737971.7452774,0
1771851600000,1914.36,1931.37,1893.5,1894.91,2811094.20375,1771855199999,5372094922.227548,10536,1117619.732,2138737971.7452774,0
1771855200000,1914.36,1931.37,1893.5,1894.91,2811094.20375,1771858799999,5372094922.227548,10536,1117619.732,2138737971.7452774,0
1771858800000,1914.36,1931.37,1893.5,1894.91,2811094.20375,1771862399999,5372094922.227548,10536,1117619.732,2138737971.7452774,0
1771862400000,1894.9,1898.05,1842.98,1856.03,4286659.47925,1771865999999,8001240461.165407,13898,1544119.05875,2882065631.578055,0
1771866000000,1894.9,1898.05,1842.98,1856.03,4286659.47925,1771869599999,8001240461.165407,13898,1544119.05875,2882065631.578055,0
1771869600000,1894.9,1898.05,1842.98,1856.03,4286659.47925,1771873199999,8001240461.165407,13898,1544119.05875,2882065631.578055,0
1771873200000,1894.9,1898.05,1842.98,1856.03,4286659.47925,1771876799999,8001240461.165407,13898,1544119.05875,2882065631.578055,0
1771876800000,1856.03,2145.0,1846.39,1854.91,2875008.4215,1771880399999,5345321535.488045,11602,1513210.353,2815999721.6332574,0
1771880400000,1856.03,2145.0,1846.39,1854.91,2875008.4215,1771883999999,5345321535.488045,11602,1513210.353,2815999721.6332574,0
1771884000000,1856.03,2145.0,1846.39,1854.91,2875008.4215,1771887599999,5345321535.488045,11602,1513210.353,2815999721.6332574,0
1771887600000,1856.03,2145.0,1846.39,1854.91,2875008.4215,1771891199999,5345321535.488045,11602,1513210.353,2815999721.6332574,0
1771891200000,1854.91,1867.6,1730.0,1830.33,3133565.89325,1771894799999,5787592043.444665,9893,1623560.2955,3002793642.03364,0
1771894800000,1854.91,1867.6,1730.0,1830.33,3133565.89325,1771898399999,5787592043.444665,9893,1623560.2955,3002793642.03364,0
1771898400000,1854.91,1867.6,1730.0,1830.33,3133565.89325,1771901999999,5787592043.444665,9893,1623560.2955,3002793642.03364,0
1771902000000,1854.91,1867.6,1730.0,1830.33,3133565.89325,1771905599999,5787592043.444665,9893,1623560.2955,3002793642.03364,0
1771905600000,1830.34,1838.0,1814.58,1823.77,3606679.974,1771909199999,6580495712.140738,11876,1831413.66925,3343919982.4094124,0
1771909200000,1830.34,1838.0,1814.58,1823.77,3606679.974,1771912799999,6580495712.140738,11876,1831413.66925,3343919982.4094124,0
1771912800000,1830.34,1838.0,1814.58,1823.77,3606679.974,1771916399999,6580495712.140738,11876,1831413.66925,3343919982.4094124,0
1771916400000,1830.34,1838.0,1814.58,1823.77,3606679.974,1771919999999,6580495712.140738,11876,1831413.66925,3343919982.4094124,0
1771920000000,1823.8,1834.19,1814.43,1823.75,2423354.53475,1771923599999,4420109183.902613,10034,1185668.84075,2163871269.817945,0
1771923600000,1823.8,1834.19,1814.43,1823.75,2423354.53475,1771927199999,4420109183.902613,10034,1185668.84075,2163871269.817945,0
1771927200000,1823.8,1834.19,1814.43,1823.75,2423354.53475,1771930799999,4420109183.902613,10034,1185668.84075,2163871269.817945,0
1771930800000,1823.8,1834.19,1814.43,1823.75,2423354.53475,1771934399999,4420109183.902613,10034,1185668.84075,2163871269.817945,0
1771934400000,1823.75,1848.15,1805.18,1846.39,3445153.7055,1771937999999,6292420091.927182,11669,1987100.065,3636552495.59501,0
1771938000000,1823.75,1848.15,1805.18,1846.39,3445153.7055,1771941599999,6292420091.927182,11669,1987100.065,3636552495.59501,0
1771941600000,1823.75,1848.15,1805.18,1846.39,3445153.7055,1771945199999,6292420091.927182,11669,1987100.065,3636552495.59501,0
1771945200000,1823.75,1848.15,1805.18,1846.39,3445153.7055,1771948799999,6292420091.927182,11669,1987100.065,3636552495.59501,0
1771948800000,1846.38,1863.06,1838.22,1851.54,3727534.1445,1771952399999,6905710314.302008,12734,1771709.25025,3284336068.5116773,0
1771952400000,1846.38,1863.06,1838.22,1851.54,3727534.1445,1771955999999,6905710314.302008,12734,1771709.25025,3284336068.5116773,0
1771956000000,1846.38,1863.06,1838.22,1851.54,3727534.1445,1771959599999,6905710314.302008,12734,1771709.25025,3284336068.5116773,0
1771959600000,1846.38,1863.06,1838.22,1851.54,3727534.1445,1771963199999,6905710314.302008,12734,1771709.25025,3284336068.5116773,0
1771963200000,1851.56,1861.41,1841.99,1851.02,2221276.365,1771966799999,4118488811.5786076,9718,1184678.08325,2197732307.78502,0
1771966800000,1851.56,1861.41,1841.99,1851.02,2221276.365,1771970399999,4118488811.5786076,9718,1184678.08325,2197732307.78502,0
1771970400000,1851.56,1861.41,1841.99,1851.02,2221276.365,1771973999999,4118488811.5786076,9718,1184678.08325,2197732307.78502,0
1771974000000,1851.56,1861.41,1841.99,1851.02,2221276.365,1771977599999,4118488811.5786076,9718,1184678.08325,2197732307.78502,0
1771977600000,1851.02,1973.41,1846.08,1905.12,3196423.18875,1771981199999,6066892821.892925,11438,1668972.03775,3167206316.224105,0
1771981200000,1851.02,1973.41,1846.08,1905.12,3196423.18875,1771984799999,6066892821.892925,11438,1668972.03775,3167206316.224105,0
1771984800000,1851.02,1973.41,1846.08,1905.12,3196423.18875,1771988399999,6066892821.892925,11438,1668972.03775,3167206316.224105,0
1771988400000,1851.02,1973.41,1846.08,1905.12,3196423.18875,1771991999999,6066892821.892925,11438,1668972.03775,3167206316.224105,0
1771992000000,1905.13,1913.04,1879.3,1892.45,4925524.256,1771995599999,9323513329.108568,18155,2283142.25575,4321152143.116717,0
1771995600000,1905.13,1913.04,1879.3,1892.45,4925524.256,1771999199999,9323513329.108568,18155,2283142.25575,4321152143.116717,0
1771999200000,1905.13,1913.04,1879.3,1892.45,4925524.256,1772002799999,9323513329.108568,18155,2283142.25575,4321152143.116717,0
1772002800000,1905.13,1913.04,1879.3,1892.45,4925524.256,1772006399999,9323513329.108568,18155,2283142.25575,4321152143.116717,0
1772006400000,1892.45,1926.14,1889.2,1925.12,3574206.616,1772009999999,6826452681.77361,21752,2367592.4085,4522231750.574597,0
1772010000000,1892.45,1926.14,1889.2,1925.12,3574206.616,1772013599999,6826452681.77361,21752,2367592.4085,4522231750.574597,0
1772013600000,1892.45,1926.14,1889.2,1925.12,3574206.616,1772017199999,6826452681.77361,21752,2367592.4085,4522231750.574597,0
1772017200000,1892.45,1926.14,1889.2,1925.12,3574206.616,1772020799999,6826452681.77361,21752,2367592.4085,4522231750.574597,0
1772020800000,1924.79,2025.19,1921.72,2012.79,6455559.75875,1772024399999,12742751591.09475,26343,4359734.67325,8602585221.303394,0
1772024400000,1924.79,2025.19,1921.72,2012.79,6455559.75875,1772027999999,12742751591.09475,26343,4359734.67325,8602585221.303394,0
1772028000000,1924.79,2025.19,1921.72,2012.79,6455559.75875,1772031599999,12742751591.09475,26343,4359734.67325,8602585221.303394,0
1772031600000,1924.79,2025.19,1921.72,2012.79,6455559.75875,1772035199999,12742751591.09475,26343,4359734.67325,8602585221.303394,0
1772035200000,2012.47,2080.96,2012.47,2070.39,6069610.764,1772038799999,12495516614.158703,25863,3644209.17275,7493600745.06332,0
1772038800000,2012.47,2080.96,2012.47,2070.39,6069610.764,1772042399999,12495516614.158703,25863,3644209.17275,7493600745.06332,0
1772042400000,2012.47,2080.96,2012.47,2070.39,6069610.764,1772045999999,12495516614.158703,25863,3644209.17275,7493600745.06332,0
1772046000000,2012.47,2080.96,2012.47,2070.39,6069610.764,1772049599999,12495516614.158703,25863,3644209.17275,7493600745.06332,0
1772049600000,2070.57,2143.99,2037.07,2055.96,6685503.4945,1772053199999,13909678169.18252,28414,3039591.67625,6324402050.037115,0
1772053200000,2070.57,2143.99,2037.07,2055.96,6685503.4945,1772056799999,13909678169.18252,28414,3039591.67625,6324402050.037115,0
1772056800000,2070.57,2143.99,2037.07,2055.96,6685503.4945,1772060399999,13909678169.18252,28414,3039591.67625,6324402050.037115,0
1772060400000,2070.57,2143.99,2037.07,2055.96,6685503.4945,1772063999999,13909678169.18252,28414,3039591.67625,6324402050.037115,0
1772064000000,2055.49,2074.56,2038.9,2053.67,5041984.35225,1772067599999,10364290009.203922,25128,2651964.35525,5454884622.858502,0
1772067600000,2055.49,2074.56,2038.9,2053.67,5041984.35225,1772071199999,10364290009.203922,25128,2651964.35525,5454884622.858502,0
1772071200000,2055.49,2074.56,2038.9,2053.67,5041984.35225,1772074799999,10364290009.203922,25128,2651964.35525,5454884622.858502,0
1772074800000,2055.49,2074.56,2038.9,2053.67,5041984.35225,1772078399999,10364290009.203922,25128,2651964.35525,5454884622.858502,0
1772078400000,2053.67,2081.55,2051.48,2053.24,4374794.3125,1772081999999,9033187358.603443,24735,2084501.23125,4306395227.441102,0
1772082000000,2053.67,2081.55,2051.48,2053.24,4374794.3125,1772085599999,9033187358.603443,24735,2084501.23125,4306395227.441102,0
1772085600000,2053.67,2081.55,2051.48,2053.24,4374794.3125,1772089199999,9033187358.603443,24735,2084501.23125,4306395227.441102,0
1772089200000,2053.67,2081.55,2051.48,2053.24,4374794.3125,1772092799999,9033187358.603443,24735,2084501.23125,4306395227.441102,0
1772092800000,2053.66,2081.95,2045.21,2056.64,3359225.68775,1772096399999,6928588086.246673,20487,1646843.03375,3398096611.971025,0
1772096400000,2053.66,2081.95,2045.21,2056.64,3359225.68775,1772099999999,6928588086.246673,20487,1646843.03375,3398096611.971025,0
1772100000000,2053.66,2081.95,2045.21,2056.64,3359225.68775,1772103599999,6928588086.246673,20487,1646843.03375,3398096611.971025,0
1772103600000,2053.66,2081.95,2045.21,2056.64,3359225.68775,1772107199999,6928588086.246673,20487,1646843.03375,3398096611.971025,0
1772107200000,2056.6,2073.87,2012.92,2032.41,6068007.64675,1772110799999,12434580324.042315,26453,3006913.54425,6167103799.405692,0
1772110800000,2056.6,2073.87,2012.92,2032.41,6068007.64675,1772114399999,12434580324.042315,26453,3006913.54425,6167103799.405692,0
1772114400000,2056.6,2073.87,2012.92,2032.41,6068007.64675,1772117999999,12434580324.042315,26453,3006913.54425,6167103799.405692,0
1772118000000,2056.6,2073.87,2012.92,2032.41,6068007.64675,1772121599999,12434580324.042315,26453,3006913.54425,6167103799.405692,0
1772121600000,2032.41,2036.51,1976.75,2029.11,5593180.3855,1772125199999,11218880156.998468,23045,2929980.55675,5881060790.251818,0
1772125200000,2032.41,2036.51,1976.75,2029.11,5593180.3855,1772128799999,11218880156.998468,23045,2929980.55675,5881060790.251818,0
1772128800000,2032.41,2036.51,1976.75,2029.11,5593180.3855,1772132399999,11218880156.998468,23045,2929980.55675,5881060790.251818,0
1772132400000,2032.41,2036.51,1976.75,2029.11,5593180.3855,1772135999999,11218880156.998468,23045,2929980.55675,5881060790.251818,0
1772136000000,2029.21,2040.37,2018.14,2026.02,2822408.36525,1772139599999,5726283066.408805,16400,1374257.12875,2789439304.5065427,0
1772139600000,2029.21,2040.37,2018.14,2026.02,2822408.36525,1772143199999,5726283066.408805,16400,1374257.12875,2789439304.5065427,0
1772143200000,2029.21,2040.37,2018.14,2026.02,2822408.36525,1772146799999,5726283066.408805,16400,1374257.12875,2789439304.5065427,0
1772146800000,2029.21,2040.37,2018.14,2026.02,2822408.36525,1772150399999,5726283066.408805,16400,1374257.12875,2789439304.5065427,0
1772150400000,2026.02,2047.18,2000.99,2044.37,5018258.216,1772153999999,10137983435.227137,25849,2753989.0905,5567992957.968015,0
1772154000000,2026.02,2047.18,2000.99,2044.37,5018258.216,1772157599999,10137983435.227137,25849,2753989.0905,5567992957.968015,0
1772157600000,2026.02,2047.18,2000.99,2044.37,5018258.216,1772161199999,10137983435.227137,25849,2753989.0905,5567992957.968015,0
1772161200000,2026.02,2047.18,2000.99,2044.37,5018258.216,1772164799999,10137983435.227137,25849,2753989.0905,5567992957.968015,0
1772164800000,2044.37,2061.63,2022.21,2031.54,3686077.1375,1772168399999,7520843023.564745,23012,1734800.948,3541913717.538725,0
1772168400000,2044.37,2061.63,2022.21,2031.54,3686077.1375,1772171999999,7520843023.564745,23012,1734800.948,3541913717.538725,0
1772172000000,2044.37,2061.63,2022.21,2031.54,3686077.1375,1772175599999,7520843023.564745,23012,1734800.948,3541913717.538725,0
1772175600000,2044.37,2061.63,2022.21,2031.54,3686077.1375,1772179199999,7520843023.564745,23012,1734800.948,3541913717.538725,0
1772179200000,2031.51,2043.82,1954.53,1961.5,5917220.745,1772182799999,11853239451.389187,26542,2229581.25575,4476646728.89786,0
1772182800000,2031.51,2043.82,1954.53,1961.5,5917220.745,1772186399999,11853239451.389187,26542,2229581.25575,4476646728.89786,0
1772186400000,2031.51,2043.82,1954.53,1961.5,5917220.745,1772189999999,11853239451.389187,26542,2229581.25575,4476646728.89786,0
1772190000000,2031.51,2043.82,1954.53,1961.5,5917220.745,1772193599999,11853239451.389187,26542,2229581.25575,4476646728.89786,0
1772193600000,1961.49,1967.18,1938.91,1946.75,6353396.161,1772197199999,12412135281.852076,27115,3133108.91425,6124452051.685775,0
1772197200000,1961.49,1967.18,1938.91,1946.75,6353396.161,1772200799999,12412135281.852076,27115,3133108.91425,6124452051.685775,0
1772200800000,1961.49,1967.18,1938.91,1946.75,6353396.161,1772204399999,12412135281.852076,27115,3133108.91425,6124452051.685775,0
1772204400000,1961.49,1967.18,1938.91,1946.75,6353396.161,1772207999999,12412135281.852076,27115,3133108.91425,6124452051.685775,0
1772208000000,1946.74,1947.16,1907.63,1919.97,5729371.2765,1772211599999,11024114348.812475,24804,2654370.01325,5107375795.40873,0
1772211600000,1946.74,1947.16,1907.63,1919.97,5729371.2765,1772215199999,11024114348.812475,24804,2654370.01325,5107375795.40873,0
1772215200000,1946.74,1947.16,1907.63,1919.97,5729371.2765,1772218799999,11024114348.812475,24804,2654370.01325,5107375795.40873,0
1772218800000,1946.74,1947.16,1907.63,1919.97,5729371.2765,1772222399999,11024114348.812475,24804,2654370.01325,5107375795.40873,0
1772222400000,1920.01,1931.74,1890.45,1928.43,3411671.0395,1772225999999,6553442277.006715,18091,1849493.055,3552962996.1545525,0
1772226000000,1920.01,1931.74,1890.45,1928.43,3411671.0395,1772229599999,6553442277.006715,18091,1849493.055,3552962996.1545525,0
1772229600000,1920.01,1931.74,1890.45,1928.43,3411671.0395,1772233199999,6553442277.006715,18091,1849493.055,3552962996.1545525,0
1772233200000,1920.01,1931.74,1890.45,1928.43,3411671.0395,1772236799999,6553442277.006715,18091,1849493.055,3552962996.1545525,0
1772236800000,1928.46,1935.13,1919.99,1923.41,2737586.959,1772240399999,5277469893.909463,18298,1396492.5525,2693479879.195195,0
1772240400000,1928.46,1935.13,1919.99,1923.41,2737586.959,1772243999999,5277469893.909463,18298,1396492.5525,2693479879.195195,0
1772244000000,1928.46,1935.13,1919.99,1923.41,2737586.959,1772247599999,5277469893.909463,18298,1396492.5525,2693479879.195195,0
1772247600000,1928.46,1935.13,1919.99,1923.41,2737586.959,1772251199999,5277469893.909463,18298,1396492.5525,2693479879.195195,0
1772251200000,1923.41,1928.0,1820.0,1865.68,5910954.02125,1772254799999,11113956909.691034,22266,2475154.9955,4649413105.422623,0
1772254800000,1923.41,1928.0,1820.0,1865.68,5910954.02125,1772258399999,11113956909.691034,22266,2475154.9955,4649413105.422623,0
1772258400000,1923.41,1928.0,1820.0,1865.68,5910954.02125,1772261999999,11113956909.691034,22266,2475154.9955,4649413105.422623,0
1772262000000,1923.41,1928.0,1820.0,1865.68,5910954.02125,1772265599999,11113956909.691034,22266,2475154.9955,4649413105.422623,0
1772265600000,1864.9,2053.4,1844.94,1862.24,4993491.24325,1772269199999,9285683297.008545,21206,2462391.665,4579790149.608763,0
1772269200000,1864.9,2053.4,1844.94,1862.24,4993491.24325,1772272799999,9285683297.008545,21206,2462391.665,4579790149.608763,0
1772272800000,1864.9,2053.4,1844.94,1862.24,4993491.24325,1772276399999,9285683297.008545,21206,2462391.665,4579790149.608763,0
1772276400000,1864.9,2053.4,1844.94,1862.24,4993491.24325,1772279999999,9285683297.008545,21206,2462391.665,4579790149.608763,0
1772280000000,1862.24,1985.0,1862.24,1898.0,5496551.16125,1772283599999,10365926023.384058,23320,3231706.33375,6094545955.786927,0
1772283600000,1862.24,1985.0,1862.24,1898.0,5496551.16125,1772287199999,10365926023.384058,23320,3231706.33375,6094545955.786927,0
1772287200000,1862.24,1985.0,1862.24,1898.0,5496551.16125,1772290799999,10365926023.384058,23320,3231706.33375,6094545955.786927,0
1772290800000,1862.24,1985.0,1862.24,1898.0,5496551.16125,1772294399999,10365926023.384058,23320,3231706.33375,6094545955.786927,0
1772294400000,1897.98,1951.73,1866.0,1945.3,5075593.8435,1772297999999,9723209787.477268,22866,2927361.36475,5614240107.126135,0
1772298000000,1897.98,1951.73,1866.0,1945.3,5075593.8435,1772301599999,9723209787.477268,22866,2927361.36475,5614240107.126135,0
1772301600000,1897.98,1951.73,1866.0,1945.3,5075593.8435,1772305199999,9723209787.477268,22866,2927361.36475,5614240107.126135,0
1772305200000,1897.98,1951.73,1866.0,1945.3,5075593.8435,1772308799999,9723209787.477268,22866,2927361.36475,5614240107.126135,0
1772308800000,1945.22,1985.0,1938.35,1963.52,5429996.7945,1772312399999,10643757917.064013,22857,3135285.184,6148565756.168427,0
1772312400000,1945.22,1985.0,1938.35,1963.52,5429996.7945,1772315999999,10643757917.064013,22857,3135285.184,6148565756.168427,0
1772316000000,1945.22,1985.0,1938.35,1963.52,5429996.7945,1772319599999,10643757917.064013,22857,3135285.184,6148565756.168427,0
1772319600000,1945.22,1985.0,1938.35,1963.52,5429996.7945,1772323199999,10643757917.064013,22857,3135285.184,6148565756.168427,0
1772323200000,1963.52,2183.03,1944.27,2022.0,6883201.8455,1772326799999,13785898964.33293,26296,4123727.43225,8263763537.735892,0
1772326800000,1963.52,2183.03,1944.27,2022.0,6883201.8455,1772330399999,13785898964.33293,26296,4123727.43225,8263763537.735892,0
1772330400000,1963.52,2183.03,1944.27,2022.0,6883201.8455,1772333999999,13785898964.33293,26296,4123727.43225,8263763537.735892,0
1772334000000,1963.52,2183.03,1944.27,2022.0,6883201.8455,1772337599999,13785898964.33293,26296,4123727.43225,8263763537.735892,0
1772337600000,2021.97,2028.68,1860.47,2006.08,3388539.13375,1772341199999,6799878190.193663,18990,1468335.60875,2947666680.378625,0
1772341200000,2021.97,2028.68,1860.47,2006.08,3388539.13375,1772344799999,6799878190.193663,18990,1468335.60875,2947666680.378625,0
1772344800000,2021.97,2028.68,1860.47,2006.08,3388539.13375,1772348399999,6799878190.193663,18990,1468335.60875,2947666680.378625,0
1772348400000,2021.97,2028.68,1860.47,2006.08,3388539.13375,1772351999999,6799878190.193663,18990,1468335.60875,2947666680.378625,0
1772352000000,2006.03,2008.59,1817.0,1982.91,3885057.97725,1772355599999,7719247036.373987,20969,1692933.348,3363785179.672415,0
1772355600000,2006.03,2008.59,1817.0,1982.91,3885057.97725,1772359199999,7719247036.373987,20969,1692933.348,3363785179.672415,0
1772359200000,2006.03,2008.59,1817.0,1982.91,3885057.97725,1772362799999,7719247036.373987,20969,1692933.348,3363785179.672415,0
1772362800000,2006.03,2008.59,1817.0,1982.91,3885057.97725,1772366399999,7719247036.373987,20969,1692933.348,3363785179.672415,0
1772366400000,1982.91,2025.06,1969.2,1991.83,4787019.01775,1772369999999,9561570341.743172,21954,2460762.1955,4918569739.048568,0
1772370000000,1982.91,2025.06,1969.2,1991.83,4787019.01775,1772373599999,9561570341.743172,21954,2460762.1955,4918569739.048568,0
1772373600000,1982.91,2025.06,1969.2,1991.83,4787019.01775,1772377199999,9561570341.743172,21954,2460762.1955,4918569739.048568,0
1772377200000,1982.91,2025.06,1969.2,1991.83,4787019.01775,1772380799999,9561570341.743172,21954,2460762.1955,4918569739.048568,0
1772380800000,1991.84,2020.0,1948.52,1953.05,5138740.13325,1772384399999,10154885205.004995,23710,2200075.583,4352797883.390437,0
1772384400000,1991.84,2020.0,1948.52,1953.05,5138740.13325,1772387999999,10154885205.004995,23710,2200075.583,4352797883.390437,0
1772388000000,1991.84,2020.0,1948.52,1953.05,5138740.13325,1772391599999,10154885205.004995,23710,2200075.583,4352797883.390437,0
1772391600000,1991.84,2020.0,1948.52,1953.05,5138740.13325,1772395199999,10154885205.004995,23710,2200075.583,4352797883.390437,0
1772395200000,1953.05,2000.0,1907.07,1938.3,6584533.7915,1772398799999,12701113143.8942,25435,3093647.2115,5967453971.094558,0
1772398800000,1953.05,2000.0,1907.07,1938.3,6584533.7915,1772402399999,12701113143.8942,25435,3093647.2115,5967453971.094558,0
1772402400000,1953.05,2000.0,1907.07,1938.3,6584533.7915,1772405999999,12701113143.8942,25435,3093647.2115,5967453971.094558,0
1772406000000,1953.05,2000.0,1907.07,1938.3,6584533.7915,1772409599999,12701113143.8942,25435,3093647.2115,5967453971.094558,0
1772409600000,1938.29,1986.05,1936.63,1971.14,6255424.01325,1772413199999,12255277145.413778,25775,3824876.8315,7493712740.355725,0
1772413200000,1938.29,1986.05,1936.63,1971.14,6255424.01325,1772416799999,12255277145.413778,25775,3824876.8315,7493712740.355725,0
1772416800000,1938.29,1986.05,1936.63,1971.14,6255424.01325,1772420399999,12255277145.413778,25775,3824876.8315,7493712740.355725,0
1772420400000,1938.29,1986.05,1936.63,1971.14,6255424.01325,1772423999999,12255277145.413778,25775,3824876.8315,7493712740.355725,0
1772424000000,1971.19,1981.48,1925.4,1940.27,4348224.51175,1772427599999,8500340356.449675,21136,2019911.90475,3952061404.906095,0
1772427600000,1971.19,1981.48,1925.4,1940.27,4348224.51175,1772431199999,8500340356.449675,21136,2019911.90475,3952061404.906095,0
1772431200000,1971.19,1981.48,1925.4,1940.27,4348224.51175,1772434799999,8500340356.449675,21136,2019911.90475,3952061404.906095,0
1772434800000,1971.19,1981.48,1925.4,1940.27,4348224.51175,1772438399999,8500340356.449675,21136,2019911.90475,3952061404.906095,0
1772438400000,1940.27,1963.37,1923.77,1946.5,3980675.073,1772441999999,7732586416.089518,15751,2064250.26225,4010728244.6368575,0
1772442000000,1940.27,1963.37,1923.77,1946.5,3980675.073,1772445599999,7732586416.089518,15751,2064250.26225,4010728244.6368575,0
1772445600000,1940.27,1963.37,1923.77,1946.5,3980675.073,1772449199999,7732586416.089518,15751,2064250.26225,4010728244.6368575,0
1772449200000,1940.27,1963.37,1923.77,1946.5,3980675.073,1772452799999,7732586416.089518,15751,2064250.26225,4010728244.6368575,0
1772452800000,1946.51,2130.0,1921.6,2046.4,4023331.77175,1772456399999,7929899175.5079,11961,2517906.46225,4987221747.447352,0
1772456400000,1946.51,2130.0,1921.6,2046.4,4023331.77175,1772459999999,7929899175.5079,11961,2517906.46225,4987221747.447352,0
1772460000000,1946.51,2130.0,1921.6,2046.4,4023331.77175,1772463599999,7929899175.5079,11961,2517906.46225,4987221747.447352,0
1772463600000,1946.51,2130.0,1921.6,2046.4,4023331.77175,1772467199999,7929899175.5079,11961,2517906.46225,4987221747.447352,0
1772467200000,2046.2,2079.75,2016.0,2041.95,3672020.19625,1772470799999,7509252982.41101,12299,1912995.90075,3914272635.4214225,0
1772470800000,2046.2,2079.75,2016.0,2041.95,3672020.19625,1772474399999,7509252982.41101,12299,1912995.90075,3914272635.4214225,0
1772474400000,2046.2,2079.75,2016.0,2041.95,3672020.19625,1772477999999,7509252982.41101,12299,1912995.90075,3914272635.4214225,0
1772478000000,2046.2,2079.75,2016.0,2041.95,3672020.19625,1772481599999,7509252982.41101,12299,1912995.90075,3914272635.4214225,0
1772481600000,2041.84,2055.62,2024.51,2025.79,2869911.0205,1772485199999,5857994604.550793,11099,1502128.8015,3069370840.84089,0
1772485200000,2041.84,2055.62,2024.51,2025.79,2869911.0205,1772488799999,5857994604.550793,11099,1502128.8015,3069370840.84089,0
1772488800000,2041.84,2055.62,2024.51,2025.79,2869911.0205,1772492399999,5857994604.550793,11099,1502128.8015,3069370840.84089,0
1772492400000,2041.84,2055.62,2024.51,2025.79,2869911.0205,1772495999999,5857994604.550793,11099,1502128.8015,3069370840.84089,0
1772496000000,2025.79,2039.53,2000.04,2007.51,3125869.78475,1772499599999,6314997189.067425,10991,1362339.76375,2755327658.449965,0
1772499600000,2025.79,2039.53,2000.04,2007.51,3125869.78475,1772503199999,6314997189.067425,10991,1362339.76375,2755327658.449965,0
1772503200000,2025.79,2039.53,2000.04,2007.51,3125869.78475,1772506799999,6314997189.067425,10991,1362339.76375,2755327658.449965,0
1772506800000,2025.79,2039.53,2000.04,2007.51,3125869.78475,1772510399999,6314997189.067425,10991,1362339.76375,2755327658.449965,0
1772510400000,2008.5,2014.57,1987.16,1995.02,2585632.4425,1772513999999,5167356204.944,10491,1174540.178,2347505383.7049527,0
1772514000000,2008.5,2014.57,1987.16,1995.02,2585632.4425,1772517599999,5167356204.944,10491,1174540.178,2347505383.7049527,0
1772517600000,2008.5,2014.57,1987.16,1995.02,2585632.4425,1772521199999,5167356204.944,10491,1174540.178,2347505383.7049527,0
1772521200000,2008.5,2014.57,1987.16,1995.02,2585632.4425,1772524799999,5167356204.944,10491,1174540.178,2347505383.7049527,0
1772524800000,1995.13,1998.43,1939.47,1961.04,3277831.92675,1772528399999,6426905171.35841,11346,1601411.37225,3137790257.6201324,0
1772528400000,1995.13,1998.43,1939.47,1961.04,3277831.92675,1772531999999,6426905171.35841,11346,1601411.37225,3137790257.6201324,0
1772532000000,1995.13,1998.43,1939.47,1961.04,3277831.92675,1772535599999,6426905171.35841,11346,1601411.37225,3137790257.6201324,0
1772535600000,1995.13,1998.43,1939.47,1961.04,3277831.92675,1772539199999,6426905171.35841,11346,1601411.37225,3137790257.6201324,0
1772539200000,1961.04,2004.0,1933.67,1968.39,4132164.80175,1772542799999,8080722727.215035,12796,2018867.5935,3952600137.084605,0
1772542800000,1961.04,2004.0,1933.67,1968.39,4132164.80175,1772546399999,8080722727.215035,12796,2018867.5935,3952600137.084605,0
1772546400000,1961.04,2004.0,1933.67,1968.39,4132164.80175,1772549999999,8080722727.215035,12796,2018867.5935,3952600137.084605,0
1772550000000,1961.04,2004.0,1933.67,1968.39,4132164.80175,1772553599999,8080722727.215035,12796,2018867.5935,3952600137.084605,0
1772553600000,1968.38,2010.15,1959.69,1985.32,4045412.89075,1772557199999,8016328347.61397,12226,2371505.31225,4702902029.316035,0
1772557200000,1968.38,2010.15,1959.69,1985.32,4045412.89075,1772560799999,8016328347.61397,12226,2371505.31225,4702902029.316035,0
1772560800000,1968.38,2010.15,1959.69,1985.32,4045412.89075,1772564399999,8016328347.61397,12226,2371505.31225,4702902029.316035,0
1772564400000,1968.38,2010.15,1959.69,1985.32,4045412.89075,1772567999999,8016328347.61397,12226,2371505.31225,4702902029.316035,0
1772568000000,1985.23,1999.14,1959.01,1981.81,2837006.22,1772571599999,5615060226.74676,11148,1243126.649,2461727511.8124623,0
1772571600000,1985.23,1999.14,1959.01,1981.81,2837006.22,1772575199999,5615060226.74676,11148,1243126.649,2461727511.8124623,0
1772575200000,1985.23,1999.14,1959.01,1981.81,2837006.22,1772578799999,5615060226.74676,11148,1243126.649,2461727511.8124623,0
1772578800000,1985.23,1999.14,1959.01,1981.81,2837006.22,1772582399999,5615060226.74676,11148,1243126.649,2461727511.8124623,0
1772582400000,1981.68,1993.68,1945.3,1959.78,3495081.84375,1772585999999,6899304486.444577,11802,1531941.11225,3025979931.1126976,0
1772586000000,1981.68,1993.68,1945.3,1959.78,3495081.84375,1772589599999,6899304486.444577,11802,1531941.11225,3025979931.1126976,0
1772589600000,1981.68,1993.68,1945.3,1959.78,3495081.84375,1772593199999,6899304486.444577,11802,1531941.11225,3025979931.1126976,0
1772593200000,1981.68,1993.68,1945.3,1959.78,3495081.84375,1772596799999,6899304486.444577,11802,1531941.11225,3025979931.1126976,0
1772596800000,1959.78,2006.37,1950.65,2004.59,2325796.78775,1772600399999,4581327678.504852,9032,1465455.20625,2890773248.031175,0
1772600400000,1959.78,2006.37,1950.65,2004.59,2325796.78775,1772603999999,4581327678.504852,9032,1465455.20625,2890773248.031175,0
1772604000000,1959.78,2006.37,1950.65,2004.59,2325796.78775,1772607599999,4581327678.504852,9032,1465455.20625,2890773248.031175,0
1772607600000,1959.78,2006.37,1950.65,2004.59,2325796.78775,1772611199999,4581327678.504852,9032,1465455.20625,2890773248.031175,0
1772611200000,2004.59,2090.98,1999.83,2054.42,2648869.72475,1772614799999,5462965638.59738,9751,1614090.62775,3325544486.8949723,0
1772614800000,2004.59,2090.98,1999.83,2054.42,2648869.72475,1772618399999,5462965638.59738,9751,1614090.62775,3325544486.8949723,0
1772618400000,2004.59,2090.98,1999.83,2054.42,2648869.72475,1772621999999,5462965638.59738,9751,1614090.62775,3325544486.8949723,0
1772622000000,2004.59,2090.98,1999.83,2054.42,2648869.72475,1772625599999,5462965638.59738,9751,1614090.62775,3325544486.8949723,0
1772625600000,2054.58,2156.0,1815.0,2142.25,2880323.609,1772629199999,5971551901.029385,10170,1942815.91575,4039937636.92912,0
1772629200000,2054.58,2156.0,1815.0,2142.25,2880323.609,1772632799999,5971551901.029385,10170,1942815.91575,4039937636.92912,0
1772632800000,2054.58,2156.0,1815.0,2142.25,2880323.609,1772636399999,5971551901.029385,10170,1942815.91575,4039937636.92912,0
1772636400000,2054.58,2156.0,1815.0,2142.25,2880323.609,1772639999999,5971551901.029385,10170,1942815.91575,4039937636.92912,0
1772640000000,2140.25,2307.15,2131.61,2177.66,2869117.0175,1772643599999,6188466707.782798,9796,1808312.7015,3902987457.0157676,0
1772643600000,2140.25,2307.15,2131.61,2177.66,2869117.0175,1772647199999,6188466707.782798,9796,1808312.7015,3902987457.0157676,0
1772647200000,2140.25,2307.15,2131.61,2177.66,2869117.0175,1772650799999,6188466707.782798,9796,1808312.7015,3902987457.0157676,0
1772650800000,2140.25,2307.15,2131.61,2177.66,2869117.0175,1772654399999,6188466707.782798,9796,1808312.7015,3902987457.0157676,0
1772654400000,2177.67,2179.57,2116.45,2128.65,3026368.73375,1772657999999,6501538421.44019,11351,1178363.0385,2532087888.219595,0
1772658000000,2177.67,2179.57,2116.45,2128.65,3026368.73375,1772661599999,6501538421.44019,11351,1178363.0385,2532087888.219595,0
1772661600000,2177.67,2179.57,2116.45,2128.65,3026368.73375,1772665199999,6501538421.44019,11351,1178363.0385,2532087888.219595,0
1772665200000,2177.67,2179.57,2116.45,2128.65,3026368.73375,1772668799999,6501538421.44019,11351,1178363.0385,2532087888.219595,0
1772668800000,2128.64,2138.5,2108.3,2119.14,2420990.52175,1772672399999,5141121635.65707,9448,1197305.79825,2545311257.62183,0
1772672400000,2128.64,2138.5,2108.3,2119.14,2420990.52175,1772675999999,5141121635.65707,9448,1197305.79825,2545311257.62183,0
1772676000000,2128.64,2138.5,2108.3,2119.14,2420990.52175,1772679599999,5141121635.65707,9448,1197305.79825,2545311257.62183,0
1772679600000,2128.64,2138.5,2108.3,2119.14,2420990.52175,1772683199999,5141121635.65707,9448,1197305.79825,2545311257.62183,0
1772683200000,2119.14,2142.78,2097.1,2104.03,2737601.1995,1772686799999,5812440880.978975,11035,1319655.09525,2803794342.3344173,0
1772686800000,2119.14,2142.78,2097.1,2104.03,2737601.1995,1772690399999,5812440880.978975,11035,1319655.09525,2803794342.3344173,0
1772690400000,2119.14,2142.78,2097.1,2104.03,2737601.1995,1772693999999,5812440880.978975,11035,1319655.09525,2803794342.3344173,0
1772694000000,2119.14,2142.78,2097.1,2104.03,2737601.1995,1772697599999,5812440880.978975,11035,1319655.09525,2803794342.3344173,0
1772697600000,2104.03,2161.58,2094.25,2137.11,3045748.372,1772701199999,6481305362.689632,11669,1826819.2945,3889772564.47112,0
1772701200000,2104.03,2161.58,2094.25,2137.11,3045748.372,1772704799999,6481305362.689632,11669,1826819.2945,3889772564.47112,0
1772704800000,2104.03,2161.58,2094.25,2137.11,3045748.372,1772708399999,6481305362.689632,11669,1826819.2945,3889772564.47112,0
1772708400000,2104.03,2161.58,2094.25,2137.11,3045748.372,1772711999999,6481305362.689632,11669,1826819.2945,3889772564.47112,0
1772712000000,2137.2,2141.81,2061.02,2085.1,3771564.39625,1772715599999,7966685048.400653,12848,1536317.799,3246039167.0177727,0
1772715600000,2137.2,2141.81,2061.02,2085.1,3771564.39625,1772719199999,7966685048.400653,12848,1536317.799,3246039167.0177727,0
1772719200000,2137.2,2141.81,2061.02,2085.1,3771564.39625,1772722799999,7966685048.400653,12848,1536317.799,3246039167.0177727,0
1772722800000,2137.2,2141.81,2061.02,2085.1,3771564.39625,1772726399999,7966685048.400653,12848,1536317.799,3246039167.0177727,0
1772726400000,2083.35,2091.01,2055.73,2073.92,2800202.026,1772729999999,5805910321.144525,9969,1562347.483,3241918037.5748277,0
1772730000000,2083.35,2091.01,2055.73,2073.92,2800202.026,1772733599999,5805910321.144525,9969,1562347.483,3241918037.5748277,0
1772733600000,2083.35,2091.01,2055.73,2073.92,2800202.026,1772737199999,5805910321.144525,9969,1562347.483,3241918037.5748277,0
1772737200000,2083.35,2091.01,2055.73,2073.92,2800202.026,1772740799999,5805910321.144525,9969,1562347.483,3241918037.5748277,0
1772740800000,2074.21,2097.13,2070.95,2072.15,2044776.35175,1772744399999,4261169527.6924477,9636,1069814.1295,2231762248.956715,0
1772744400000,2074.21,2097.13,2070.95,2072.15,2044776.35175,1772747999999,4261169527.6924477,9636,1069814.1295,2231762248.956715,0
1772748000000,2074.21,2097.13,2070.95,2072.15,2044776.35175,1772751599999,4261169527.6924477,9636,1069814.1295,2231762248.956715,0
1772751600000,2074.21,2097.13,2070.95,2072.15,2044776.35175,1772755199999,4261169527.6924477,9636,1069814.1295,2231762248.956715,0
1772755200000,2072.14,2092.0,2062.62,2083.5,2326537.2995,1772758799999,4838011492.921615,10001,1362267.469,2834426607.284105,0
1772758800000,2072.14,2092.0,2062.62,2083.5,2326537.2995,1772762399999,4838011492.921615,10001,1362267.469,2834426607.284105,0
1772762400000,2072.14,2092.0,2062.62,2083.5,2326537.2995,1772765999999,4838011492.921615,10001,1362267.469,2834426607.284105,0
1772766000000,2072.14,2092.0,2062.62,2083.5,2326537.2995,1772769599999,4838011492.921615,10001,1362267.469,2834426607.284105,0
1772769600000,2083.14,2085.22,2059.2,2082.22,2239141.6285,1772773199999,4638921594.237443,10077,1079620.58625,2238110687.9194674,0
1772773200000,2083.14,2085.22,2059.2,2082.22,2239141.6285,1772776799999,4638921594.237443,10077,1079620.58625,2238110687.9194674,0
1772776800000,2083.14,2085.22,2059.2,2082.22,2239141.6285,1772780399999,4638921594.237443,10077,1079620.58625,2238110687.9194674,0
1772780400000,2083.14,2085.22,2059.2,2082.22,2239141.6285,1772783999999,4638921594.237443,10077,1079620.58625,2238110687.9194674,0
1772784000000,2081.65,2081.65,2046.27,2050.24,1981692.3845,1772787599999,4091662058.4901075,9374,847336.805,1749138733.34529,0
1772787600000,2081.65,2081.65,2046.27,2050.24,1981692.3845,1772791199999,4091662058.4901075,9374,847336.805,1749138733.34529,0
1772791200000,2081.65,2081.65,2046.27,2050.24,1981692.3845,1772794799999,4091662058.4901075,9374,847336.805,1749138733.34529,0
1772794800000,2081.65,2081.65,2046.27,2050.24,1981692.3845,1772798399999,4091662058.4901075,9374,847336.805,1749138733.34529,0
1772798400000,2050.17,2056.15,1966.0,1977.35,3123882.85475,1772801999999,6290389796.005907,11134,1389828.9435,2800541109.7274127,0
1772802000000,2050.17,2056.15,1966.0,1977.35,3123882.85475,1772805599999,6290389796.005907,11134,1389828.9435,2800541109.7274127,0
1772805600000,2050.17,2056.15,1966.0,1977.35,3123882.85475,1772809199999,6290389796.005907,11134,1389828.9435,2800541109.7274127,0
1772809200000,2050.17,2056.15,1966.0,1977.35,3123882.85475,1772812799999,6290389796.005907,11134,1389828.9435,2800541109.7274127,0
1772812800000,1977.35,1989.85,1956.65,1983.13,2804529.9125,1772816399999,5538350563.191648,11088,1685661.39925,3329833714.574485,0
1772816400000,1977.35,1989.85,1956.65,1983.13,2804529.9125,1772819999999,5538350563.191648,11088,1685661.39925,3329833714.574485,0
1772820000000,1977.35,1989.85,1956.65,1983.13,2804529.9125,1772823599999,5538350563.191648,11088,1685661.39925,3329833714.574485,0
1772823600000,1977.35,1989.85,1956.65,1983.13,2804529.9125,1772827199999,5538350563.191648,11088,1685661.39925,3329833714.574485,0
1772827200000,1983.1,1987.53,1969.86,1977.81,1663700.77925,1772830799999,3293727367.7767925,8543,823812.2555,1631802474.5756626,0
1772830800000,1983.1,1987.53,1969.86,1977.81,1663700.77925,1772834399999,3293727367.7767925,8543,823812.2555,1631802474.5756626,0
1772834400000,1983.1,1987.53,1969.86,1977.81,1663700.77925,1772837999999,3293727367.7767925,8543,823812.2555,1631802474.5756626,0
1772838000000,1983.1,1987.53,1969.86,1977.81,1663700.77925,1772841599999,3293727367.7767925,8543,823812.2555,1631802474.5756626,0
1772841600000,1977.99,2169.73,1972.82,1979.15,1355778.10825,1772845199999,2684911335.4354973,8302,633675.92275,1255860730.5277574,0
1772845200000,1977.99,2169.73,1972.82,1979.15,1355778.10825,1772848799999,2684911335.4354973,8302,633675.92275,1255860730.5277574,0
1772848800000,1977.99,2169.73,1972.82,1979.15,1355778.10825,1772852399999,2684911335.4354973,8302,633675.92275,1255860730.5277574,0
1772852400000,1977.99,2169.73,1972.82,1979.15,1355778.10825,1772855999999,2684911335.4354973,8302,633675.92275,1255860730.5277574,0
1772856000000,1979.25,1982.48,1965.53,1982.05,1270320.05375,1772859599999,2508120626.9199476,6881,724644.99075,1431301613.29903,0
1772859600000,1979.25,1982.48,1965.53,1982.05,1270320.05375,1772863199999,2508120626.9199476,6881,724644.99075,1431301613.29903,0
1772863200000,1979.25,1982.48,1965.53,1982.05,1270320.05375,1772866799999,2508120626.9199476,6881,724644.99075,1431301613.29903,0
1772866800000,1979.25,1982.48,1965.53,1982.05,1270320.05375,1772870399999,2508120626.9199476,6881,724644.99075,1431301613.29903,0
1772870400000,1982.02,1991.77,1975.54,1987.46,927287.562,1772873999999,1840026812.5118074,5767,604283.565,1199387698.8277326,0
1772874000000,1982.02,1991.77,1975.54,1987.46,927287.562,1772877599999,1840026812.5118074,5767,604283.565,1199387698.8277326,0
1772877600000,1982.02,1991.77,1975.54,1987.46,927287.562,1772881199999,1840026812.5118074,5767,604283.565,1199387698.8277326,0
1772881200000,1982.02,1991.77,1975.54,1987.46,927287.562,1772884799999,1840026812.5118074,5767,604283.565,1199387698.8277326,0
1772884800000,1987.46,1989.53,1970.14,1980.48,1307036.1025,1772888399999,2588934016.7284927,7939,537026.5085,1063754341.0780175,0
1772888400000,1987.46,1989.53,1970.14,1980.48,1307036.1025,1772891999999,2588934016.7284927,7939,537026.5085,1063754341.0780175,0
1772892000000,1987.46,1989.53,1970.14,1980.48,1307036.1025,1772895599999,2588934016.7284927,7939,537026.5085,1063754341.0780175,0
1772895600000,1987.46,1989.53,1970.14,1980.48,1307036.1025,1772899199999,2588934016.7284927,7939,537026.5085,1063754341.0780175,0
1772899200000,1980.44,1981.74,1948.3,1954.19,1150715.38975,1772902799999,2267349055.223965,6987,424768.44075,838004305.95537,0
1772902800000,1980.44,1981.74,1948.3,1954.19,1150715.38975,1772906399999,2267349055.223965,6987,424768.44075,838004305.95537,0
1772906400000,1980.44,1981.74,1948.3,1954.19,1150715.38975,1772909999999,2267349055.223965,6987,424768.44075,838004305.95537,0
1772910000000,1980.44,1981.74,1948.3,1954.19,1150715.38975,1772913599999,2267349055.223965,6987,424768.44075,838004305.95537,0
1772913600000,1954.03,1983.0,1954.03,1968.43,1341379.80875,1772917199999,2636602164.5992627,7290,884198.95,1737687551.307265,0
1772917200000,1954.03,1983.0,1954.03,1968.43,1341379.80875,1772920799999,2636602164.5992627,7290,884198.95,1737687551.307265,0
1772920800000,1954.03,1983.0,1954.03,1968.43,1341379.80875,1772924399999,2636602164.5992627,7290,884198.95,1737687551.307265,0
1772924400000,1954.03,1983.0,1954.03,1968.43,1341379.80875,1772927999999,2636602164.5992627,7290,884198.95,1737687551.307265,0
1772928000000,1968.46,1975.38,1937.23,1947.56,1579266.9795,1772931599999,3094936508.7160325,8210,770934.76575,1511469027.3521476,0
1772931600000,1968.46,1975.38,1937.23,1947.56,1579266.9795,1772935199999,3094936508.7160325,8210,770934.76575,1511469027.3521476,0
1772935200000,1968.46,1975.38,1937.23,1947.56,1579266.9795,1772938799999,3094936508.7160325,8210,770934.76575,1511469027.3521476,0
1772938800000,1968.46,1975.38,1937.23,1947.56,1579266.9795,1772942399999,3094936508.7160325,8210,770934.76575,1511469027.3521476,0
1772942400000,1947.56,1956.79,1933.33,1954.34,1436563.58625,1772945999999,2797342906.555205,7530,748590.1305,1458115351.0348325,0
1772946000000,1947.56,1956.79,1933.33,1954.34,1436563.58625,1772949599999,2797342906.555205,7530,748590.1305,1458115351.0348325,0
1772949600000,1947.56,1956.79,1933.33,1954.34,1436563.58625,1772953199999,2797342906.555205,7530,748590.1305,1458115351.0348325,0
1772953200000,1947.56,1956.79,1933.33,1954.34,1436563.58625,1772956799999,2797342906.555205,7530,748590.1305,1458115351.0348325,0
1772956800000,1954.43,1977.2,1946.21,1950.55,1707224.3865,1772960399999,3346021908.583265,8773,970387.85675,1902540052.72618,0
1772960400000,1954.43,1977.2,1946.21,1950.55,1707224.3865,1772963999999,3346021908.583265,8773,970387.85675,1902540052.72618,0
1772964000000,1954.43,1977.2,1946.21,1950.55,1707224.3865,1772967599999,3346021908.583265,8773,970387.85675,1902540052.72618,0
1772967600000,1954.43,1977.2,1946.21,1950.55,1707224.3865,1772971199999,3346021908.583265,8773,970387.85675,1902540052.72618,0
1772971200000,1950.56,1953.71,1926.79,1941.88,2391207.194,1772974799999,4643196727.269293,10179,1271693.59675,2470400126.3849974,0
1772974800000,1950.56,1953.71,1926.79,1941.88,2391207.194,1772978399999,4643196727.269293,10179,1271693.59675,2470400126.3849974,0
1772978400000,1950.56,1953.71,1926.79,1941.88,2391207.194,1772981999999,4643196727.269293,10179,1271693.59675,2470400126.3849974,0
1772982000000,1950.56,1953.71,1926.79,1941.88,2391207.194,1772985599999,4643196727.269293,10179,1271693.59675,2470400126.3849974,0
1772985600000,1941.84,1966.71,1927.87,1962.52,1466912.56125,1772989199999,2846112845.91566,7329,815749.2675,1584336466.5348275,0
1772989200000,1941.84,1966.71,1927.87,1962.52,1466912.56125,1772992799999,2846112845.91566,7329,815749.2675,1584336466.5348275,0
1772992800000,1941.84,1966.71,1927.87,1962.52,1466912.56125,1772996399999,2846112845.91566,7329,815749.2675,1584336466.5348275,0
1772996400000,1941.84,1966.71,1927.87,1962.52,1466912.56125,1772999999999,2846112845.91566,7329,815749.2675,1584336466.5348275,0
1773000000000,1962.58,1966.55,1912.8,1935.49,2283444.059,1773003599999,4438092177.49968,9199,1079683.71625,2098146361.5669775,0
1773003600000,1962.58,1966.55,1912.8,1935.49,2283444.059,1773007199999,4438092177.49968,9199,1079683.71625,2098146361.5669775,0
1773007200000,1962.58,1966.55,1912.8,1935.49,2283444.059,1773010799999,4438092177.49968,9199,1079683.71625,2098146361.5669775,0
1773010800000,1962.58,1966.55,1912.8,1935.49,2283444.059,1773014399999,4438092177.49968,9199,1079683.71625,2098146361.5669775,0
1773014400000,1935.01,2001.68,1931.62,1976.25,2989635.54425,1773017999999,5848554396.748062,11278,1581271.05475,3096119451.0971074,0
1773018000000,1935.01,2001.68,1931.62,1976.25,2989635.54425,1773021599999,5848554396.748062,11278,1581271.05475,3096119451.0971074,0
1773021600000,1935.01,2001.68,1931.62,1976.25,2989635.54425,1773025199999,5848554396.748062,11278,1581271.05475,3096119451.0971074,0
1773025200000,1935.01,2001.68,1931.62,1976.25,2989635.54425,1773028799999,5848554396.748062,11278,1581271.05475,3096119451.0971074,0
1773028800000,1976.25,2120.0,1965.53,1982.17,2439568.4315,1773032399999,4847893812.056417,10051,1218526.19975,2420898404.3614426,0
1773032400000,1976.25,2120.0,1965.53,1982.17,2439568.4315,1773035999999,4847893812.056417,10051,1218526.19975,2420898404.3614426,0
1773036000000,1976.25,2120.0,1965.53,1982.17,2439568.4315,1773039599999,4847893812.056417,10051,1218526.19975,2420898404.3614426,0
1773039600000,1976.25,2120.0,1965.53,1982.17,2439568.4315,1773043199999,4847893812.056417,10051,1218526.19975,2420898404.3614426,0
1773043200000,1982.17,2017.99,1978.58,1991.39,2586822.5865,1773046799999,5161985706.388132,10674,1403306.26975,2799233181.7171974,0
1773046800000,1982.17,2017.99,1978.58,1991.39,2586822.5865,1773050399999,5161985706.388132,10674,1403306.26975,2799233181.7171974,0
1773050400000,1982.17,2017.99,1978.58,1991.39,2586822.5865,1773053999999,5161985706.388132,10674,1403306.26975,2799233181.7171974,0
1773054000000,1982.17,2017.99,1978.58,1991.39,2586822.5865,1773057599999,5161985706.388132,10674,1403306.26975,2799233181.7171974,0
1773057600000,1991.48,2033.0,1991.35,2022.3,3105261.73025,1773061199999,6256612188.39783,11723,1706152.87325,3437528912.562055,0
1773061200000,1991.48,2033.0,1991.35,2022.3,3105261.73025,1773064799999,6256612188.39783,11723,1706152.87325,3437528912.562055,0
1773064800000,1991.48,2033.0,1991.35,2022.3,3105261.73025,1773068399999,6256612188.39783,11723,1706152.87325,3437528912.562055,0
1773068400000,1991.48,2033.0,1991.35,2022.3,3105261.73025,1773071999999,6256612188.39783,11723,1706152.87325,3437528912.562055,0
1773072000000,2022.3,2048.8,1911.67,2032.54,2715130.75975,1773075599999,5490376302.775453,10825,1234781.83925,2500462077.0039477,0
1773075600000,2022.3,2048.8,1911.67,2032.54,2715130.75975,1773079199999,5490376302.775453,10825,1234781.83925,2500462077.0039477,0
1773079200000,2022.3,2048.8,1911.67,2032.54,2715130.75975,1773082799999,5490376302.775453,10825,1234781.83925,2500462077.0039477,0
1773082800000,2022.3,2048.8,1911.67,2032.54,2715130.75975,1773086399999,5490376302.775453,10825,1234781.83925,2500462077.0039477,0
1773086400000,2032.54,2036.01,1990.08,1993.21,2056905.208,1773089999999,4150866010.6786623,9391,826460.84925,1671124968.0459526,0
1773090000000,2032.54,2036.01,1990.08,1993.21,2056905.208,1773093599999,4150866010.6786623,9391,826460.84925,1671124968.0459526,0
1773093600000,2032.54,2036.01,1990.08,1993.21,2056905.208,1773097199999,4150866010.6786623,9391,826460.84925,1671124968.0459526,0
1773097200000,2032.54,2036.01,1990.08,1993.21,2056905.208,1773100799999,4150866010.6786623,9391,826460.84925,1671124968.0459526,0
1773100800000,1993.2,2052.16,1991.4,2025.99,2393249.152,1773104399999,4841573626.244388,10317,1416625.3925,2861285211.80873,0
1773104400000,1993.2,2052.16,1991.4,2025.99,2393249.152,1773107999999,4841573626.244388,10317,1416625.3925,2861285211.80873,0
1773108000000,1993.2,2052.16,1991.4,2025.99,2393249.152,1773111599999,4841573626.244388,10317,1416625.3925,2861285211.80873,0
1773111600000,1993.2,2052.16,1991.4,2025.99,2393249.152,1773115199999,4841573626.244388,10317,1416625.3925,2861285211.80873,0
1773115200000,2025.99,2053.57,2025.82,2049.01,1831785.39125,1773118799999,3741763549.582875,9558,1088098.854,2222716125.076325,0
1773118800000,2025.99,2053.57,2025.82,2049.01,1831785.39125,1773122399999,3741763549.582875,9558,1088098.854,2222716125.076325,0
1773122400000,2025.99,2053.57,2025.82,2049.01,1831785.39125,1773125999999,3741763549.582875,9558,1088098.854,2222716125.076325,0
1773126000000,2025.99,2053.57,2025.82,2049.01,1831785.39125,1773129599999,3741763549.582875,9558,1088098.854,2222716125.076325,0
1773129600000,2049.01,2068.9,2049.01,2060.88,2137193.25875,1773133199999,4405008310.47248,10509,1172216.16325,2416358713.1553626,0
1773133200000,2049.01,2068.9,2049.01,2060.88,2137193.25875,1773136799999,4405008310.47248,10509,1172216.16325,2416358713.1553626,0
1773136800000,2049.01,2068.9,2049.01,2060.88,2137193.25875,1773140399999,4405008310.47248,10509,1172216.16325,2416358713.1553626,0
1773140400000,2049.01,2068.9,2049.01,2060.88,2137193.25875,1773143999999,4405008310.47248,10509,1172216.16325,2416358713.1553626,0
1773144000000,2060.88,2150.0,2010.66,2078.31,2419891.5295,1773147599999,4935208910.06951,12032,1098177.25525,2237985102.00411,0
1773147600000,2060.88,2150.0,2010.66,2078.31,2419891.5295,1773151199999,4935208910.06951,12032,1098177.25525,2237985102.00411,0
1773151200000,2060.88,2150.0,2010.66,2078.31,2419891.5295,1773154799999,4935208910.06951,12032,1098177.25525,2237985102.00411,0
1773154800000,2060.88,2150.0,2010.66,2078.31,2419891.5295,1773158399999,4935208910.06951,12032,1098177.25525,2237985102.00411,0
1773158400000,2078.31,2126.0,2028.4,2035.86,81939.9805,1773161999999,168750878.586065,5510,4106.54825,8543803.195465,0
1773162000000,2078.31,2126.0,2028.4,2035.86,81939.9805,1773165599999,168750878.586065,5510,4106.54825,8543803.195465,0
1773165600000,2078.31,2126.0,2028.4,2035.86,81939.9805,1773169199999,168750878.586065,5510,4106.54825,8543803.195465,0
1773169200000,2078.31,2126.0,2028.4,2035.86,81939.9805,1773172799999,168750878.586065,5510,4106.54825,8543803.195465,0
1773172800000,2035.86,2087.73,2021.01,2036.31,26841.12525,1773176399999,54585921.25665,4465,2668.884,5444893.6684325,0
1773176400000,2035.86,2087.73,2021.01,2036.31,26841.12525,1773179999999,54585921.25665,4465,2668.884,5444893.6684325,0
1773180000000,2035.86,2087.73,2021.01,2036.31,26841.12525,1773183599999,54585921.25665,4465,2668.884,5444893.6684325,0
1773183600000,2035.86,2087.73,2021.01,2036.31,26841.12525,1773187199999,54585921.25665,4465,2668.884,5444893.6684325,0
1773187200000,2036.31,2100.3,2017.65,2020.51,68053.81575,1773190799999,138050079.01464,6375,4372.7915,8997575.029945,0
1773190800000,2036.31,2100.3,2017.65,2020.51,68053.81575,1773194399999,138050079.01464,6375,4372.7915,8997575.029945,0
1773194400000,2036.31,2100.3,2017.65,2020.51,68053.81575,1773197999999,138050079.01464,6375,4372.7915,8997575.029945,0
1773198000000,2036.31,2100.3,2017.65,2020.51,68053.81575,1773201599999,138050079.01464,6375,4372.7915,8997575.029945,0
1773201600000,2020.39,2461.87,2008.18,2013.36,282217.00025,1773205199999,598931233.58157,9108,52020.776,119811740.396815,0
1773205200000,2020.39,2461.87,2008.18,2013.36,282217.00025,1773208799999,598931233.58157,9108,52020.776,119811740.396815,0
1773208800000,2020.39,2461.87,2008.18,2013.36,282217.00025,1773212399999,598931233.58157,9108,52020.776,119811740.396815,0
1773212400000,2020.39,2461.87,2008.18,2013.36,282217.00025,1773215999999,598931233.58157,9108,52020.776,119811740.396815,0
1773216000000,2013.36,2073.61,2009.75,2017.65,33647.73925,1773219599999,67965026.195795,8098,4480.3325,9068255.8904625,0
1773219600000,2013.36,2073.61,2009.75,2017.65,33647.73925,1773223199999,67965026.195795,8098,4480.3325,9068255.8904625,0
1773223200000,2013.36,2073.61,2009.75,2017.65,33647.73925,1773226799999,67965026.195795,8098,4480.3325,9068255.8904625,0
1773226800000,2013.36,2073.61,2009.75,2017.65,33647.73925,1773230399999,67965026.195795,8098,4480.3325,9068255.8904625,0
1773230400000,2017.66,2150.0,2012.63,2048.64,1304854.24375,1773233999999,2678025203.173325,7669,761911.89775,1563013646.7022874,0
1773234000000,2017.66,2150.0,2012.63,2048.64,1304854.24375,1773237599999,2678025203.173325,7669,761911.89775,1563013646.7022874,0
1773237600000,2017.66,2150.0,2012.63,2048.64,1304854.24375,1773241199999,2678025203.173325,7669,761911.89775,1563013646.7022874,0
1773241200000,2017.66,2150.0,2012.63,2048.64,1304854.24375,1773244799999,2678025203.173325,7669,761911.89775,1563013646.7022874,0
1773244800000,2048.64,2082.2,2039.84,2073.84,2332294.141,1773248399999,4822762730.795345,10757,1487618.19975,3075590965.2106624,0
1773248400000,2048.64,2082.2,2039.84,2073.84,2332294.141,1773251999999,4822762730.795345,10757,1487618.19975,3075590965.2106624,0
1773252000000,2048.64,2082.2,2039.84,2073.84,2332294.141,1773255599999,4822762730.795345,10757,1487618.19975,3075590965.2106624,0
1773255600000,2048.64,2082.2,2039.84,2073.84,2332294.141,1773259199999,4822762730.795345,10757,1487618.19975,3075590965.2106624,0
1773259200000,2073.84,2077.39,2048.38,2051.28,2060995.4485,1773262799999,4256721673.1137223,10889,1014398.55825,2094657299.97053,0
1773262800000,2073.84,2077.39,2048.38,2051.28,2060995.4485,1773266399999,4256721673.1137223,10889,1014398.55825,2094657299.97053,0
1773266400000,2073.84,2077.39,2048.38,2051.28,2060995.4485,1773269999999,4256721673.1137223,10889,1014398.55825,2094657299.97053,0
1773270000000,2073.84,2077.39,2048.38,2051.28,2060995.4485,1773273599999,4256721673.1137223,10889,1014398.55825,2094657299.97053,0
1773273600000,2051.28,2058.77,2020.68,2022.4,1996587.82125,1773277199999,4076633695.3863626,11541,1115412.287,2277642572.919485,0
1773277200000,2051.28,2058.77,2020.68,2022.4,1996587.82125,1773280799999,4076633695.3863626,11541,1115412.287,2277642572.919485,0
1773280800000,2051.28,2058.77,2020.68,2022.4,1996587.82125,1773284399999,4076633695.3863626,11541,1115412.287,2277642572.919485,0
1773284400000,2051.28,2058.77,2020.68,2022.4,1996587.82125,1773287999999,4076633695.3863626,11541,1115412.287,2277642572.919485,0
1773288000000,2022.43,2039.99,2018.46,2039.89,1577874.25825,1773291599999,3198353633.70704,10514,972227.08675,1971514504.71822,0
1773291600000,2022.43,2039.99,2018.46,2039.89,1577874.25825,1773295199999,3198353633.70704,10514,972227.08675,1971514504.71822,0
1773295200000,2022.43,2039.99,2018.46,2039.89,1577874.25825,1773298799999,3198353633.70704,10514,972227.08675,1971514504.71822,0
1773298800000,2022.43,2039.99,2018.46,2039.89,1577874.25825,1773302399999,3198353633.70704,10514,972227.08675,1971514504.71822,0
1773302400000,2039.62,2073.68,2038.41,2062.25,1925265.643,1773305999999,3956633376.524355,8750,1147649.82675,2359064029.5306973,0
1773306000000,2039.62,2073.68,2038.41,2062.25,1925265.643,1773309599999,3956633376.524355,8750,1147649.82675,2359064029.5306973,0
1773309600000,2039.62,2073.68,2038.41,2062.25,1925265.643,1773313199999,3956633376.524355,8750,1147649.82675,2359064029.5306973,0
1773313200000,2039.62,2073.68,2038.41,2062.25,1925265.643,1773316799999,3956633376.524355,8750,1147649.82675,2359064029.5306973,0
1773316800000,2062.17,2082.95,2038.63,2072.43,2568310.72875,1773320399999,5293017971.022283,10968,1435750.717,2958697611.68665,0
1773320400000,2062.17,2082.95,2038.63,2072.43,2568310.72875,1773323999999,5293017971.022283,10968,1435750.717,2958697611.68665,0
1773324000000,2062.17,2082.95,2038.63,2072.43,2568310.72875,1773327599999,5293017971.022283,10968,1435750.717,2958697611.68665,0
1773327600000,2062.17,2082.95,2038.63,2072.43,2568310.72875,1773331199999,5293017971.022283,10968,1435750.717,2958697611.68665,0
1773331200000,2072.43,2074.59,2045.89,2070.54,2437302.69425,1773334799999,5023696186.82662,10939,1222310.32875,2520756377.9894123,0
1773334800000,2072.43,2074.59,2045.89,2070.54,2437302.69425,1773338399999,5023696186.82662,10939,1222310.32875,2520756377.9894123,0
1773338400000,2072.43,2074.59,2045.89,2070.54,2437302.69425,1773341999999,5023696186.82662,10939,1222310.32875,2520756377.9894123,0
1773342000000,2072.43,2074.59,2045.89,2070.54,2437302.69425,1773345599999,5023696186.82662,10939,1222310.32875,2520756377.9894123,0
1773345600000,2070.54,2091.69,2056.0,2073.68,2009204.5945,1773349199999,4151840989.300285,10506,1009770.8965,2088488758.558865,0
1773349200000,2070.54,2091.69,2056.0,2073.68,2009204.5945,1773352799999,4151840989.300285,10506,1009770.8965,2088488758.558865,0
1773352800000,2070.54,2091.69,2056.0,2073.68,2009204.5945,1773356399999,4151840989.300285,10506,1009770.8965,2088488758.558865,0
1773356400000,2070.54,2091.69,2056.0,2073.68,2009204.5945,1773359999999,4151840989.300285,10506,1009770.8965,2088488758.558865,0
1773360000000,2073.68,2150.0,2070.73,2117.81,2317075.81225,1773363599999,4896845495.789125,11072,1141530.19925,2406904116.8596,0
1773363600000,2073.68,2150.0,2070.73,2117.81,2317075.81225,1773367199999,4896845495.789125,11072,1141530.19925,2406904116.8596,0
1773367200000,2073.68,2150.0,2070.73,2117.81,2317075.81225,1773370799999,4896845495.789125,11072,1141530.19925,2406904116.8596,0
1773370800000,2073.68,2150.0,2070.73,2117.81,2317075.81225,1773374399999,4896845495.789125,11072,1141530.19925,2406904116.8596,0
1773374400000,2117.66,2118.71,2091.88,2095.97,1184657.88275,1773377999999,2497887236.94697,7158,419205.0365,883681035.187895,0
1773378000000,2117.66,2118.71,2091.88,2095.97,1184657.88275,1773381599999,2497887236.94697,7158,419205.0365,883681035.187895,0
1773381600000,2117.66,2118.71,2091.88,2095.97,1184657.88275,1773385199999,2497887236.94697,7158,419205.0365,883681035.187895,0
1773385200000,2117.66,2118.71,2091.88,2095.97,1184657.88275,1773388799999,2497887236.94697,7158,419205.0365,883681035.187895,0
1773388800000,2094.88,2131.51,2094.88,2121.15,1729449.6725,1773392399999,3659570487.1770425,7963,1099768.31625,2325902403.1058626,0
1773392400000,2094.88,2131.51,2094.88,2121.15,1729449.6725,1773395999999,3659570487.1770425,7963,1099768.31625,2325902403.1058626,0
1773396000000,2094.88,2131.51,2094.88,2121.15,1729449.6725,1773399599999,3659570487.1770425,7963,1099768.31625,2325902403.1058626,0
1773399600000,2094.88,2131.51,2094.88,2121.15,1729449.6725,1773403199999,3659570487.1770425,7963,1099768.31625,2325902403.1058626,0
1773403200000,2121.14,2201.0,2120.43,2132.07,2459289.42125,1773406799999,5311573993.032673,10620,1348491.82125,2910939843.4901323,0
1773406800000,2121.14,2201.0,2120.43,2132.07,2459289.42125,1773410399999,5311573993.032673,10620,1348491.82125,2910939843.4901323,0
1773410400000,2121.14,2201.0,2120.43,2132.07,2459289.42125,1773413999999,5311573993.032673,10620,1348491.82125,2910939843.4901323,0
1773414000000,2121.14,2201.0,2120.43,2132.07,2459289.42125,1773417599999,5311573993.032673,10620,1348491.82125,2910939843.4901323,0
1773417600000,2132.07,2141.11,2091.89,2101.47,2332042.92225,1773421199999,4928469712.374112,11108,1075700.6005,2273634050.06848,0
1773421200000,2132.07,2141.11,2091.89,2101.47,2332042.92225,1773424799999,4928469712.374112,11108,1075700.6005,2273634050.06848,0
1773424800000,2132.07,2141.11,2091.89,2101.47,2332042.92225,1773428399999,4928469712.374112,11108,1075700.6005,2273634050.06848,0
1773428400000,2132.07,2141.11,2091.89,2101.47,2332042.92225,1773431999999,4928469712.374112,11108,1075700.6005,2273634050.06848,0
1773432000000,2101.32,2113.88,2079.5,2092.27,1338086.9575,1773435599999,2806017985.5336423,7514,713237.657,1495206343.586035,0
1773435600000,2101.32,2113.88,2079.5,2092.27,1338086.9575,1773439199999,2806017985.5336423,7514,713237.657,1495206343.586035,0
1773439200000,2101.32,2113.88,2079.5,2092.27,1338086.9575,1773442799999,2806017985.5336423,7514,713237.657,1495206343.586035,0
1773442800000,2101.32,2113.88,2079.5,2092.27,1338086.9575,1773446399999,2806017985.5336423,7514,713237.657,1495206343.586035,0
1773446400000,2092.27,2101.19,2083.93,2100.47,1336913.9945,1773449999999,2796198607.115285,7316,796515.65575,1666355533.2203774,0
1773450000000,2092.27,2101.19,2083.93,2100.47,1336913.9945,1773453599999,2796198607.115285,7316,796515.65575,1666355533.2203774,0
1773453600000,2092.27,2101.19,2083.93,2100.47,1336913.9945,1773457199999,2796198607.115285,7316,796515.65575,1666355533.2203774,0
1773457200000,2092.27,2101.19,2083.93,2100.47,1336913.9945,1773460799999,2796198607.115285,7316,796515.65575,1666355533.2203774,0
1773460800000,2100.42,2104.43,2073.81,2076.6,1332767.57175,1773464399999,2783084137.2973423,8918,520716.988,1088366678.561865,0
1773464400000,2100.42,2104.43,2073.81,2076.6,1332767.57175,1773467999999,2783084137.2973423,8918,520716.988,1088366678.561865,0
1773468000000,2100.42,2104.43,2073.81,2076.6,1332767.57175,1773471599999,2783084137.2973423,8918,520716.988,1088366678.561865,0
1773471600000,2100.42,2104.43,2073.81,2076.6,1332767.57175,1773475199999,2783084137.2973423,8918,520716.988,1088366678.561865,0
1773475200000,2076.36,2079.71,2061.36,2072.8,957747.96675,1773478799999,1984343324.14067,8274,498898.1735,1033769233.735665,0
1773478800000,2076.36,2079.71,2061.36,2072.8,957747.96675,1773482399999,1984343324.14067,8274,498898.1735,1033769233.735665,0
1773482400000,2076.36,2079.71,2061.36,2072.8,957747.96675,1773485999999,1984343324.14067,8274,498898.1735,1033769233.735665,0
1773486000000,2076.36,2079.71,2061.36,2072.8,957747.96675,1773489599999,1984343324.14067,8274,498898.1735,1033769233.735665,0
1773489600000,2072.52,2079.23,2069.69,2073.99,1278866.246,1773493199999,2653064509.82389,9349,718693.94325,1491063734.35789,0
1773493200000,2072.52,2079.23,2069.69,2073.99,1278866.246,1773496799999,2653064509.82389,9349,718693.94325,1491063734.35789,0
1773496800000,2072.52,2079.23,2069.69,2073.99,1278866.246,1773500399999,2653064509.82389,9349,718693.94325,1491063734.35789,0
1773500400000,2072.52,2079.23,2069.69,2073.99,1278866.246,1773503999999,2653064509.82389,9349,718693.94325,1491063734.35789,0
1773504000000,2073.81,2077.46,2069.72,2076.98,543262.93,1773507599999,1126823420.724115,5922,299037.0805,620441245.4106675,0
1773507600000,2073.81,2077.46,2069.72,2076.98,543262.93,1773511199999,1126823420.724115,5922,299037.0805,620441245.4106675,0
1773511200000,2073.81,2077.46,2069.72,2076.98,543262.93,1773514799999,1126823420.724115,5922,299037.0805,620441245.4106675,0
1773514800000,2073.81,2077.46,2069.72,2076.98,543262.93,1773518399999,1126823420.724115,5922,299037.0805,620441245.4106675,0
1773518400000,2076.99,2097.59,2076.17,2095.07,1001527.9095,1773521999999,2090737401.141145,7448,728763.9635,1521723073.8178926,0
1773522000000,2076.99,2097.59,2076.17,2095.07,1001527.9095,1773525599999,2090737401.141145,7448,728763.9635,1521723073.8178926,0
1773525600000,2076.99,2097.59,2076.17,2095.07,1001527.9095,1773529199999,2090737401.141145,7448,728763.9635,1521723073.8178926,0
1773529200000,2076.99,2097.59,2076.17,2095.07,1001527.9095,1773532799999,2090737401.141145,7448,728763.9635,1521723073.8178926,0
1773532800000,2095.07,2104.12,2083.19,2095.04,1182139.75725,1773536399999,2473644313.97112,7866,602256.302,1260569932.41951,0
1773536400000,2095.07,2104.12,2083.19,2095.04,1182139.75725,1773539999999,2473644313.97112,7866,602256.302,1260569932.41951,0
1773540000000,2095.07,2104.12,2083.19,2095.04,1182139.75725,1773543599999,2473644313.97112,7866,602256.302,1260569932.41951,0
1773543600000,2095.07,2104.12,2083.19,2095.04,1182139.75725,1773547199999,2473644313.97112,7866,602256.302,1260569932.41951,0
1773547200000,2095.04,2114.51,2095.04,2104.89,1142145.5815,1773550799999,2404827050.777665,6638,616578.66575,1297756710.190145,0
1773550800000,2095.04,2114.51,2095.04,2104.89,1142145.5815,1773554399999,2404827050.777665,6638,616578.66575,1297756710.190145,0
1773554400000,2095.04,2114.51,2095.04,2104.89,1142145.5815,1773557999999,2404827050.777665,6638,616578.66575,1297756710.190145,0
1773558000000,2095.04,2114.51,2095.04,2104.89,1142145.5815,1773561599999,2404827050.777665,6638,616578.66575,1297756710.190145,0
1773561600000,2104.89,2121.09,2104.89,2119.1,884371.448,1773565199999,1870838420.845385,7082,552350.5175,1168296714.8296025,0
1773565200000,2104.89,2121.09,2104.89,2119.1,884371.448,1773568799999,1870838420.845385,7082,552350.5175,1168296714.8296025,0
1773568800000,2104.89,2121.09,2104.89,2119.1,884371.448,1773572399999,1870838420.845385,7082,552350.5175,1168296714.8296025,0
1773572400000,2104.89,2121.09,2104.89,2119.1,884371.448,1773575999999,1870838420.845385,7082,552350.5175,1168296714.8296025,0
1773576000000,2119.26,2119.81,2086.83,2093.19,1625466.1855,1773579599999,3410465040.2715974,13197,766177.22925,1606615296.57968,0
1773579600000,2119.26,2119.81,2086.83,2093.19,1625466.1855,1773583199999,3410465040.2715974,13197,766177.22925,1606615296.57968,0
1773583200000,2119.26,2119.81,2086.83,2093.19,1625466.1855,1773586799999,3410465040.2715974,13197,766177.22925,1606615296.57968,0
1773586800000,2119.26,2119.81,2086.83,2093.19,1625466.1855,1773590399999,3410465040.2715974,13197,766177.22925,1606615296.57968,0
1773590400000,2092.69,2113.23,2089.69,2112.64,1790265.28975,1773593999999,3761566790.885385,14805,1233880.9285,2593378848.93934,0
1773594000000,2092.69,2113.23,2089.69,2112.64,1790265.28975,1773597599999,3761566790.885385,14805,1233880.9285,2593378848.93934,0
1773597600000,2092.69,2113.23,2089.69,2112.64,1790265.28975,1773601199999,3761566790.885385,14805,1233880.9285,2593378848.93934,0
1773601200000,2092.69,2113.23,2089.69,2112.64,1790265.28975,1773604799999,3761566790.885385,14805,1233880.9285,2593378848.93934,0
1773604800000,2112.51,2198.83,2109.97,2175.03,2476369.8745,1773608399999,5318399518.599157,15419,1630001.25075,3503092646.18538,0
1773608400000,2112.51,2198.83,2109.97,2175.03,2476369.8745,1773611999999,5318399518.599157,15419,1630001.25075,3503092646.18538,0
1773612000000,2112.51,2198.83,2109.97,2175.03,2476369.8745,1773615599999,5318399518.599157,15419,1630001.25075,3503092646.18538,0
1773615600000,2112.51,2198.83,2109.97,2175.03,2476369.8745,1773619199999,5318399518.599157,15419,1630001.25075,3503092646.18538,0
1773619200000,2175.21,2246.94,2165.55,2235.33,2544731.261,1773622799999,5559775037.988065,15543,1515887.00125,3313415054.4431725,0
1773622800000,2175.21,2246.94,2165.55,2235.33,2544731.261,1773626399999,5559775037.988065,15543,1515887.00125,3313415054.4431725,0
1773626400000,2175.21,2246.94,2165.55,2235.33,2544731.261,1773629999999,5559775037.988065,15543,1515887.00125,3313415054.4431725,0
1773630000000,2175.21,2246.94,2165.55,2235.33,2544731.261,1773633599999,5559775037.988065,15543,1515887.00125,3313415054.4431725,0
1773633600000,2235.33,2280.93,2235.33,2247.85,2259099.848,1773637199999,5107090767.494802,14156,1209185.92,2733800713.1697073,0
1773637200000,2235.33,2280.93,2235.33,2247.85,2259099.848,1773640799999,5107090767.494802,14156,1209185.92,2733800713.1697073,0
1773640800000,2235.33,2280.93,2235.33,2247.85,2259099.848,1773644399999,5107090767.494802,14156,1209185.92,2733800713.1697073,0
1773644400000,2235.33,2280.93,2235.33,2247.85,2259099.848,1773647999999,5107090767.494802,14156,1209185.92,2733800713.1697073,0
1773648000000,2247.85,2277.68,2236.98,2269.13,2206450.4135,1773651599999,4981688025.967885,14477,1205699.90375,2723419008.4647627,0
1773651600000,2247.85,2277.68,2236.98,2269.13,2206450.4135,1773655199999,4981688025.967885,14477,1205699.90375,2723419008.4647627,0
1773655200000,2247.85,2277.68,2236.98,2269.13,2206450.4135,1773658799999,4981688025.967885,14477,1205699.90375,2723419008.4647627,0
1773658800000,2247.85,2277.68,2236.98,2269.13,2206450.4135,1773662399999,4981688025.967885,14477,1205699.90375,2723419008.4647627,0
1773662400000,2269.14,2300.71,2258.1,2273.96,2461691.235,1773665999999,5619069573.245373,12664,1191486.917,2719667657.50836,0
1773666000000,2269.14,2300.71,2258.1,2273.96,2461691.235,1773669599999,5619069573.245373,12664,1191486.917,2719667657.50836,0
1773669600000,2269.14,2300.71,2258.1,2273.96,2461691.235,1773673199999,5619069573.245373,12664,1191486.917,2719667657.50836,0
1773673200000,2269.14,2300.71,2258.1,2273.96,2461691.235,1773676799999,5619069573.245373,12664,1191486.917,2719667657.50836,0
1773676800000,2273.36,2339.71,2270.05,2331.28,2278227.8335,1773680399999,5265577717.273458,10899,1476100.96625,3406833100.3323927,0
1773680400000,2273.36,2339.71,2270.05,2331.28,2278227.8335,1773683999999,5265577717.273458,10899,1476100.96625,3406833100.3323927,0
1773684000000,2273.36,2339.71,2270.05,2331.28,2278227.8335,1773687599999,5265577717.273458,10899,1476100.96625,3406833100.3323927,0
1773687600000,2273.36,2339.71,2270.05,2331.28,2278227.8335,1773691199999,5265577717.273458,10899,1476100.96625,3406833100.3323927,0
1773691200000,2331.29,2375.7,2323.41,2351.1,2249565.0495,1773694799999,5285939906.470992,13096,1370219.29525,3218909092.806625,0
1773694800000,2331.29,2375.7,2323.41,2351.1,2249565.0495,1773698399999,5285939906.470992,13096,1370219.29525,3218909092.806625,0
1773698400000,2331.29,2375.7,2323.41,2351.1,2249565.0495,1773701999999,5285939906.470992,13096,1370219.29525,3218909092.806625,0
1773702000000,2331.29,2375.7,2323.41,2351.1,2249565.0495,1773705599999,5285939906.470992,13096,1370219.29525,3218909092.806625,0
1773705600000,2351.1,2370.59,2309.85,2318.29,2224577.196,1773709199999,5224419780.51413,11836,1032647.2165,2426564269.1651025,0
1773709200000,2351.1,2370.59,2309.85,2318.29,2224577.196,1773712799999,5224419780.51413,11836,1032647.2165,2426564269.1651025,0
1773712800000,2351.1,2370.59,2309.85,2318.29,2224577.196,1773716399999,5224419780.51413,11836,1032647.2165,2426564269.1651025,0
1773716400000,2351.1,2370.59,2309.85,2318.29,2224577.196,1773719999999,5224419780.51413,11836,1032647.2165,2426564269.1651025,0
1773720000000,2318.29,2336.38,2298.99,2326.35,2091510.995,1773723599999,4842721960.983467,9955,1069780.00875,2477056685.79051,0
1773723600000,2318.29,2336.38,2298.99,2326.35,2091510.995,1773727199999,4842721960.983467,9955,1069780.00875,2477056685.79051,0
1773727200000,2318.29,2336.38,2298.99,2326.35,2091510.995,1773730799999,4842721960.983467,9955,1069780.00875,2477056685.79051,0
1773730800000,2318.29,2336.38,2298.99,2326.35,2091510.995,1773734399999,4842721960.983467,9955,1069780.00875,2477056685.79051,0
1773734400000,2326.35,2333.04,2306.78,2326.36,1933638.0595,1773737999999,4485615497.211952,9846,1015503.88825,2356606365.2462726,0
1773738000000,2326.35,2333.04,2306.78,2326.36,1933638.0595,1773741599999,4485615497.211952,9846,1015503.88825,2356606365.2462726,0
1773741600000,2326.35,2333.04,2306.78,2326.36,1933638.0595,1773745199999,4485615497.211952,9846,1015503.88825,2356606365.2462726,0
1773745200000,2326.35,2333.04,2306.78,2326.36,1933638.0595,1773748799999,4485615497.211952,9846,1015503.88825,2356606365.2462726,0
1773748800000,2326.35,2351.74,2307.12,2315.0,2228168.50925,1773752399999,5185434748.138573,10628,1142597.992,2660611883.8464975,0
1773752400000,2326.35,2351.74,2307.12,2315.0,2228168.50925,1773755999999,5185434748.138573,10628,1142597.992,2660611883.8464975,0
1773756000000,2326.35,2351.74,2307.12,2315.0,2228168.50925,1773759599999,5185434748.138573,10628,1142597.992,2660611883.8464975,0
1773759600000,2326.35,2351.74,2307.12,2315.0,2228168.50925,1773763199999,5185434748.138573,10628,1142597.992,2660611883.8464975,0
1773763200000,2315.0,2341.48,2314.37,2319.81,1985973.30525,1773766799999,4627148282.047137,10319,1040664.067,2425008607.2171626,0
1773766800000,2315.0,2341.48,2314.37,2319.81,1985973.30525,1773770399999,4627148282.047137,10319,1040664.067,2425008607.2171626,0
1773770400000,2315.0,2341.48,2314.37,2319.81,1985973.30525,1773773999999,4627148282.047137,10319,1040664.067,2425008607.2171626,0
1773774000000,2315.0,2341.48,2314.37,2319.81,1985973.30525,1773777599999,4627148282.047137,10319,1040664.067,2425008607.2171626,0
1773777600000,2319.85,2340.92,2317.25,2317.25,1552045.28325,1773781199999,3615064648.6493225,8931,830065.4675,1933796958.7766175,0
1773781200000,2319.85,2340.92,2317.25,2317.25,1552045.28325,1773784799999,3615064648.6493225,8931,830065.4675,1933796958.7766175,0
1773784800000,2319.85,2340.92,2317.25,2317.25,1552045.28325,1773788399999,3615064648.6493225,8931,830065.4675,1933796958.7766175,0
1773788400000,2319.85,2340.92,2317.25,2317.25,1552045.28325,1773791999999,3615064648.6493225,8931,830065.4675,1933796958.7766175,0
1773792000000,2317.25,2347.01,2308.07,2340.5,1479410.748,1773795599999,3443079379.6963,8887,821501.3605,1912571804.4826875,0
1773795600000,2317.25,2347.01,2308.07,2340.5,1479410.748,1773799199999,3443079379.6963,8887,821501.3605,1912571804.4826875,0
1773799200000,2317.25,2347.01,2308.07,2340.5,1479410.748,1773802799999,3443079379.6963,8887,821501.3605,1912571804.4826875,0
1773802800000,2317.25,2347.01,2308.07,2340.5,1479410.748,1773806399999,3443079379.6963,8887,821501.3605,1912571804.4826875,0
1773806400000,2341.04,2341.45,2312.33,2317.39,1337008.7025,1773809999999,3106871983.2909,8877,528183.1025,1226225716.1414626,0
1773810000000,2341.04,2341.45,2312.33,2317.39,1337008.7025,1773813599999,3106871983.2909,8877,528183.1025,1226225716.1414626,0
1773813600000,2341.04,2341.45,2312.33,2317.39,1337008.7025,1773817199999,3106871983.2909,8877,528183.1025,1226225716.1414626,0
1773817200000,2341.04,2341.45,2312.33,2317.39,1337008.7025,1773820799999,3106871983.2909,8877,528183.1025,1226225716.1414626,0
1773820800000,2317.58,2332.01,2266.18,2268.36,1638293.3085,1773824399999,3788111738.937145,9467,591875.76925,1373352986.19627,0
1773824400000,2317.58,2332.01,2266.18,2268.36,1638293.3085,1773827999999,3788111738.937145,9467,591875.76925,1373352986.19627,0
1773828000000,2317.58,2332.01,2266.18,2268.36,1638293.3085,1773831599999,3788111738.937145,9467,591875.76925,1373352986.19627,0
1773831600000,2317.58,2332.01,2266.18,2268.36,1638293.3085,1773835199999,3788111738.937145,9467,591875.76925,1373352986.19627,0
1773835200000,2268.36,2269.65,2177.67,2186.83,2372920.04675,1773838799999,5272231502.843015,10543,880219.43725,1952380592.58858,0
1773838800000,2268.36,2269.65,2177.67,2186.83,2372920.04675,1773842399999,5272231502.843015,10543,880219.43725,1952380592.58858,0
1773842400000,2268.36,2269.65,2177.67,2186.83,2372920.04675,1773845999999,5272231502.843015,10543,880219.43725,1952380592.58858,0
1773846000000,2268.36,2269.65,2177.67,2186.83,2372920.04675,1773849599999,5272231502.843015,10543,880219.43725,1952380592.58858,0
1773849600000,2185.84,2216.12,2171.64,2184.89,2098944.03575,1773853199999,4597005462.61878,9209,1049461.06725,2298254317.07806,0
1773853200000,2185.84,2216.12,2171.64,2184.89,2098944.03575,1773856799999,4597005462.61878,9209,1049461.06725,2298254317.07806,0
1773856800000,2185.84,2216.12,2171.64,2184.89,2098944.03575,1773860399999,4597005462.61878,9209,1049461.06725,2298254317.07806,0
1773860400000,2185.84,2216.12,2171.64,2184.89,2098944.03575,1773863999999,4597005462.61878,9209,1049461.06725,2298254317.07806,0
1773864000000,2184.88,2204.99,2166.16,2202.12,2183542.37375,1773867599999,4782813070.417955,10274,1262493.68325,2766613271.509795,0
1773867600000,2184.88,2204.99,2166.16,2202.12,2183542.37375,1773871199999,4782813070.417955,10274,1262493.68325,2766613271.509795,0
1773871200000,2184.88,2204.99,2166.16,2202.12,2183542.37375,1773874799999,4782813070.417955,10274,1262493.68325,2766613271.509795,0
1773874800000,2184.88,2204.99,2166.16,2202.12,2183542.37375,1773878399999,4782813070.417955,10274,1262493.68325,2766613271.509795,0
1773878400000,2201.79,2227.79,2187.66,2211.19,1968470.559,1773881999999,4331844026.066257,9602,966715.7265,2128426140.8652525,0
1773882000000,2201.79,2227.79,2187.66,2211.19,1968470.559,1773885599999,4331844026.066257,9602,966715.7265,2128426140.8652525,0
1773885600000,2201.79,2227.79,2187.66,2211.19,1968470.559,1773889199999,4331844026.066257,9602,966715.7265,2128426140.8652525,0
1773889200000,2201.79,2227.79,2187.66,2211.19,1968470.559,1773892799999,4331844026.066257,9602,966715.7265,2128426140.8652525,0
1773892800000,2211.57,2211.57,2147.03,2166.32,2157939.324,1773896399999,4714529273.081972,10580,688862.31775,1502880354.731745,0
1773896400000,2211.57,2211.57,2147.03,2166.32,2157939.324,1773899999999,4714529273.081972,10580,688862.31775,1502880354.731745,0
1773900000000,2211.57,2211.57,2147.03,2166.32,2157939.324,1773903599999,4714529273.081972,10580,688862.31775,1502880354.731745,0
1773903600000,2211.57,2211.57,2147.03,2166.32,2157939.324,1773907199999,4714529273.081972,10580,688862.31775,1502880354.731745,0
1773907200000,2166.57,2189.06,2157.81,2165.72,1908332.127,1773910799999,4144263843.802,9365,947011.43275,2056505940.909675,0
1773910800000,2166.57,2189.06,2157.81,2165.72,1908332.127,1773914399999,4144263843.802,9365,947011.43275,2056505940.909675,0
1773914400000,2166.57,2189.06,2157.81,2165.72,1908332.127,1773917999999,4144263843.802,9365,947011.43275,2056505940.909675,0
1773918000000,2166.57,2189.06,2157.81,2165.72,1908332.127,1773921599999,4144263843.802,9365,947011.43275,2056505940.909675,0
1773921600000,2165.6,2165.92,2103.53,2119.15,2523414.7115,1773925199999,5372755589.536505,10557,1105946.48625,2353819811.6578026,0
1773925200000,2165.6,2165.92,2103.53,2119.15,2523414.7115,1773928799999,5372755589.536505,10557,1105946.48625,2353819811.6578026,0
1773928800000,2165.6,2165.92,2103.53,2119.15,2523414.7115,1773932399999,5372755589.536505,10557,1105946.48625,2353819811.6578026,0
1773932400000,2165.6,2165.92,2103.53,2119.15,2523414.7115,1773935999999,5372755589.536505,10557,1105946.48625,2353819811.6578026,0
1773936000000,2119.82,2155.13,2106.3,2141.63,2305653.0795,1773939599999,4895530796.930285,9819,1329027.74,2822555037.73952,0
1773939600000,2119.82,2155.13,2106.3,2141.63,2305653.0795,1773943199999,4895530796.930285,9819,1329027.74,2822555037.73952,0
1773943200000,2119.82,2155.13,2106.3,2141.63,2305653.0795,1773946799999,4895530796.930285,9819,1329027.74,2822555037.73952,0
1773946800000,2119.82,2155.13,2106.3,2141.63,2305653.0795,1773950399999,4895530796.930285,9819,1329027.74,2822555037.73952,0
1773950400000,2141.63,2152.93,2131.69,2137.05,2199580.87175,1773953999999,4715555742.2682,10176,1138428.50575,2441059528.829105,0
1773954000000,2141.63,2152.93,2131.69,2137.05,2199580.87175,1773957599999,4715555742.2682,10176,1138428.50575,2441059528.829105,0
1773957600000,2141.63,2152.93,2131.69,2137.05,2199580.87175,1773961199999,4715555742.2682,10176,1138428.50575,2441059528.829105,0
1773961200000,2141.63,2152.93,2131.69,2137.05,2199580.87175,1773964799999,4715555742.2682,10176,1138428.50575,2441059528.829105,0
1773964800000,2137.24,2158.56,2134.54,2150.97,2029750.16025,1773968399999,4355929224.445633,9569,1167658.5155,2506032370.68498,0
1773968400000,2137.24,2158.56,2134.54,2150.97,2029750.16025,1773971999999,4355929224.445633,9569,1167658.5155,2506032370.68498,0
1773972000000,2137.24,2158.56,2134.54,2150.97,2029750.16025,1773975599999,4355929224.445633,9569,1167658.5155,2506032370.68498,0
1773975600000,2137.24,2158.56,2134.54,2150.97,2029750.16025,1773979199999,4355929224.445633,9569,1167658.5155,2506032370.68498,0
1773979200000,2150.97,2157.35,2121.21,2150.26,1992716.39875,1773982799999,4266270831.81627,9653,975534.3575,2088670468.99522,0
1773982800000,2150.97,2157.35,2121.21,2150.26,1992716.39875,1773986399999,4266270831.81627,9653,975534.3575,2088670468.99522,0
1773986400000,2150.97,2157.35,2121.21,2150.26,1992716.39875,1773989999999,4266270831.81627,9653,975534.3575,2088670468.99522,0
1773990000000,2150.97,2157.35,2121.21,2150.26,1992716.39875,1773993599999,4266270831.81627,9653,975534.3575,2088670468.99522,0
1773993600000,2150.27,2169.11,2131.8,2140.51,1653971.18,1773997199999,3554061805.375115,7462,834825.38425,1794129928.32163,0
1773997200000,2150.27,2169.11,2131.8,2140.51,1653971.18,1774000799999,3554061805.375115,7462,834825.38425,1794129928.32163,0
1774000800000,2150.27,2169.11,2131.8,2140.51,1653971.18,1774004399999,3554061805.375115,7462,834825.38425,1794129928.32163,0
1774004400000,2150.27,2169.11,2131.8,2140.51,1653971.18,1774007999999,3554061805.375115,7462,834825.38425,1794129928.32163,0
1774008000000,2140.68,2149.13,2120.89,2133.12,2320880.167,1774011599999,4953769245.387168,9782,1177016.96425,2512969030.788695,0
1774011600000,2140.68,2149.13,2120.89,2133.12,2320880.167,1774015199999,4953769245.387168,9782,1177016.96425,2512969030.788695,0
1774015200000,2140.68,2149.13,2120.89,2133.12,2320880.167,1774018799999,4953769245.387168,9782,1177016.96425,2512969030.788695,0
1774018800000,2140.68,2149.13,2120.89,2133.12,2320880.167,1774022399999,4953769245.387168,9782,1177016.96425,2512969030.788695,0
1774022400000,2133.12,2140.97,2117.06,2131.7,2333731.77075,1774025999999,4968999008.123842,9948,1062563.7025,2262839753.4118075,0
1774026000000,2133.12,2140.97,2117.06,2131.7,2333731.77075,1774029599999,4968999008.123842,9948,1062563.7025,2262839753.4118075,0
1774029600000,2133.12,2140.97,2117.06,2131.7,2333731.77075,1774033199999,4968999008.123842,9948,1062563.7025,2262839753.4118075,0
1774033200000,2133.12,2140.97,2117.06,2131.7,2333731.77075,1774036799999,4968999008.123842,9948,1062563.7025,2262839753.4118075,0
1774036800000,2132.16,2161.57,2123.44,2144.78,1567695.1035,1774040399999,3361924785.6666775,8104,837844.66475,1796271660.694505,0
1774040400000,2132.16,2161.57,2123.44,2144.78,1567695.1035,1774043999999,3361924785.6666775,8104,837844.66475,1796271660.694505,0
1774044000000,2132.16,2161.57,2123.44,2144.78,1567695.1035,1774047599999,3361924785.6666775,8104,837844.66475,1796271660.694505,0
1774047600000,2132.16,2161.57,2123.44,2144.78,1567695.1035,1774051199999,3361924785.6666775,8104,837844.66475,1796271660.694505,0
1774051200000,2144.78,2157.0,2143.83,2152.2,1164598.72275,1774054799999,2504679661.1335373,8116,661441.6345,1422666758.8234975,0
1774054800000,2144.78,2157.0,2143.83,2152.2,1164598.72275,1774058399999,2504679661.1335373,8116,661441.6345,1422666758.8234975,0
1774058400000,2144.78,2157.0,2143.83,2152.2,1164598.72275,1774061999999,2504679661.1335373,8116,661441.6345,1422666758.8234975,0
1774062000000,2144.78,2157.0,2143.83,2152.2,1164598.72275,1774065599999,2504679661.1335373,8116,661441.6345,1422666758.8234975,0
1774065600000,2152.21,2159.7,2149.86,2154.12,578001.97075,1774069199999,1245346872.0163774,5801,372454.71075,802556081.7450525,0
1774069200000,2152.21,2159.7,2149.86,2154.12,578001.97075,1774072799999,1245346872.0163774,5801,372454.71075,802556081.7450525,0
1774072800000,2152.21,2159.7,2149.86,2154.12,578001.97075,1774076399999,1245346872.0163774,5801,372454.71075,802556081.7450525,0
1774076400000,2152.21,2159.7,2149.86,2154.12,578001.97075,1774079999999,1245346872.0163774,5801,372454.71075,802556081.7450525,0
1774080000000,2153.94,2157.17,2149.14,2155.79,475286.0775,1774083599999,1023703846.499075,5480,249978.565,538504173.0100775,0
1774083600000,2153.94,2157.17,2149.14,2155.79,475286.0775,1774087199999,1023703846.499075,5480,249978.565,538504173.0100775,0
1774087200000,2153.94,2157.17,2149.14,2155.79,475286.0775,1774090799999,1023703846.499075,5480,249978.565,538504173.0100775,0
1774090800000,2153.94,2157.17,2149.14,2155.79,475286.0775,1774094399999,1023703846.499075,5480,249978.565,538504173.0100775,0
1774094400000,2155.79,2163.94,2146.15,2153.96,887506.4215,1774097999999,1912836183.6512325,6562,407982.57,879705448.9704,0
1774098000000,2155.79,2163.94,2146.15,2153.96,887506.4215,1774101599999,1912836183.6512325,6562,407982.57,879705448.9704,0
1774101600000,2155.79,2163.94,2146.15,2153.96,887506.4215,1774105199999,1912836183.6512325,6562,407982.57,879705448.9704,0
1774105200000,2155.79,2163.94,2146.15,2153.96,887506.4215,1774108799999,1912836183.6512325,6562,407982.57,879705448.9704,0
1774108800000,2153.78,2154.48,2142.79,2151.04,764917.39775,1774112399999,1643646891.43169,6945,382197.623,821211710.2410625,0
1774112400000,2153.78,2154.48,2142.79,2151.04,764917.39775,1774115999999,1643646891.43169,6945,382197.623,821211710.2410625,0
1774116000000,2153.78,2154.48,2142.79,2151.04,764917.39775,1774119599999,1643646891.43169,6945,382197.623,821211710.2410625,0
1774119600000,2153.78,2154.48,2142.79,2151.04,764917.39775,1774123199999,1643646891.43169,6945,382197.623,821211710.2410625,0
1774123200000,2151.04,2155.61,2082.28,2082.56,1002665.4555,1774126799999,2137950912.866155,7572,250719.28775,539365149.1766375,0
1774126800000,2151.04,2155.61,2082.28,2082.56,1002665.4555,1774130399999,2137950912.866155,7572,250719.28775,539365149.1766375,0
1774130400000,2151.04,2155.61,2082.28,2082.56,1002665.4555,1774133999999,2137950912.866155,7572,250719.28775,539365149.1766375,0
1774134000000,2151.04,2155.61,2082.28,2082.56,1002665.4555,1774137599999,2137950912.866155,7572,250719.28775,539365149.1766375,0
1774137600000,2082.54,2122.27,2058.64,2112.1,2090140.6635,1774141199999,4370971810.87495,9487,1226916.975,2564586803.6835575,0
1774141200000,2082.54,2122.27,2058.64,2112.1,2090140.6635,1774144799999,4370971810.87495,9487,1226916.975,2564586803.6835575,0
1774144800000,2082.54,2122.27,2058.64,2112.1,2090140.6635,1774148399999,4370971810.87495,9487,1226916.975,2564586803.6835575,0
1774148400000,2082.54,2122.27,2058.64,2112.1,2090140.6635,1774151999999,4370971810.87495,9487,1226916.975,2564586803.6835575,0
1774152000000,2112.1,2119.77,2096.23,2096.23,1432769.34925,1774155599999,3024510070.098115,8049,549190.06875,1159749679.20588,0
1774155600000,2112.1,2119.77,2096.23,2096.23,1432769.34925,1774159199999,3024510070.098115,8049,549190.06875,1159749679.20588,0
1774159200000,2112.1,2119.77,2096.23,2096.23,1432769.34925,1774162799999,3024510070.098115,8049,549190.06875,1159749679.20588,0
1774162800000,2112.1,2119.77,2096.23,2096.23,1432769.34925,1774166399999,3024510070.098115,8049,549190.06875,1159749679.20588,0
1774166400000,2096.23,2097.04,2068.52,2068.56,1734124.379,1774169999999,3610688715.4281673,8648,750216.11425,1562745022.9283426,0
1774170000000,2096.23,2097.04,2068.52,2068.56,1734124.379,1774173599999,3610688715.4281673,8648,750216.11425,1562745022.9283426,0
1774173600000,2096.23,2097.04,2068.52,2068.56,1734124.379,1774177199999,3610688715.4281673,8648,750216.11425,1562745022.9283426,0
1774177200000,2096.23,2097.04,2068.52,2068.56,1734124.379,1774180799999,3610688715.4281673,8648,750216.11425,1562745022.9283426,0
1774180800000,2068.56,2088.39,2068.42,2080.99,1668369.2695,1774184399999,3468485103.4491,9205,1011732.9705,2103039833.0792925,0
1774184400000,2068.56,2088.39,2068.42,2080.99,1668369.2695,1774187999999,3468485103.4491,9205,1011732.9705,2103039833.0792925,0
1774188000000,2068.56,2088.39,2068.42,2080.99,1668369.2695,1774191599999,3468485103.4491,9205,1011732.9705,2103039833.0792925,0
1774191600000,2068.56,2088.39,2068.42,2080.99,1668369.2695,1774195199999,3468485103.4491,9205,1011732.9705,2103039833.0792925,0
1774195200000,2080.99,2082.99,2054.7,2061.16,1593223.97675,1774198799999,3300020501.4633374,9356,730473.42825,1513158465.7247224,0
1774198800000,2080.99,2082.99,2054.7,2061.16,1593223.97675,1774202399999,3300020501.4633374,9356,730473.42825,1513158465.7247224,0
1774202400000,2080.99,2082.99,2054.7,2061.16,1593223.97675,1774205999999,3300020501.4633374,9356,730473.42825,1513158465.7247224,0
1774206000000,2080.99,2082.99,2054.7,2061.16,1593223.97675,1774209599999,3300020501.4633374,9356,730473.42825,1513158465.7247224,0
1774209600000,2061.16,2069.05,2031.13,2052.54,2221487.93325,1774213199999,4561603643.078765,9256,1067611.326,2192859117.7910776,0
1774213200000,2061.16,2069.05,2031.13,2052.54,2221487.93325,1774216799999,4561603643.078765,9256,1067611.326,2192859117.7910776,0
1774216800000,2061.16,2069.05,2031.13,2052.54,2221487.93325,1774220399999,4561603643.078765,9256,1067611.326,2192859117.7910776,0
1774220400000,2061.16,2069.05,2031.13,2052.54,2221487.93325,1774223999999,4561603643.078765,9256,1067611.326,2192859117.7910776,0
1774224000000,2052.5,2067.19,2037.64,2050.89,2304329.6695,1774227599999,4731492392.175922,9685,1032750.58125,2120786236.101305,0
1774227600000,2052.5,2067.19,2037.64,2050.89,2304329.6695,1774231199999,4731492392.175922,9685,1032750.58125,2120786236.101305,0
1774231200000,2052.5,2067.19,2037.64,2050.89,2304329.6695,1774234799999,4731492392.175922,9685,1032750.58125,2120786236.101305,0
1774234800000,2052.5,2067.19,2037.64,2050.89,2304329.6695,1774238399999,4731492392.175922,9685,1032750.58125,2120786236.101305,0
1774238400000,2050.89,2069.15,2027.97,2043.33,2152391.465,1774241999999,4413152545.33087,9453,1121838.497,2301099746.1320524,0
1774242000000,2050.89,2069.15,2027.97,2043.33,2152391.465,1774245599999,4413152545.33087,9453,1121838.497,2301099746.1320524,0
1774245600000,2050.89,2069.15,2027.97,2043.33,2152391.465,1774249199999,4413152545.33087,9453,1121838.497,2301099746.1320524,0
1774249200000,2050.89,2069.15,2027.97,2043.33,2152391.465,1774252799999,4413152545.33087,9453,1121838.497,2301099746.1320524,0
1774252800000,2043.33,2176.34,2030.7,2136.74,2715976.743,1774256399999,5639332982.312005,10580,1787815.3655,3708006305.88596,0
1774256400000,2043.33,2176.34,2030.7,2136.74,2715976.743,1774259999999,5639332982.312005,10580,1787815.3655,3708006305.88596,0
1774260000000,2043.33,2176.34,2030.7,2136.74,2715976.743,1774263599999,5639332982.312005,10580,1787815.3655,3708006305.88596,0
1774263600000,2043.33,2176.34,2030.7,2136.74,2715976.743,1774267199999,5639332982.312005,10580,1787815.3655,3708006305.88596,0
1774267200000,2136.7,2185.54,2112.8,2131.69,2430440.33475,1774270799999,5239561147.614722,9810,1261056.53225,2716701971.3831,0
1774270800000,2136.7,2185.54,2112.8,2131.69,2430440.33475,1774274399999,5239561147.614722,9810,1261056.53225,2716701971.3831,0
1774274400000,2136.7,2185.54,2112.8,2131.69,2430440.33475,1774277999999,5239561147.614722,9810,1261056.53225,2716701971.3831,0
1774278000000,2136.7,2185.54,2112.8,2131.69,2430440.33475,1774281599999,5239561147.614722,9810,1261056.53225,2716701971.3831,0
1774281600000,2132.7,2172.62,2120.99,2152.86,2230697.5195,1774285199999,4784191757.058615,10037,1224231.34975,2626063177.2056074,0
1774285200000,2132.7,2172.62,2120.99,2152.86,2230697.5195,1774288799999,4784191757.058615,10037,1224231.34975,2626063177.2056074,0
1774288800000,2132.7,2172.62,2120.99,2152.86,2230697.5195,1774292399999,4784191757.058615,10037,1224231.34975,2626063177.2056074,0
1774292400000,2132.7,2172.62,2120.99,2152.86,2230697.5195,1774295999999,4784191757.058615,10037,1224231.34975,2626063177.2056074,0
1774296000000,2153.18,2162.82,2140.82,2150.64,1799534.36425,1774299599999,3872733205.9849324,9684,844590.3005,1817742931.0717425,0
1774299600000,2153.18,2162.82,2140.82,2150.64,1799534.36425,1774303199999,3872733205.9849324,9684,844590.3005,1817742931.0717425,0
1774303200000,2153.18,2162.82,2140.82,2150.64,1799534.36425,1774306799999,3872733205.9849324,9684,844590.3005,1817742931.0717425,0
1774306800000,2153.18,2162.82,2140.82,2150.64,1799534.36425,1774310399999,3872733205.9849324,9684,844590.3005,1817742931.0717425,0
1774310400000,2150.64,2151.69,2128.52,2140.41,2005485.5645,1774313999999,4289088821.36362,9731,1021571.62725,2184823741.4338875,0
1774314000000,2150.64,2151.69,2128.52,2140.41,2005485.5645,1774317599999,4289088821.36362,9731,1021571.62725,2184823741.4338875,0
1774317600000,2150.64,2151.69,2128.52,2140.41,2005485.5645,1774321199999,4289088821.36362,9731,1021571.62725,2184823741.4338875,0
1774321200000,2150.64,2151.69,2128.52,2140.41,2005485.5645,1774324799999,4289088821.36362,9731,1021571.62725,2184823741.4338875,0
1774324800000,2139.7,2163.78,2127.99,2163.78,1968731.76525,1774328399999,4216468009.517,9508,1216109.80125,2606446178.9127526,0
1774328400000,2139.7,2163.78,2127.99,2163.78,1968731.76525,1774331999999,4216468009.517,9508,1216109.80125,2606446178.9127526,0
1774332000000,2139.7,2163.78,2127.99,2163.78,1968731.76525,1774335599999,4216468009.517,9508,1216109.80125,2606446178.9127526,0
1774335600000,2139.7,2163.78,2127.99,2163.78,1968731.76525,1774339199999,4216468009.517,9508,1216109.80125,2606446178.9127526,0
1774339200000,2163.78,2170.98,2147.58,2164.22,1956301.37575,1774342799999,4222387763.9823723,10156,948445.2185,2047695368.5021324,0
1774342800000,2163.78,2170.98,2147.58,2164.22,1956301.37575,1774346399999,4222387763.9823723,10156,948445.2185,2047695368.5021324,0
1774346400000,2163.78,2170.98,2147.58,2164.22,1956301.37575,1774349999999,4222387763.9823723,10156,948445.2185,2047695368.5021324,0
1774350000000,2163.78,2170.98,2147.58,2164.22,1956301.37575,1774353599999,4222387763.9823723,10156,948445.2185,2047695368.5021324,0
1774353600000,2164.26,2166.88,2123.39,2133.16,2257537.672,1774357199999,4837812810.847955,10112,931268.951,1996122619.183095,0
1774357200000,2164.26,2166.88,2123.39,2133.16,2257537.672,1774360799999,4837812810.847955,10112,931268.951,1996122619.183095,0
1774360800000,2164.26,2166.88,2123.39,2133.16,2257537.672,1774364399999,4837812810.847955,10112,931268.951,1996122619.183095,0
1774364400000,2164.26,2166.88,2123.39,2133.16,2257537.672,1774367999999,4837812810.847955,10112,931268.951,1996122619.183095,0
1774368000000,2133.16,2137.66,2103.53,2115.12,2110524.7435,1774371599999,4471865517.76114,9891,925334.9945,1959600571.70171,0
1774371600000,2133.16,2137.66,2103.53,2115.12,2110524.7435,1774375199999,4471865517.76114,9891,925334.9945,1959600571.70171,0
1774375200000,2133.16,2137.66,2103.53,2115.12,2110524.7435,1774378799999,4471865517.76114,9891,925334.9945,1959600571.70171,0
1774378800000,2133.16,2137.66,2103.53,2115.12,2110524.7435,1774382399999,4471865517.76114,9891,925334.9945,1959600571.70171,0
1774382400000,2115.12,2160.9,2113.92,2154.59,1847942.42775,1774385999999,3961608071.4793825,9023,1192377.792,2555400511.6778474,0
1774386000000,2115.12,2160.9,2113.92,2154.59,1847942.42775,1774389599999,3961608071.4793825,9023,1192377.792,2555400511.6778474,0
1774389600000,2115.12,2160.9,2113.92,2154.59,1847942.42775,1774393199999,3961608071.4793825,9023,1192377.792,2555400511.6778474,0
1774393200000,2115.12,2160.9,2113.92,2154.59,1847942.42775,1774396799999,3961608071.4793825,9023,1192377.792,2555400511.6778474,0
1774396800000,2154.58,2165.52,2148.17,2156.68,1505218.0065,1774400399999,3246455454.802275,9113,691892.5875,1492589725.6061425,0
1774400400000,2154.58,2165.52,2148.17,2156.68,1505218.0065,1774403999999,3246455454.802275,9113,691892.5875,1492589725.6061425,0
1774404000000,2154.58,2165.52,2148.17,2156.68,1505218.0065,1774407599999,3246455454.802275,9113,691892.5875,1492589725.6061425,0
1774407600000,2154.58,2165.52,2148.17,2156.68,1505218.0065,1774411199999,3246455454.802275,9113,691892.5875,1492589725.6061425,0
1774411200000,2156.64,2173.49,2155.35,2163.28,1458545.13025,1774414799999,3159815478.418875,8530,842894.94675,1826054340.700085,0
1774414800000,2156.64,2173.49,2155.35,2163.28,1458545.13025,1774418399999,3159815478.418875,8530,842894.94675,1826054340.700085,0
1774418400000,2156.64,2173.49,2155.35,2163.28,1458545.13025,1774421999999,3159815478.418875,8530,842894.94675,1826054340.700085,0
1774422000000,2156.64,2173.49,2155.35,2163.28,1458545.13025,1774425599999,3159815478.418875,8530,842894.94675,1826054340.700085,0
1774425600000,2163.5,2197.08,2163.13,2184.05,2039027.87325,1774429199999,4447684415.589647,11200,1240024.59075,2704221013.422115,0
1774429200000,2163.5,2197.08,2163.13,2184.05,2039027.87325,1774432799999,4447684415.589647,11200,1240024.59075,2704221013.422115,0
1774432800000,2163.5,2197.08,2163.13,2184.05,2039027.87325,1774436399999,4447684415.589647,11200,1240024.59075,2704221013.422115,0
1774436400000,2163.5,2197.08,2163.13,2184.05,2039027.87325,1774439999999,4447684415.589647,11200,1240024.59075,2704221013.422115,0
1774440000000,2184.04,2196.0,2155.25,2164.52,2695768.19525,1774443599999,5868269470.88691,11546,1403734.67725,3055249826.687955,0
1774443600000,2184.04,2196.0,2155.25,2164.52,2695768.19525,1774447199999,5868269470.88691,11546,1403734.67725,3055249826.687955,0
1774447200000,2184.04,2196.0,2155.25,2164.52,2695768.19525,1774450799999,5868269470.88691,11546,1403734.67725,3055249826.687955,0
1774450800000,2184.04,2196.0,2155.25,2164.52,2695768.19525,1774454399999,5868269470.88691,11546,1403734.67725,3055249826.687955,0
1774454400000,2163.22,2176.99,2156.79,2169.63,2468050.90675,1774457999999,5348420834.686475,14905,1281713.52175,2777593453.7724223,0
1774458000000,2163.22,2176.99,2156.79,2169.63,2468050.90675,1774461599999,5348420834.686475,14905,1281713.52175,2777593453.7724223,0
1774461600000,2163.22,2176.99,2156.79,2169.63,2468050.90675,1774465199999,5348420834.686475,14905,1281713.52175,2777593453.7724223,0
1774465200000,2163.22,2176.99,2156.79,2169.63,2468050.90675,1774468799999,5348420834.686475,14905,1281713.52175,2777593453.7724223,0
1774468800000,2169.63,2175.66,2158.87,2167.2,1639707.85325,1774472399999,3552575836.132285,15081,802047.39,1737998696.108965,0
1774472400000,2169.63,2175.66,2158.87,2167.2,1639707.85325,1774475999999,3552575836.132285,15081,802047.39,1737998696.108965,0
1774476000000,2169.63,2175.66,2158.87,2167.2,1639707.85325,1774479599999,3552575836.132285,15081,802047.39,1737998696.108965,0
1774479600000,2169.63,2175.66,2158.87,2167.2,1639707.85325,1774483199999,3552575836.132285,15081,802047.39,1737998696.108965,0
1774483200000,2167.2,2169.92,2144.19,2151.48,2001759.73225,1774486799999,4320075632.914365,16124,934670.856,2017765516.3874774,0
1774486800000,2167.2,2169.92,2144.19,2151.48,2001759.73225,1774490399999,4320075632.914365,16124,934670.856,2017765516.3874774,0
1774490400000,2167.2,2169.92,2144.19,2151.48,2001759.73225,1774493999999,4320075632.914365,16124,934670.856,2017765516.3874774,0
1774494000000,2167.2,2169.92,2144.19,2151.48,2001759.73225,1774497599999,4320075632.914365,16124,934670.856,2017765516.3874774,0
1774497600000,2151.48,2152.04,2113.32,2122.21,2066343.6165,1774501199999,4400374621.58397,15018,1068465.18975,2272805781.3871427,0
1774501200000,2151.48,2152.04,2113.32,2122.21,2066343.6165,1774504799999,4400374621.58397,15018,1068465.18975,2272805781.3871427,0
1774504800000,2151.48,2152.04,2113.32,2122.21,2066343.6165,1774508399999,4400374621.58397,15018,1068465.18975,2272805781.3871427,0
1774508400000,2151.48,2152.04,2113.32,2122.21,2066343.6165,1774511999999,4400374621.58397,15018,1068465.18975,2272805781.3871427,0
1774512000000,2122.21,2124.27,2065.14,2066.98,2131506.1635,1774515599999,4460290979.368262,14287,999172.1695,2089461103.2858875,0
1774515600000,2122.21,2124.27,2065.14,2066.98,2131506.1635,1774519199999,4460290979.368262,14287,999172.1695,2089461103.2858875,0
1774519200000,2122.21,2124.27,2065.14,2066.98,2131506.1635,1774522799999,4460290979.368262,14287,999172.1695,2089461103.2858875,0
1774522800000,2122.21,2124.27,2065.14,2066.98,2131506.1635,1774526399999,4460290979.368262,14287,999172.1695,2089461103.2858875,0
1774526400000,2066.98,2089.52,2060.0,2068.58,2467117.224,1774529999999,5113339102.129272,14364,1353149.0925,2804763396.248055,0
1774530000000,2066.98,2089.52,2060.0,2068.58,2467117.224,1774533599999,5113339102.129272,14364,1353149.0925,2804763396.248055,0
1774533600000,2066.98,2089.52,2060.0,2068.58,2467117.224,1774537199999,5113339102.129272,14364,1353149.0925,2804763396.248055,0
1774537200000,2066.98,2089.52,2060.0,2068.58,2467117.224,1774540799999,5113339102.129272,14364,1353149.0925,2804763396.248055,0
1774540800000,2068.58,2068.67,2035.5,2046.36,2348627.958,1774544399999,4822142061.347407,15219,1018983.01375,2091565110.18955,0
1774544400000,2068.58,2068.67,2035.5,2046.36,2348627.958,1774547999999,4822142061.347407,15219,1018983.01375,2091565110.18955,0
1774548000000,2068.58,2068.67,2035.5,2046.36,2348627.958,1774551599999,4822142061.347407,15219,1018983.01375,2091565110.18955,0
1774551600000,2068.58,2068.67,2035.5,2046.36,2348627.958,1774555199999,4822142061.347407,15219,1018983.01375,2091565110.18955,0
1774555200000,2046.36,2072.65,2045.47,2058.34,2081363.287,1774558799999,4294111890.1134377,13909,1114952.216,2299945492.0393977,0
1774558800000,2046.36,2072.65,2045.47,2058.34,2081363.287,1774562399999,4294111890.1134377,13909,1114952.216,2299945492.0393977,0
1774562400000,2046.36,2072.65,2045.47,2058.34,2081363.287,1774565999999,4294111890.1134377,13909,1114952.216,2299945492.0393977,0
1774566000000,2046.36,2072.65,2045.47,2058.34,2081363.287,1774569599999,4294111890.1134377,13909,1114952.216,2299945492.0393977,0
1774569600000,2058.31,2074.03,2056.64,2059.47,1978953.7435,1774573199999,4086308129.929135,15063,1058036.27125,2185131523.7510777,0
1774573200000,2058.31,2074.03,2056.64,2059.47,1978953.7435,1774576799999,4086308129.929135,15063,1058036.27125,2185131523.7510777,0
1774576800000,2058.31,2074.03,2056.64,2059.47,1978953.7435,1774580399999,4086308129.929135,15063,1058036.27125,2185131523.7510777,0
1774580400000,2058.31,2074.03,2056.64,2059.47,1978953.7435,1774583999999,4086308129.929135,15063,1058036.27125,2185131523.7510777,0
1774584000000,2059.47,2069.39,2043.5,2063.55,1857234.35075,1774587599999,3823904164.584355,13859,1005235.712,2069315720.5929074,0
1774587600000,2059.47,2069.39,2043.5,2063.55,1857234.35075,1774591199999,3823904164.584355,13859,1005235.712,2069315720.5929074,0
1774591200000,2059.47,2069.39,2043.5,2063.55,1857234.35075,1774594799999,3823904164.584355,13859,1005235.712,2069315720.5929074,0
1774594800000,2059.47,2069.39,2043.5,2063.55,1857234.35075,1774598399999,3823904164.584355,13859,1005235.712,2069315720.5929074,0
1774598400000,2063.92,2064.96,1987.86,1989.7,2638161.5275,1774601999999,5351719498.99394,15715,1079524.31025,2187301832.250785,0
1774602000000,2063.92,2064.96,1987.86,1989.7,2638161.5275,1774605599999,5351719498.99394,15715,1079524.31025,2187301832.250785,0
1774605600000,2063.92,2064.96,1987.86,1989.7,2638161.5275,1774609199999,5351719498.99394,15715,1079524.31025,2187301832.250785,0
1774609200000,2063.92,2064.96,1987.86,1989.7,2638161.5275,1774612799999,5351719498.99394,15715,1079524.31025,2187301832.250785,0
1774612800000,1989.7,2010.6,1972.64,1989.59,2788344.5075,1774616399999,5539156906.26358,14774,1511745.30075,3002300765.8003473,0
1774616400000,1989.7,2010.6,1972.64,1989.59,2788344.5075,1774619999999,5539156906.26358,14774,1511745.30075,3002300765.8003473,0
1774620000000,1989.7,2010.6,1972.64,1989.59,2788344.5075,1774623599999,5539156906.26358,14774,1511745.30075,3002300765.8003473,0
1774623600000,1989.7,2010.6,1972.64,1989.59,2788344.5075,1774627199999,5539156906.26358,14774,1511745.30075,3002300765.8003473,0
1774627200000,1989.59,1993.35,1972.78,1991.23,2606150.7005,1774630799999,5168408898.121285,14685,1397611.2855,2772499533.523675,0
1774630800000,1989.59,1993.35,1972.78,1991.23,2606150.7005,1774634399999,5168408898.121285,14685,1397611.2855,2772499533.523675,0
1774634400000,1989.59,1993.35,1972.78,1991.23,2606150.7005,1774637999999,5168408898.121285,14685,1397611.2855,2772499533.523675,0
1774638000000,1989.59,1993.35,1972.78,1991.23,2606150.7005,1774641599999,5168408898.121285,14685,1397611.2855,2772499533.523675,0
1774641600000,1991.23,1993.35,1979.38,1990.87,1542710.3945,1774645199999,3062061168.2648325,13670,816771.89225,1621104198.4663475,0
1774645200000,1991.23,1993.35,1979.38,1990.87,1542710.3945,1774648799999,3062061168.2648325,13670,816771.89225,1621104198.4663475,0
1774648800000,1991.23,1993.35,1979.38,1990.87,1542710.3945,1774652399999,3062061168.2648325,13670,816771.89225,1621104198.4663475,0
1774652400000,1991.23,1993.35,1979.38,1990.87,1542710.3945,1774655999999,3062061168.2648325,13670,816771.89225,1621104198.4663475,0
1774656000000,1990.25,1993.19,1981.25,1987.31,1308424.15325,1774659599999,2601023164.2816725,12566,699126.03725,1389976349.418735,0
1774659600000,1990.25,1993.19,1981.25,1987.31,1308424.15325,1774663199999,2601023164.2816725,12566,699126.03725,1389976349.418735,0
1774663200000,1990.25,1993.19,1981.25,1987.31,1308424.15325,1774666799999,2601023164.2816725,12566,699126.03725,1389976349.418735,0
1774666800000,1990.25,1993.19,1981.25,1987.31,1308424.15325,1774670399999,2601023164.2816725,12566,699126.03725,1389976349.418735,0
1774670400000,1987.15,2006.26,1985.54,2005.09,820978.08575,1774673999999,1638099566.61946,10611,580698.69975,1159141094.7631576,0
1774674000000,1987.15,2006.26,1985.54,2005.09,820978.08575,1774677599999,1638099566.61946,10611,580698.69975,1159141094.7631576,0
1774677600000,1987.15,2006.26,1985.54,2005.09,820978.08575,1774681199999,1638099566.61946,10611,580698.69975,1159141094.7631576,0
1774681200000,1987.15,2006.26,1985.54,2005.09,820978.08575,1774684799999,1638099566.61946,10611,580698.69975,1159141094.7631576,0
1774684800000,2005.08,2006.33,1991.68,1995.6,1228442.84025,1774688399999,2453766665.536265,13165,544794.016,1087910760.5252924,0
1774688400000,2005.08,2006.33,1991.68,1995.6,1228442.84025,1774691999999,2453766665.536265,13165,544794.016,1087910760.5252924,0
1774692000000,2005.08,2006.33,1991.68,1995.6,1228442.84025,1774695599999,2453766665.536265,13165,544794.016,1087910760.5252924,0
1774695600000,2005.08,2006.33,1991.68,1995.6,1228442.84025,1774699199999,2453766665.536265,13165,544794.016,1087910760.5252924,0
1774699200000,1995.77,2029.61,1992.25,2024.32,2084766.276,1774702799999,4198892711.9647675,15105,1159718.48475,2334441623.234835,0
1774702800000,1995.77,2029.61,1992.25,2024.32,2084766.276,1774706399999,4198892711.9647675,15105,1159718.48475,2334441623.234835,0
1774706400000,1995.77,2029.61,1992.25,2024.32,2084766.276,1774709999999,4198892711.9647675,15105,1159718.48475,2334441623.234835,0
1774710000000,1995.77,2029.61,1992.25,2024.32,2084766.276,1774713599999,4198892711.9647675,15105,1159718.48475,2334441623.234835,0
1774713600000,2024.32,2028.17,2015.93,2018.65,1054683.918,1774717199999,2131952617.4140925,12234,522520.13075,1056640229.84602,0
1774717200000,2024.32,2028.17,2015.93,2018.65,1054683.918,1774720799999,2131952617.4140925,12234,522520.13075,1056640229.84602,0
1774720800000,2024.32,2028.17,2015.93,2018.65,1054683.918,1774724399999,2131952617.4140925,12234,522520.13075,1056640229.84602,0
1774724400000,2024.32,2028.17,2015.93,2018.65,1054683.918,1774727999999,2131952617.4140925,12234,522520.13075,1056640229.84602,0
1774728000000,2018.65,2024.3,1990.67,1993.3,1571826.87875,1774731599999,3158816795.9625473,13480,656105.487,1319189845.2316225,0
1774731600000,2018.65,2024.3,1990.67,1993.3,1571826.87875,1774735199999,3158816795.9625473,13480,656105.487,1319189845.2316225,0
1774735200000,2018.65,2024.3,1990.67,1993.3,1571826.87875,1774738799999,3158816795.9625473,13480,656105.487,1319189845.2316225,0
1774738800000,2018.65,2024.3,1990.67,1993.3,1571826.87875,1774742399999,3158816795.9625473,13480,656105.487,1319189845.2316225,0
1774742400000,1993.3,2014.75,1990.85,2009.27,1555059.97425,1774745999999,3111350637.060045,13195,903302.79675,1806472155.3414075,0
1774746000000,1993.3,2014.75,1990.85,2009.27,1555059.97425,1774749599999,3111350637.060045,13195,903302.79675,1806472155.3414075,0
1774749600000,1993.3,2014.75,1990.85,2009.27,1555059.97425,1774753199999,3111350637.060045,13195,903302.79675,1806472155.3414075,0
1774753200000,1993.3,2014.75,1990.85,2009.27,1555059.97425,1774756799999,3111350637.060045,13195,903302.79675,1806472155.3414075,0
1774756800000,2009.69,2010.3,1996.6,2004.63,1212468.7615,1774760399999,2428090278.2385726,11166,654790.78,1311583698.89084,0
1774760400000,2009.69,2010.3,1996.6,2004.63,1212468.7615,1774763999999,2428090278.2385726,11166,654790.78,1311583698.89084,0
1774764000000,2009.69,2010.3,1996.6,2004.63,1212468.7615,1774767599999,2428090278.2385726,11166,654790.78,1311583698.89084,0
1774767600000,2009.69,2010.3,1996.6,2004.63,1212468.7615,1774771199999,2428090278.2385726,11166,654790.78,1311583698.89084,0
1774771200000,2004.63,2005.5,1990.26,2001.72,1289757.75175,1774774799999,2577763867.6639676,12225,617914.83675,1235131476.82357,0
1774774800000,2004.63,2005.5,1990.26,2001.72,1289757.75175,1774778399999,2577763867.6639676,12225,617914.83675,1235131476.82357,0
1774778400000,2004.63,2005.5,1990.26,2001.72,1289757.75175,1774781999999,2577763867.6639676,12225,617914.83675,1235131476.82357,0
1774782000000,2004.63,2005.5,1990.26,2001.72,1289757.75175,1774785599999,2577763867.6639676,12225,617914.83675,1235131476.82357,0
1774785600000,2001.71,2002.66,1983.08,1990.34,1730851.71025,1774789199999,3446974227.95031,13729,700819.8015,1395839090.698785,0
1774789200000,2001.71,2002.66,1983.08,1990.34,1730851.71025,1774792799999,3446974227.95031,13729,700819.8015,1395839090.698785,0
1774792800000,2001.71,2002.66,1983.08,1990.34,1730851.71025,1774796399999,3446974227.95031,13729,700819.8015,1395839090.698785,0
1774796400000,2001.71,2002.66,1983.08,1990.34,1730851.71025,1774799999999,3446974227.95031,13729,700819.8015,1395839090.698785,0
1774800000000,1990.33,2000.03,1987.2,1993.72,1354703.67575,1774803599999,2700820775.900255,12314,720640.51475,1436742062.4138124,0
1774803600000,1990.33,2000.03,1987.2,1993.72,1354703.67575,1774807199999,2700820775.900255,12314,720640.51475,1436742062.4138124,0
1774807200000,1990.33,2000.03,1987.2,1993.72,1354703.67575,1774810799999,2700820775.900255,12314,720640.51475,1436742062.4138124,0
1774810800000,1990.33,2000.03,1987.2,1993.72,1354703.67575,1774814399999,2700820775.900255,12314,720640.51475,1436742062.4138124,0
1774814400000,1993.75,2004.53,1941.35,1981.9,2128616.247,1774817999999,4229124105.5019975,13589,1030961.98875,2048218083.3592775,0
1774818000000,1993.75,2004.53,1941.35,1981.9,2128616.247,1774821599999,4229124105.5019975,13589,1030961.98875,2048218083.3592775,0
1774821600000,1993.75,2004.53,1941.35,1981.9,2128616.247,1774825199999,4229124105.5019975,13589,1030961.98875,2048218083.3592775,0
1774825200000,1993.75,2004.53,1941.35,1981.9,2128616.247,1774828799999,4229124105.5019975,13589,1030961.98875,2048218083.3592775,0
1774828800000,1981.9,2037.4,1978.48,2033.78,2706442.7215,1774832399999,5437651332.149293,14543,1679731.10825,3375189892.9995,0
1774832400000,1981.9,2037.4,1978.48,2033.78,2706442.7215,1774835999999,5437651332.149293,14543,1679731.10825,3375189892.9995,0
1774836000000,1981.9,2037.4,1978.48,2033.78,2706442.7215,1774839599999,5437651332.149293,14543,1679731.10825,3375189892.9995,0
1774839600000,1981.9,2037.4,1978.48,2033.78,2706442.7215,1774843199999,5437651332.149293,14543,1679731.10825,3375189892.9995,0
1774843200000,2033.8,2056.87,2033.78,2056.87,2232837.92025,1774846799999,4566933868.661205,14834,1259233.41225,2575761646.5321875,0
1774846800000,2033.8,2056.87,2033.78,2056.87,2232837.92025,1774850399999,4566933868.661205,14834,1259233.41225,2575761646.5321875,0
1774850400000,2033.8,2056.87,2033.78,2056.87,2232837.92025,1774853999999,4566933868.661205,14834,1259233.41225,2575761646.5321875,0
1774854000000,2033.8,2056.87,2033.78,2056.87,2232837.92025,1774857599999,4566933868.661205,14834,1259233.41225,2575761646.5321875,0
1774857600000,2056.89,2070.71,2047.83,2068.54,1681495.97325,1774861199999,3461822862.985965,11290,1032337.7135,2126624491.74372,0
1774861200000,2056.89,2070.71,2047.83,2068.54,1681495.97325,1774864799999,3461822862.985965,11290,1032337.7135,2126624491.74372,0
1774864800000,2056.89,2070.71,2047.83,2068.54,1681495.97325,1774868399999,3461822862.985965,11290,1032337.7135,2126624491.74372,0
1774868400000,2056.89,2070.71,2047.83,2068.54,1681495.97325,1774871999999,3461822862.985965,11290,1032337.7135,2126624491.74372,0
1774872000000,2068.54,2079.48,2047.29,2072.28,2506984.77125,1774875599999,5181868846.535843,15404,1344837.25025,2780333489.67426,0
1774875600000,2068.54,2079.48,2047.29,2072.28,2506984.77125,1774879199999,5181868846.535843,15404,1344837.25025,2780333489.67426,0
1774879200000,2068.54,2079.48,2047.29,2072.28,2506984.77125,1774882799999,5181868846.535843,15404,1344837.25025,2780333489.67426,0
1774882800000,2068.54,2079.48,2047.29,2072.28,2506984.77125,1774886399999,5181868846.535843,15404,1344837.25025,2780333489.67426,0
1774886400000,2072.28,2072.28,2011.93,2021.09,2579496.57825,1774889999999,5267893585.4193125,14158,1011174.79725,2063094120.478335,0
1774890000000,2072.28,2072.28,2011.93,2021.09,2579496.57825,1774893599999,5267893585.4193125,14158,1011174.79725,2063094120.478335,0
1774893600000,2072.28,2072.28,2011.93,2021.09,2579496.57825,1774897199999,5267893585.4193125,14158,1011174.79725,2063094120.478335,0
1774897200000,2072.28,2072.28,2011.93,2021.09,2579496.57825,1774900799999,5267893585.4193125,14158,1011174.79725,2063094120.478335,0
1774900800000,2021.09,2044.5,2017.52,2024.15,1988063.72225,1774904399999,4033711353.774255,13656,1032025.18025,2092859329.3493476,0
1774904400000,2021.09,2044.5,2017.52,2024.15,1988063.72225,1774907999999,4033711353.774255,13656,1032025.18025,2092859329.3493476,0
1774908000000,2021.09,2044.5,2017.52,2024.15,1988063.72225,1774911599999,4033711353.774255,13656,1032025.18025,2092859329.3493476,0
1774911600000,2021.09,2044.5,2017.52,2024.15,1988063.72225,1774915199999,4033711353.774255,13656,1032025.18025,2092859329.3493476,0
1774915200000,2024.15,2080.57,2015.42,2065.28,2623734.3435,1774918799999,5386309868.872355,14106,1293708.847,2653575737.38797,0
1774918800000,2024.15,2080.57,2015.42,2065.28,2623734.3435,1774922399999,5386309868.872355,14106,1293708.847,2653575737.38797,0
1774922400000,2024.15,2080.57,2015.42,2065.28,2623734.3435,1774925999999,5386309868.872355,14106,1293708.847,2653575737.38797,0
1774926000000,2024.15,2080.57,2015.42,2065.28,2623734.3435,1774929599999,5386309868.872355,14106,1293708.847,2653575737.38797,0
1774929600000,2065.59,2068.13,2042.07,2053.62,2076901.86475,1774933199999,4274593462.1685276,12916,921886.317,1897705908.6037724,0
1774933200000,2065.59,2068.13,2042.07,2053.62,2076901.86475,1774936799999,4274593462.1685276,12916,921886.317,1897705908.6037724,0
1774936800000,2065.59,2068.13,2042.07,2053.62,2076901.86475,1774940399999,4274593462.1685276,12916,921886.317,1897705908.6037724,0
1774940400000,2065.59,2068.13,2042.07,2053.62,2076901.86475,1774943999999,4274593462.1685276,12916,921886.317,1897705908.6037724,0
1774944000000,2053.62,2055.95,2013.91,2038.8,2053562.00325,1774947599999,4174293078.469315,9836,928578.03875,1884882862.0828724,0
1774947600000,2053.62,2055.95,2013.91,2038.8,2053562.00325,1774951199999,4174293078.469315,9836,928578.03875,1884882862.0828724,0
1774951200000,2053.62,2055.95,2013.91,2038.8,2053562.00325,1774954799999,4174293078.469315,9836,928578.03875,1884882862.0828724,0
1774954800000,2053.62,2055.95,2013.91,2038.8,2053562.00325,1774958399999,4174293078.469315,9836,928578.03875,1884882862.0828724,0
1774958400000,2038.8,2084.77,2035.28,2053.23,2486373.34675,1774961999999,5118830287.588147,9763,1443181.04425,2970222615.6439724,0
1774962000000,2038.8,2084.77,2035.28,2053.23,2486373.34675,1774965599999,5118830287.588147,9763,1443181.04425,2970222615.6439724,0
1774965600000,2038.8,2084.77,2035.28,2053.23,2486373.34675,1774969199999,5118830287.588147,9763,1443181.04425,2970222615.6439724,0
1774969200000,2038.8,2084.77,2035.28,2053.23,2486373.34675,1774972799999,5118830287.588147,9763,1443181.04425,2970222615.6439724,0
1774972800000,2053.28,2111.37,2053.23,2092.12,2498209.77625,1774976399999,5223301015.771547,10254,1403994.85825,2933988254.942735,0
1774976400000,2053.28,2111.37,2053.23,2092.12,2498209.77625,1774979999999,5223301015.771547,10254,1403994.85825,2933988254.942735,0
1774980000000,2053.28,2111.37,2053.23,2092.12,2498209.77625,1774983599999,5223301015.771547,10254,1403994.85825,2933988254.942735,0
1774983600000,2053.28,2111.37,2053.23,2092.12,2498209.77625,1774987199999,5223301015.771547,10254,1403994.85825,2933988254.942735,0
1774987200000,2092.12,2104.68,2088.39,2103.66,2017953.95925,1774990799999,4232681345.8777027,9354,1055748.7595,2215419024.926615,0
1774990800000,2092.12,2104.68,2088.39,2103.66,2017953.95925,1774994399999,4232681345.8777027,9354,1055748.7595,2215419024.926615,0
1774994400000,2092.12,2104.68,2088.39,2103.66,2017953.95925,1774997999999,4232681345.8777027,9354,1055748.7595,2215419024.926615,0
1774998000000,2092.12,2104.68,2088.39,2103.66,2017953.95925,1775001599999,4232681345.8777027,9354,1055748.7595,2215419024.926615,0
1775001600000,2103.38,2112.22,2081.4,2099.68,2337399.10175,1775005199999,4898048363.27112,10463,1035370.6765,2171740402.1206374,0
1775005200000,2103.38,2112.22,2081.4,2099.68,2337399.10175,1775008799999,4898048363.27112,10463,1035370.6765,2171740402.1206374,0
1775008800000,2103.38,2112.22,2081.4,2099.68,2337399.10175,1775012399999,4898048363.27112,10463,1035370.6765,2171740402.1206374,0
1775012400000,2103.38,2112.22,2081.4,2099.68,2337399.10175,1775015999999,4898048363.27112,10463,1035370.6765,2171740402.1206374,0
1775016000000,2100.23,2153.58,2098.88,2129.01,1925966.4825,1775019599999,4096932670.487745,9702,1120478.377,2380893958.27987,0
1775019600000,2100.23,2153.58,2098.88,2129.01,1925966.4825,1775023199999,4096932670.487745,9702,1120478.377,2380893958.27987,0
1775023200000,2100.23,2153.58,2098.88,2129.01,1925966.4825,1775026799999,4096932670.487745,9702,1120478.377,2380893958.27987,0
1775026800000,2100.23,2153.58,2098.88,2129.01,1925966.4825,1775030399999,4096932670.487745,9702,1120478.377,2380893958.27987,0
1775030400000,2129.08,2139.92,2124.61,2133.82,1622833.9175,1775033999999,3460350376.9839826,8309,842337.08775,1796457337.239415,0
1775034000000,2129.08,2139.92,2124.61,2133.82,1622833.9175,1775037599999,3460350376.9839826,8309,842337.08775,1796457337.239415,0
1775037600000,2129.08,2139.92,2124.61,2133.82,1622833.9175,1775041199999,3460350376.9839826,8309,842337.08775,1796457337.239415,0
1775041200000,2129.08,2139.92,2124.61,2133.82,1622833.9175,1775044799999,3460350376.9839826,8309,842337.08775,1796457337.239415,0
1775044800000,2133.82,2134.66,2112.06,2133.59,2191156.122,1775048399999,4657184338.480448,10193,1236210.8325,2627747085.3368726,0
1775048400000,2133.82,2134.66,2112.06,2133.59,2191156.122,1775051999999,4657184338.480448,10193,1236210.8325,2627747085.3368726,0
1775052000000,2133.82,2134.66,2112.06,2133.59,2191156.122,1775055599999,4657184338.480448,10193,1236210.8325,2627747085.3368726,0
1775055600000,2133.82,2134.66,2112.06,2133.59,2191156.122,1775059199999,4657184338.480448,10193,1236210.8325,2627747085.3368726,0
1775059200000,2133.59,2161.77,2124.59,2139.71,2247318.76075,1775062799999,4799754553.603832,10147,1188053.99325,2537726460.30213,0
1775062800000,2133.59,2161.77,2124.59,2139.71,2247318.76075,1775066399999,4799754553.603832,10147,1188053.99325,2537726460.30213,0
1775066400000,2133.59,2161.77,2124.59,2139.71,2247318.76075,1775069999999,4799754553.603832,10147,1188053.99325,2537726460.30213,0
1775070000000,2133.59,2161.77,2124.59,2139.71,2247318.76075,1775073599999,4799754553.603832,10147,1188053.99325,2537726460.30213,0
1775073600000,2139.75,2158.14,2131.05,2137.53,2043224.11875,1775077199999,4380048875.445535,9896,1061461.755,2276297035.4799075,0
1775077200000,2139.75,2158.14,2131.05,2137.53,2043224.11875,1775080799999,4380048875.445535,9896,1061461.755,2276297035.4799075,0
1775080800000,2139.75,2158.14,2131.05,2137.53,2043224.11875,1775084399999,4380048875.445535,9896,1061461.755,2276297035.4799075,0
1775084400000,2139.75,2158.14,2131.05,2137.53,2043224.11875,1775087999999,4380048875.445535,9896,1061461.755,2276297035.4799075,0
1775088000000,2137.12,2156.25,2052.11,2055.11,2443550.805,1775091599999,5129888156.282165,10433,916365.375,1926295563.9412274,0
1775091600000,2137.12,2156.25,2052.11,2055.11,2443550.805,1775095199999,5129888156.282165,10433,916365.375,1926295563.9412274,0
1775095200000,2137.12,2156.25,2052.11,2055.11,2443550.805,1775098799999,5129888156.282165,10433,916365.375,1926295563.9412274,0
1775098800000,2137.12,2156.25,2052.11,2055.11,2443550.805,1775102399999,5129888156.282165,10433,916365.375,1926295563.9412274,0
1775102400000,2055.11,2056.11,2040.67,2054.34,1800467.177,1775105999999,3686814316.5936127,9101,858664.5985,1758858019.2206075,0
1775106000000,2055.11,2056.11,2040.67,2054.34,1800467.177,1775109599999,3686814316.5936127,9101,858664.5985,1758858019.2206075,0
1775109600000,2055.11,2056.11,2040.67,2054.34,1800467.177,1775113199999,3686814316.5936127,9101,858664.5985,1758858019.2206075,0
1775113200000,2055.11,2056.11,2040.67,2054.34,1800467.177,1775116799999,3686814316.5936127,9101,858664.5985,1758858019.2206075,0
1775116800000,2054.33,2054.33,2030.83,2032.02,1376481.25825,1775120399999,2809375232.8097973,8145,459096.751,936571031.65721,0
1775120400000,2054.33,2054.33,2030.83,2032.02,1376481.25825,1775123999999,2809375232.8097973,8145,459096.751,936571031.65721,0
1775124000000,2054.33,2054.33,2030.83,2032.02,1376481.25825,1775127599999,2809375232.8097973,8145,459096.751,936571031.65721,0
1775127600000,2054.33,2054.33,2030.83,2032.02,1376481.25825,1775131199999,2809375232.8097973,8145,459096.751,936571031.65721,0
1775131200000,2032.02,2069.34,2017.48,2058.01,2400959.24725,1775134799999,4896784639.05796,9945,1239145.8295,2528180436.8287973,0
1775134800000,2032.02,2069.34,2017.48,2058.01,2400959.24725,1775138399999,4896784639.05796,9945,1239145.8295,2528180436.8287973,0
1775138400000,2032.02,2069.34,2017.48,2058.01,2400959.24725,1775141999999,4896784639.05796,9945,1239145.8295,2528180436.8287973,0
1775142000000,2032.02,2069.34,2017.48,2058.01,2400959.24725,1775145599999,4896784639.05796,9945,1239145.8295,2528180436.8287973,0
1775145600000,2057.84,2068.4,2043.82,2063.93,1848246.7845,1775149199999,3801397211.813805,8950,1004454.67675,2066496123.32313,0
1775149200000,2057.84,2068.4,2043.82,2063.93,1848246.7845,1775152799999,3801397211.813805,8950,1004454.67675,2066496123.32313,0
1775152800000,2057.84,2068.4,2043.82,2063.93,1848246.7845,1775156399999,3801397211.813805,8950,1004454.67675,2066496123.32313,0
1775156400000,2057.84,2068.4,2043.82,2063.93,1848246.7845,1775159999999,3801397211.813805,8950,1004454.67675,2066496123.32313,0
1775160000000,2063.93,2071.98,2053.18,2055.91,1529351.30075,1775163599999,3153228520.396415,8025,715804.5425,1476604304.70364,0
1775163600000,2063.93,2071.98,2053.18,2055.91,1529351.30075,1775167199999,3153228520.396415,8025,715804.5425,1476604304.70364,0
1775167200000,2063.93,2071.98,2053.18,2055.91,1529351.30075,1775170799999,3153228520.396415,8025,715804.5425,1476604304.70364,0
1775170800000,2063.93,2071.98,2053.18,2055.91,1529351.30075,1775174399999,3153228520.396415,8025,715804.5425,1476604304.70364,0
1775174400000,2055.91,2059.54,2042.07,2053.16,1859753.13025,1775177999999,3814946450.8169975,9277,898581.061,1843791104.35635,0
1775178000000,2055.91,2059.54,2042.07,2053.16,1859753.13025,1775181599999,3814946450.8169975,9277,898581.061,1843791104.35635,0
1775181600000,2055.91,2059.54,2042.07,2053.16,1859753.13025,1775185199999,3814946450.8169975,9277,898581.061,1843791104.35635,0
1775185200000,2055.91,2059.54,2042.07,2053.16,1859753.13025,1775188799999,3814946450.8169975,9277,898581.061,1843791104.35635,0
1775188800000,2053.0,2070.79,2048.38,2064.98,1422299.41975,1775192399999,2926983701.76285,8125,825398.59775,1698771280.753505,0
1775192400000,2053.0,2070.79,2048.38,2064.98,1422299.41975,1775195999999,2926983701.76285,8125,825398.59775,1698771280.753505,0
1775196000000,2053.0,2070.79,2048.38,2064.98,1422299.41975,1775199599999,2926983701.76285,8125,825398.59775,1698771280.753505,0
1775199600000,2053.0,2070.79,2048.38,2064.98,1422299.41975,1775203199999,2926983701.76285,8125,825398.59775,1698771280.753505,0
1775203200000,2064.98,2070.11,2052.79,2061.77,1090008.12225,1775206799999,2246096518.461775,8224,551654.348,1137016262.8611474,0
1775206800000,2064.98,2070.11,2052.79,2061.77,1090008.12225,1775210399999,2246096518.461775,8224,551654.348,1137016262.8611474,0
1775210400000,2064.98,2070.11,2052.79,2061.77,1090008.12225,1775213999999,2246096518.461775,8224,551654.348,1137016262.8611474,0
1775214000000,2064.98,2070.11,2052.79,2061.77,1090008.12225,1775217599999,2246096518.461775,8224,551654.348,1137016262.8611474,0
1775217600000,2061.66,2065.3,2041.53,2050.31,1753116.79175,1775221199999,3596985657.715065,9809,859454.24275,1763573886.26047,0
1775221200000,2061.66,2065.3,2041.53,2050.31,1753116.79175,1775224799999,3596985657.715065,9809,859454.24275,1763573886.26047,0
1775224800000,2061.66,2065.3,2041.53,2050.31,1753116.79175,1775228399999,3596985657.715065,9809,859454.24275,1763573886.26047,0
1775228400000,2061.66,2065.3,2041.53,2050.31,1753116.79175,1775231999999,3596985657.715065,9809,859454.24275,1763573886.26047,0
1775232000000,2050.31,2054.88,2044.74,2051.49,1146405.85825,1775235599999,2349909874.5762577,8483,631280.418,1294268938.449365,0
1775235600000,2050.31,2054.88,2044.74,2051.49,1146405.85825,1775239199999,2349909874.5762577,8483,631280.418,1294268938.449365,0
1775239200000,2050.31,2054.88,2044.74,2051.49,1146405.85825,1775242799999,2349909874.5762577,8483,631280.418,1294268938.449365,0
1775242800000,2050.31,2054.88,2044.74,2051.49,1146405.85825,1775246399999,2349909874.5762577,8483,631280.418,1294268938.449365,0
1775246400000,2051.35,2057.94,2048.25,2052.64,673483.08725,1775249999999,1382618422.576805,6263,341898.54425,701867708.317365,0
1775250000000,2051.35,2057.94,2048.25,2052.64,673483.08725,1775253599999,1382618422.576805,6263,341898.54425,701867708.317365,0
1775253600000,2051.35,2057.94,2048.25,2052.64,673483.08725,1775257199999,1382618422.576805,6263,341898.54425,701867708.317365,0
1775257200000,2051.35,2057.94,2048.25,2052.64,673483.08725,1775260799999,1382618422.576805,6263,341898.54425,701867708.317365,0
1775260800000,2052.64,2052.68,2047.56,2049.67,379519.34575,1775264399999,778118415.82517,5518,172934.50075,354598553.73318,0
1775264400000,2052.64,2052.68,2047.56,2049.67,379519.34575,1775267999999,778118415.82517,5518,172934.50075,354598553.73318,0
1775268000000,2052.64,2052.68,2047.56,2049.67,379519.34575,1775271599999,778118415.82517,5518,172934.50075,354598553.73318,0
1775271600000,2052.64,2052.68,2047.56,2049.67,379519.34575,1775275199999,778118415.82517,5518,172934.50075,354598553.73318,0
1775275200000,2049.67,2055.91,2047.92,2052.64,424099.21925,1775278799999,870300876.29489,5853,270199.81025,554484522.3361425,0
1775278800000,2049.67,2055.91,2047.92,2052.64,424099.21925,1775282399999,870300876.29489,5853,270199.81025,554484522.3361425,0
1775282400000,2049.67,2055.91,2047.92,2052.64,424099.21925,1775285999999,870300876.29489,5853,270199.81025,554484522.3361425,0
1775286000000,2049.67,2055.91,2047.92,2052.64,424099.21925,1775289599999,870300876.29489,5853,270199.81025,554484522.3361425,0
1775289600000,2052.64,2053.37,2047.18,2050.92,305323.71825,1775293199999,626156889.8623525,4044,170207.78475,349130812.231995,0
1775293200000,2052.64,2053.37,2047.18,2050.92,305323.71825,1775296799999,626156889.8623525,4044,170207.78475,349130812.231995,0
1775296800000,2052.64,2053.37,2047.18,2050.92,305323.71825,1775300399999,626156889.8623525,4044,170207.78475,349130812.231995,0
1775300400000,2052.64,2053.37,2047.18,2050.92,305323.71825,1775303999999,626156889.8623525,4044,170207.78475,349130812.231995,0
1775304000000,2050.19,2057.44,2045.41,2054.34,741304.0155,1775307599999,1520805474.467595,6545,442746.2575,908282631.443625,0
1775307600000,2050.19,2057.44,2045.41,2054.34,741304.0155,1775311199999,1520805474.467595,6545,442746.2575,908282631.443625,0
1775311200000,2050.19,2057.44,2045.41,2054.34,741304.0155,1775314799999,1520805474.467595,6545,442746.2575,908282631.443625,0
1775314800000,2050.19,2057.44,2045.41,2054.34,741304.0155,1775318399999,1520805474.467595,6545,442746.2575,908282631.443625,0
1775318400000,2054.34,2073.6,2052.55,2063.66,1017061.02825,1775321999999,2095105539.7419624,7611,583421.9105,1201840833.6126676,0
1775322000000,2054.34,2073.6,2052.55,2063.66,1017061.02825,1775325599999,2095105539.7419624,7611,583421.9105,1201840833.6126676,0
1775325600000,2054.34,2073.6,2052.55,2063.66,1017061.02825,1775329199999,2095105539.7419624,7611,583421.9105,1201840833.6126676,0
1775329200000,2054.34,2073.6,2052.55,2063.66,1017061.02825,1775332799999,2095105539.7419624,7611,583421.9105,1201840833.6126676,0
1775332800000,2063.66,2070.45,2059.0,2064.23,618729.23225,1775336399999,1277889732.9051726,6188,312449.6435,645511397.60131,0
1775336400000,2063.66,2070.45,2059.0,2064.23,618729.23225,1775339999999,1277889732.9051726,6188,312449.6435,645511397.60131,0
1775340000000,2063.66,2070.45,2059.0,2064.23,618729.23225,1775343599999,1277889732.9051726,6188,312449.6435,645511397.60131,0
1775343600000,2063.66,2070.45,2059.0,2064.23,618729.23225,1775347199999,1277889732.9051726,6188,312449.6435,645511397.60131,0
1775347200000,2064.08,2064.5,2053.12,2055.36,565310.1175,1775350799999,1163211063.15859,6245,186919.6515,384645962.39312,0
1775350800000,2064.08,2064.5,2053.12,2055.36,565310.1175,1775354399999,1163211063.15859,6245,186919.6515,384645962.39312,0
1775354400000,2064.08,2064.5,2053.12,2055.36,565310.1175,1775357999999,1163211063.15859,6245,186919.6515,384645962.39312,0
1775358000000,2064.08,2064.5,2053.12,2055.36,565310.1175,1775361599999,1163211063.15859,6245,186919.6515,384645962.39312,0
1775361600000,2055.27,2056.74,2028.48,2035.98,1133069.81125,1775365199999,2314008594.897645,7837,476613.8445,972769567.033995,0
1775365200000,2055.27,2056.74,2028.48,2035.98,1133069.81125,1775368799999,2314008594.897645,7837,476613.8445,972769567.033995,0
1775368800000,2055.27,2056.74,2028.48,2035.98,1133069.81125,1775372399999,2314008594.897645,7837,476613.8445,972769567.033995,0
1775372400000,2055.27,2056.74,2028.48,2035.98,1133069.81125,1775375999999,2314008594.897645,7837,476613.8445,972769567.033995,0
1775376000000,2035.94,2048.75,2035.27,2041.1,648217.07975,1775379599999,1323475088.08349,6622,396697.224,809725643.33876,0
1775379600000,2035.94,2048.75,2035.27,2041.1,648217.07975,1775383199999,1323475088.08349,6622,396697.224,809725643.33876,0
1775383200000,2035.94,2048.75,2035.27,2041.1,648217.07975,1775386799999,1323475088.08349,6622,396697.224,809725643.33876,0
1775386800000,2035.94,2048.75,2035.27,2041.1,648217.07975,1775390399999,1323475088.08349,6622,396697.224,809725643.33876,0
1775390400000,2041.1,2059.74,2022.17,2051.93,1820962.3405,1775393999999,3710665044.22522,10206,977030.2045,1991428122.2292175,0
1775394000000,2041.1,2059.74,2022.17,2051.93,1820962.3405,1775397599999,3710665044.22522,10206,977030.2045,1991428122.2292175,0
1775397600000,2041.1,2059.74,2022.17,2051.93,1820962.3405,1775401199999,3710665044.22522,10206,977030.2045,1991428122.2292175,0
1775401200000,2041.1,2059.74,2022.17,2051.93,1820962.3405,1775404799999,3710665044.22522,10206,977030.2045,1991428122.2292175,0
1775404800000,2051.92,2067.84,2048.31,2060.01,1374473.67775,1775408399999,2828930068.10226,8979,762989.518,1570661608.1607325,0
1775408400000,2051.92,2067.84,2048.31,2060.01,1374473.67775,1775411999999,2828930068.10226,8979,762989.518,1570661608.1607325,0
1775412000000,2051.92,2067.84,2048.31,2060.01,1374473.67775,1775415599999,2828930068.10226,8979,762989.518,1570661608.1607325,0
1775415600000,2051.92,2067.84,2048.31,2060.01,1374473.67775,1775419199999,2828930068.10226,8979,762989.518,1570661608.1607325,0
1775419200000,2060.01,2119.76,2049.84,2107.48,1946658.1155,1775422799999,4040028984.9948,10176,1287641.36425,2670349353.219665,0
1775422800000,2060.01,2119.76,2049.84,2107.48,1946658.1155,1775426399999,4040028984.9948,10176,1287641.36425,2670349353.219665,0
1775426400000,2060.01,2119.76,2049.84,2107.48,1946658.1155,1775429999999,4040028984.9948,10176,1287641.36425,2670349353.219665,0
1775430000000,2060.01,2119.76,2049.84,2107.48,1946658.1155,1775433599999,4040028984.9948,10176,1287641.36425,2670349353.219665,0
1775433600000,2107.48,2137.71,2107.44,2127.15,2063436.51975,1775437199999,4382383777.31938,10538,989918.265,2101307026.604935,0
1775437200000,2107.48,2137.71,2107.44,2127.15,2063436.51975,1775440799999,4382383777.31938,10538,989918.265,2101307026.604935,0
1775440800000,2107.48,2137.71,2107.44,2127.15,2063436.51975,1775444399999,4382383777.31938,10538,989918.265,2101307026.604935,0
1775444400000,2107.48,2137.71,2107.44,2127.15,2063436.51975,1775447999999,4382383777.31938,10538,989918.265,2101307026.604935,0
1775448000000,2127.15,2137.24,2120.07,2133.81,1473955.20875,1775451599999,3138228264.0216227,8915,777823.99925,1656493728.1287274,0
1775451600000,2127.15,2137.24,2120.07,2133.81,1473955.20875,1775455199999,3138228264.0216227,8915,777823.99925,1656493728.1287274,0
1775455200000,2127.15,2137.24,2120.07,2133.81,1473955.20875,1775458799999,3138228264.0216227,8915,777823.99925,1656493728.1287274,0
1775458800000,2127.15,2137.24,2120.07,2133.81,1473955.20875,1775462399999,3138228264.0216227,8915,777823.99925,1656493728.1287274,0
1775462400000,2133.82,2162.68,2133.63,2150.27,1432013.5205,1775465999999,3075666716.01865,8997,782631.2335,1681482800.4153874,0
1775466000000,2133.82,2162.68,2133.63,2150.27,1432013.5205,1775469599999,3075666716.01865,8997,782631.2335,1681482800.4153874,0
1775469600000,2133.82,2162.68,2133.63,2150.27,1432013.5205,1775473199999,3075666716.01865,8997,782631.2335,1681482800.4153874,0
1775473200000,2133.82,2162.68,2133.63,2150.27,1432013.5205,1775476799999,3075666716.01865,8997,782631.2335,1681482800.4153874,0
1775476800000,2150.27,2166.75,2138.16,2163.78,2061281.36325,1775480399999,4430694311.295195,10662,1200292.76825,2581548044.418505,0
1775480400000,2150.27,2166.75,2138.16,2163.78,2061281.36325,1775483999999,4430694311.295195,10662,1200292.76825,2581548044.418505,0
1775484000000,2150.27,2166.75,2138.16,2163.78,2061281.36325,1775487599999,4430694311.295195,10662,1200292.76825,2581548044.418505,0
1775487600000,2150.27,2166.75,2138.16,2163.78,2061281.36325,1775491199999,4430694311.295195,10662,1200292.76825,2581548044.418505,0
1775491200000,2164.05,2164.62,2125.05,2143.63,1930434.84625,1775494799999,4137670049.08245,10166,936320.96,2006221734.25807,0
1775494800000,2164.05,2164.62,2125.05,2143.63,1930434.84625,1775498399999,4137670049.08245,10166,936320.96,2006221734.25807,0
1775498400000,2164.05,2164.62,2125.05,2143.63,1930434.84625,1775501999999,4137670049.08245,10166,936320.96,2006221734.25807,0
1775502000000,2164.05,2164.62,2125.05,2143.63,1930434.84625,1775505599999,4137670049.08245,10166,936320.96,2006221734.25807,0
1775505600000,2143.63,2152.72,2089.65,2106.2,1752482.70275,1775509199999,3719946089.71719,9679,601111.5345,1272954087.11194,0
1775509200000,2143.63,2152.72,2089.65,2106.2,1752482.70275,1775512799999,3719946089.71719,9679,601111.5345,1272954087.11194,0
1775512800000,2143.63,2152.72,2089.65,2106.2,1752482.70275,1775516399999,3719946089.71719,9679,601111.5345,1272954087.11194,0
1775516400000,2143.63,2152.72,2089.65,2106.2,1752482.70275,1775519999999,3719946089.71719,9679,601111.5345,1272954087.11194,0
1775520000000,2106.2,2117.13,2092.9,2107.32,1801009.32025,1775523599999,3796102506.009525,9938,950531.47475,2003922823.8560226,0
1775523600000,2106.2,2117.13,2092.9,2107.32,1801009.32025,1775527199999,3796102506.009525,9938,950531.47475,2003922823.8560226,0
1775527200000,2106.2,2117.13,2092.9,2107.32,1801009.32025,1775530799999,3796102506.009525,9938,950531.47475,2003922823.8560226,0
1775530800000,2106.2,2117.13,2092.9,2107.32,1801009.32025,1775534399999,3796102506.009525,9938,950531.47475,2003922823.8560226,0
1775534400000,2107.77,2117.28,2096.23,2102.75,1706594.8875,1775537999999,3591139200.859765,13387,760346.85775,1600227014.32168,0
1775538000000,2107.77,2117.28,2096.23,2102.75,1706594.8875,1775541599999,3591139200.859765,13387,760346.85775,1600227014.32168,0
1775541600000,2107.77,2117.28,2096.23,2102.75,1706594.8875,1775545199999,3591139200.859765,13387,760346.85775,1600227014.32168,0
1775545200000,2107.77,2117.28,2096.23,2102.75,1706594.8875,1775548799999,3591139200.859765,13387,760346.85775,1600227014.32168,0
1775548800000,2102.75,2130.39,2082.63,2088.75,1885631.5965,1775552399999,3971954050.15729,10048,936831.30175,1974776474.802685,0
1775552400000,2102.75,2130.39,2082.63,2088.75,1885631.5965,1775555999999,3971954050.15729,10048,936831.30175,1974776474.802685,0
1775556000000,2102.75,2130.39,2082.63,2088.75,1885631.5965,1775559599999,3971954050.15729,10048,936831.30175,1974776474.802685,0
1775559600000,2102.75,2130.39,2082.63,2088.75,1885631.5965,1775563199999,3971954050.15729,10048,936831.30175,1974776474.802685,0
1775563200000,2088.75,2089.52,2062.09,2079.08,2215953.44325,1775566799999,4602165183.385398,10657,973762.42425,2022406088.201145,0
1775566800000,2088.75,2089.52,2062.09,2079.08,2215953.44325,1775570399999,4602165183.385398,10657,973762.42425,2022406088.201145,0
1775570400000,2088.75,2089.52,2062.09,2079.08,2215953.44325,1775573999999,4602165183.385398,10657,973762.42425,2022406088.201145,0
1775574000000,2088.75,2089.52,2062.09,2079.08,2215953.44325,1775577599999,4602165183.385398,10657,973762.42425,2022406088.201145,0
1775577600000,2079.1,2112.18,2077.71,2112.18,2021335.531,1775581199999,4223791574.3941374,9903,1210325.6135,2529850845.1467423,0
1775581200000,2079.1,2112.18,2077.71,2112.18,2021335.531,1775584799999,4223791574.3941374,9903,1210325.6135,2529850845.1467423,0
1775584800000,2079.1,2112.18,2077.71,2112.18,2021335.531,1775588399999,4223791574.3941374,9903,1210325.6135,2529850845.1467423,0
1775588400000,2079.1,2112.18,2077.71,2112.18,2021335.531,1775591999999,4223791574.3941374,9903,1210325.6135,2529850845.1467423,0
1775592000000,2112.18,2262.79,2111.31,2240.88,2736536.75625,1775595599999,5932242873.488202,11122,2032699.84775,4407001091.994985,0
1775595600000,2112.18,2262.79,2111.31,2240.88,2736536.75625,1775599199999,5932242873.488202,11122,2032699.84775,4407001091.994985,0
1775599200000,2112.18,2262.79,2111.31,2240.88,2736536.75625,1775602799999,5932242873.488202,11122,2032699.84775,4407001091.994985,0
1775602800000,2112.18,2262.79,2111.31,2240.88,2736536.75625,1775606399999,5932242873.488202,11122,2032699.84775,4407001091.994985,0
1775606400000,2241.74,2245.59,2229.77,2234.1,1580302.89575,1775609999999,3534568061.44343,7931,878590.3765,1965531618.790855,0
1775610000000,2241.74,2245.59,2229.77,2234.1,1580302.89575,1775613599999,3534568061.44343,7931,878590.3765,1965531618.790855,0
1775613600000,2241.74,2245.59,2229.77,2234.1,1580302.89575,1775617199999,3534568061.44343,7931,878590.3765,1965531618.790855,0
1775617200000,2241.74,2245.59,2229.77,2234.1,1580302.89575,1775620799999,3534568061.44343,7931,878590.3765,1965531618.790855,0
1775620800000,2234.1,2256.57,2234.1,2251.95,1201359.66375,1775624399999,2696848177.131425,7161,661180.87275,1484491137.5343676,0
1775624400000,2234.1,2256.57,2234.1,2251.95,1201359.66375,1775627999999,2696848177.131425,7161,661180.87275,1484491137.5343676,0
1775628000000,2234.1,2256.57,2234.1,2251.95,1201359.66375,1775631599999,2696848177.131425,7161,661180.87275,1484491137.5343676,0
1775631600000,2234.1,2256.57,2234.1,2251.95,1201359.66375,1775635199999,2696848177.131425,7161,661180.87275,1484491137.5343676,0
1775635200000,2251.95,2259.59,2239.25,2246.31,1916440.826,1775638799999,4312215576.361865,10564,1079743.23625,2429610181.9122324,0
1775638800000,2251.95,2259.59,2239.25,2246.31,1916440.826,1775642399999,4312215576.361865,10564,1079743.23625,2429610181.9122324,0
1775642400000,2251.95,2259.59,2239.25,2246.31,1916440.826,1775645999999,4312215576.361865,10564,1079743.23625,2429610181.9122324,0
1775646000000,2251.95,2259.59,2239.25,2246.31,1916440.826,1775649599999,4312215576.361865,10564,1079743.23625,2429610181.9122324,0
1775649600000,2246.31,2263.95,2192.08,2214.53,2137386.68775,1775653199999,4766195531.03442,10464,1167645.1865,2604800056.5293674,0
1775653200000,2246.31,2263.95,2192.08,2214.53,2137386.68775,1775656799999,4766195531.03442,10464,1167645.1865,2604800056.5293674,0
1775656800000,2246.31,2263.95,2192.08,2214.53,2137386.68775,1775660399999,4766195531.03442,10464,1167645.1865,2604800056.5293674,0
1775660400000,2246.31,2263.95,2192.08,2214.53,2137386.68775,1775663999999,4766195531.03442,10464,1167645.1865,2604800056.5293674,0
1775664000000,2214.53,2232.18,2199.05,2208.13,1905288.5275,1775667599999,4221784643.942505,9567,968025.784,2145121406.1250675,0
1775667600000,2214.53,2232.18,2199.05,2208.13,1905288.5275,1775671199999,4221784643.942505,9567,968025.784,2145121406.1250675,0
1775671200000,2214.53,2232.18,2199.05,2208.13,1905288.5275,1775674799999,4221784643.942505,9567,968025.784,2145121406.1250675,0
1775674800000,2214.53,2232.18,2199.05,2208.13,1905288.5275,1775678399999,4221784643.942505,9567,968025.784,2145121406.1250675,0
1775678400000,2208.13,2220.17,2182.59,2189.86,1725248.89325,1775681999999,3800123165.8466377,8948,749201.79975,1650599565.0997574,0
1775682000000,2208.13,2220.17,2182.59,2189.86,1725248.89325,1775685599999,3800123165.8466377,8948,749201.79975,1650599565.0997574,0
1775685600000,2208.13,2220.17,2182.59,2189.86,1725248.89325,1775689199999,3800123165.8466377,8948,749201.79975,1650599565.0997574,0
1775689200000,2208.13,2220.17,2182.59,2189.86,1725248.89325,1775692799999,3800123165.8466377,8948,749201.79975,1650599565.0997574,0
1775692800000,2189.86,2192.51,2166.64,2181.75,1669905.26875,1775696399999,3639327837.2642226,9724,775203.0205,1689558550.385385,0
1775696400000,2189.86,2192.51,2166.64,2181.75,1669905.26875,1775699999999,3639327837.2642226,9724,775203.0205,1689558550.385385,0
1775700000000,2189.86,2192.51,2166.64,2181.75,1669905.26875,1775703599999,3639327837.2642226,9724,775203.0205,1689558550.385385,0
1775703600000,2189.86,2192.51,2166.64,2181.75,1669905.26875,1775707199999,3639327837.2642226,9724,775203.0205,1689558550.385385,0
1775707200000,2181.75,2186.99,2175.46,2180.39,1204181.936,1775710799999,2625638599.4891024,8863,603009.73275,1315133286.5228624,0
1775710800000,2181.75,2186.99,2175.46,2180.39,1204181.936,1775714399999,2625638599.4891024,8863,603009.73275,1315133286.5228624,0
1775714400000,2181.75,2186.99,2175.46,2180.39,1204181.936,1775717999999,2625638599.4891024,8863,603009.73275,1315133286.5228624,0
1775718000000,2181.75,2186.99,2175.46,2180.39,1204181.936,1775721599999,2625638599.4891024,8863,603009.73275,1315133286.5228624,0
1775721600000,2180.32,2194.62,2176.1,2179.18,1558660.8365,1775725199999,3406156390.53642,9346,784328.08875,1714739870.5261874,0
1775725200000,2180.32,2194.62,2176.1,2179.18,1558660.8365,1775728799999,3406156390.53642,9346,784328.08875,1714739870.5261874,0
1775728800000,2180.32,2194.62,2176.1,2179.18,1558660.8365,1775732399999,3406156390.53642,9346,784328.08875,1714739870.5261874,0
1775732400000,2180.32,2194.62,2176.1,2179.18,1558660.8365,1775735999999,3406156390.53642,9346,784328.08875,1714739870.5261874,0
1775736000000,2179.36,2219.97,2159.03,2215.84,2132707.7965,1775739599999,4647639933.825268,10359,1156377.5745,2524896554.565895,0
1775739600000,2179.36,2219.97,2159.03,2215.84,2132707.7965,1775743199999,4647639933.825268,10359,1156377.5745,2524896554.565895,0
1775743200000,2179.36,2219.97,2159.03,2215.84,2132707.7965,1775746799999,4647639933.825268,10359,1156377.5745,2524896554.565895,0
1775746800000,2179.36,2219.97,2159.03,2215.84,2132707.7965,1775750399999,4647639933.825268,10359,1156377.5745,2524896554.565895,0
1775750400000,2215.78,2226.46,2194.0,2216.36,2262805.451,1775753999999,5003909914.136815,10155,1136554.02075,2513608082.57122,0
1775754000000,2215.78,2226.46,2194.0,2216.36,2262805.451,1775757599999,5003909914.136815,10155,1136554.02075,2513608082.57122,0
1775757600000,2215.78,2226.46,2194.0,2216.36,2262805.451,1775761199999,5003909914.136815,10155,1136554.02075,2513608082.57122,0
1775761200000,2215.78,2226.46,2194.0,2216.36,2262805.451,1775764799999,5003909914.136815,10155,1136554.02075,2513608082.57122,0
1775764800000,2216.36,2232.18,2184.61,2188.51,2079489.019,1775768399999,4594842675.941072,10404,1059591.26225,2343409999.3018527,0
1775768400000,2216.36,2232.18,2184.61,2188.51,2079489.019,1775771999999,4594842675.941072,10404,1059591.26225,2343409999.3018527,0
1775772000000,2216.36,2232.18,2184.61,2188.51,2079489.019,1775775599999,4594842675.941072,10404,1059591.26225,2343409999.3018527,0
1775775600000,2216.36,2232.18,2184.61,2188.51,2079489.019,1775779199999,4594842675.941072,10404,1059591.26225,2343409999.3018527,0
1775779200000,2188.48,2201.16,2182.83,2185.33,1891238.24,1775782799999,4142825483.1693525,12649,921329.55075,2018689327.15324,0
1775782800000,2188.48,2201.16,2182.83,2185.33,1891238.24,1775786399999,4142825483.1693525,12649,921329.55075,2018689327.15324,0
1775786400000,2188.48,2201.16,2182.83,2185.33,1891238.24,1775789999999,4142825483.1693525,12649,921329.55075,2018689327.15324,0
1775790000000,2188.48,2201.16,2182.83,2185.33,1891238.24,1775793599999,4142825483.1693525,12649,921329.55075,2018689327.15324,0
1775793600000,2185.33,2201.75,2176.25,2178.62,1513466.16575,1775797199999,3314361691.03771,15792,725292.579,1589421294.83881,0
1775797200000,2185.33,2201.75,2176.25,2178.62,1513466.16575,1775800799999,3314361691.03771,15792,725292.579,1589421294.83881,0
1775800800000,2185.33,2201.75,2176.25,2178.62,1513466.16575,1775804399999,3314361691.03771,15792,725292.579,1589421294.83881,0
1775804400000,2185.33,2201.75,2176.25,2178.62,1513466.16575,1775807999999,3314361691.03771,15792,725292.579,1589421294.83881,0
1775808000000,2178.57,2223.28,2176.25,2215.27,1706694.39775,1775811599999,3749797465.86421,16241,1246720.90825,2739334591.3863873,0
1775811600000,2178.57,2223.28,2176.25,2215.27,1706694.39775,1775815199999,3749797465.86421,16241,1246720.90825,2739334591.3863873,0
1775815200000,2178.57,2223.28,2176.25,2215.27,1706694.39775,1775818799999,3749797465.86421,16241,1246720.90825,2739334591.3863873,0
1775818800000,2178.57,2223.28,2176.25,2215.27,1706694.39775,1775822399999,3749797465.86421,16241,1246720.90825,2739334591.3863873,0
1775822400000,2215.27,2250.13,2209.4,2222.78,2406572.324,1775825999999,5362624822.465475,16636,1342774.906,2992566406.9790077,0
1775826000000,2215.27,2250.13,2209.4,2222.78,2406572.324,1775829599999,5362624822.465475,16636,1342774.906,2992566406.9790077,0
1775829600000,2215.27,2250.13,2209.4,2222.78,2406572.324,1775833199999,5362624822.465475,16636,1342774.906,2992566406.9790077,0
1775833200000,2215.27,2250.13,2209.4,2222.78,2406572.324,1775836799999,5362624822.465475,16636,1342774.906,2992566406.9790077,0
1775836800000,2222.78,2252.33,2221.09,2252.33,2120770.79675,1775840399999,4755397496.845122,17641,1340952.993,3006113533.7364573,0
1775840400000,2222.78,2252.33,2221.09,2252.33,2120770.79675,1775843999999,4755397496.845122,17641,1340952.993,3006113533.7364573,0
1775844000000,2222.78,2252.33,2221.09,2252.33,2120770.79675,1775847599999,4755397496.845122,17641,1340952.993,3006113533.7364573,0
1775847600000,2222.78,2252.33,2221.09,2252.33,2120770.79675,1775851199999,4755397496.845122,17641,1340952.993,3006113533.7364573,0
1775851200000,2252.33,2255.65,2239.13,2244.64,1686435.8055,1775854799999,3791931803.03052,15896,783220.57975,1761407157.97638,0
1775854800000,2252.33,2255.65,2239.13,2244.64,1686435.8055,1775858399999,3791931803.03052,15896,783220.57975,1761407157.97638,0
1775858400000,2252.33,2255.65,2239.13,2244.64,1686435.8055,1775861999999,3791931803.03052,15896,783220.57975,1761407157.97638,0
1775862000000,2252.33,2255.65,2239.13,2244.64,1686435.8055,1775865599999,3791931803.03052,15896,783220.57975,1761407157.97638,0
1775865600000,2244.63,2250.55,2235.42,2238.07,1189984.17075,1775869199999,2668913714.67057,13943,559312.01275,1254549197.9115474,0
1775869200000,2244.63,2250.55,2235.42,2238.07,1189984.17075,1775872799999,2668913714.67057,13943,559312.01275,1254549197.9115474,0
1775872800000,2244.63,2250.55,2235.42,2238.07,1189984.17075,1775876399999,2668913714.67057,13943,559312.01275,1254549197.9115474,0
1775876400000,2244.63,2250.55,2235.42,2238.07,1189984.17075,1775879999999,2668913714.67057,13943,559312.01275,1254549197.9115474,0
1775880000000,2238.07,2242.68,2230.39,2232.58,1106586.048,1775883599999,2473927197.30548,14667,481505.6975,1076646046.93361,0
1775883600000,2238.07,2242.68,2230.39,2232.58,1106586.048,1775887199999,2473927197.30548,14667,481505.6975,1076646046.93361,0
1775887200000,2238.07,2242.68,2230.39,2232.58,1106586.048,1775890799999,2473927197.30548,14667,481505.6975,1076646046.93361,0
1775890800000,2238.07,2242.68,2230.39,2232.58,1106586.048,1775894399999,2473927197.30548,14667,481505.6975,1076646046.93361,0
1775894400000,2232.56,2246.63,2232.23,2246.17,1010446.913,1775897999999,2263580739.502595,13076,693810.61575,1554553260.7233224,0
1775898000000,2232.56,2246.63,2232.23,2246.17,1010446.913,1775901599999,2263580739.502595,13076,693810.61575,1554553260.7233224,0
1775901600000,2232.56,2246.63,2232.23,2246.17,1010446.913,1775905199999,2263580739.502595,13076,693810.61575,1554553260.7233224,0
1775905200000,2232.56,2246.63,2232.23,2246.17,1010446.913,1775908799999,2263580739.502595,13076,693810.61575,1554553260.7233224,0
1775908800000,2246.17,2250.72,2234.21,2249.54,1138680.754,1775912399999,2553614343.8757424,14479,616051.47225,1381906185.02246,0
1775912400000,2246.17,2250.72,2234.21,2249.54,1138680.754,1775915999999,2553614343.8757424,14479,616051.47225,1381906185.02246,0
1775916000000,2246.17,2250.72,2234.21,2249.54,1138680.754,1775919599999,2553614343.8757424,14479,616051.47225,1381906185.02246,0
1775919600000,2246.17,2250.72,2234.21,2249.54,1138680.754,1775923199999,2553614343.8757424,14479,616051.47225,1381906185.02246,0
1775923200000,2249.76,2326.79,2246.3,2315.07,1854792.63025,1775926799999,4229529358.43473,14744,1083968.21925,2471510384.75178,0
1775926800000,2249.76,2326.79,2246.3,2315.07,1854792.63025,1775930399999,4229529358.43473,14744,1083968.21925,2471510384.75178,0
1775930400000,2249.76,2326.79,2246.3,2315.07,1854792.63025,1775933999999,4229529358.43473,14744,1083968.21925,2471510384.75178,0
1775934000000,2249.76,2326.79,2246.3,2315.07,1854792.63025,1775937599999,4229529358.43473,14744,1083968.21925,2471510384.75178,0
1775937600000,2315.07,2316.57,2279.02,2284.34,2075642.26875,1775941199999,4769315945.718905,16134,999088.675,2295000183.13049,0
1775941200000,2315.07,2316.57,2279.02,2284.34,2075642.26875,1775944799999,4769315945.718905,16134,999088.675,2295000183.13049,0
1775944800000,2315.07,2316.57,2279.02,2284.34,2075642.26875,1775948399999,4769315945.718905,16134,999088.675,2295000183.13049,0
1775948400000,2315.07,2316.57,2279.02,2284.34,2075642.26875,1775951999999,4769315945.718905,16134,999088.675,2295000183.13049,0
1775952000000,2284.34,2287.95,2214.29,2214.33,2348417.61525,1775955599999,5274016915.535977,16851,1012772.08225,2274927334.5072627,0
1775955600000,2284.34,2287.95,2214.29,2214.33,2348417.61525,1775959199999,5274016915.535977,16851,1012772.08225,2274927334.5072627,0
1775959200000,2284.34,2287.95,2214.29,2214.33,2348417.61525,1775962799999,5274016915.535977,16851,1012772.08225,2274927334.5072627,0
1775962800000,2284.34,2287.95,2214.29,2214.33,2348417.61525,1775966399999,5274016915.535977,16851,1012772.08225,2274927334.5072627,0
1775966400000,2214.34,2220.05,2209.62,2219.02,1327926.93,1775969999999,2940940409.55538,16335,706095.0265,1564145716.0942924,0
1775970000000,2214.34,2220.05,2209.62,2219.02,1327926.93,1775973599999,2940940409.55538,16335,706095.0265,1564145716.0942924,0
1775973600000,2214.34,2220.05,2209.62,2219.02,1327926.93,1775977199999,2940940409.55538,16335,706095.0265,1564145716.0942924,0
1775977200000,2214.34,2220.05,2209.62,2219.02,1327926.93,1775980799999,2940940409.55538,16335,706095.0265,1564145716.0942924,0
1775980800000,2219.02,2220.05,2199.05,2204.39,852156.697,1775984399999,1883268126.8907626,12261,352115.962,778173516.0131975,0
1775984400000,2219.02,2220.05,2199.05,2204.39,852156.697,1775987999999,1883268126.8907626,12261,352115.962,778173516.0131975,0
1775988000000,2219.02,2220.05,2199.05,2204.39,852156.697,1775991599999,1883268126.8907626,12261,352115.962,778173516.0131975,0
1775991600000,2219.02,2220.05,2199.05,2204.39,852156.697,1775995199999,1883268126.8907626,12261,352115.962,778173516.0131975,0
1775995200000,2204.3,2207.56,2177.8,2186.28,1873959.337,1775998799999,4106820180.9461327,15903,957876.00475,2099298348.9675224,0
1775998800000,2204.3,2207.56,2177.8,2186.28,1873959.337,1776002399999,4106820180.9461327,15903,957876.00475,2099298348.9675224,0
1776002400000,2204.3,2207.56,2177.8,2186.28,1873959.337,1776005999999,4106820180.9461327,15903,957876.00475,2099298348.9675224,0
1776006000000,2204.3,2207.56,2177.8,2186.28,1873959.337,1776009599999,4106820180.9461327,15903,957876.00475,2099298348.9675224,0
1776009600000,2186.24,2205.95,2182.99,2197.9,1343113.38725,1776013199999,2948648389.75456,15486,770982.534,1692807312.6683326,0
1776013200000,2186.24,2205.95,2182.99,2197.9,1343113.38725,1776016799999,2948648389.75456,15486,770982.534,1692807312.6683326,0
1776016800000,2186.24,2205.95,2182.99,2197.9,1343113.38725,1776020399999,2948648389.75456,15486,770982.534,1692807312.6683326,0
1776020400000,2186.24,2205.95,2182.99,2197.9,1343113.38725,1776023999999,2948648389.75456,15486,770982.534,1692807312.6683326,0
1776024000000,2198.18,2215.18,2185.1,2190.96,2212053.3035,1776027599999,4862910931.779263,16979,1204077.1275,2647778656.0971,0
1776027600000,2198.18,2215.18,2185.1,2190.96,2212053.3035,1776031199999,4862910931.779263,16979,1204077.1275,2647778656.0971,0
1776031200000,2198.18,2215.18,2185.1,2190.96,2212053.3035,1776034799999,4862910931.779263,16979,1204077.1275,2647778656.0971,0
1776034800000,2198.18,2215.18,2185.1,2190.96,2212053.3035,1776038399999,4862910931.779263,16979,1204077.1275,2647778656.0971,0
1776038400000,2191.03,2207.3,2187.15,2193.58,1767820.43725,1776041999999,3886625736.377805,15567,861296.1435,1893911654.978845,0
1776042000000,2191.03,2207.3,2187.15,2193.58,1767820.43725,1776045599999,3886625736.377805,15567,861296.1435,1893911654.978845,0
1776045600000,2191.03,2207.3,2187.15,2193.58,1767820.43725,1776049199999,3886625736.377805,15567,861296.1435,1893911654.978845,0
1776049200000,2191.03,2207.3,2187.15,2193.58,1767820.43725,1776052799999,3886625736.377805,15567,861296.1435,1893911654.978845,0
1776052800000,2193.63,2199.19,2182.75,2185.79,1705023.8125,1776056399999,3736309956.6818075,16279,845433.7375,1852859051.2944775,0
1776056400000,2193.63,2199.19,2182.75,2185.79,1705023.8125,1776059999999,3736309956.6818075,16279,845433.7375,1852859051.2944775,0
1776060000000,2193.63,2199.19,2182.75,2185.79,1705023.8125,1776063599999,3736309956.6818075,16279,845433.7375,1852859051.2944775,0
1776063600000,2193.63,2199.19,2182.75,2185.79,1705023.8125,1776067199999,3736309956.6818075,16279,845433.7375,1852859051.2944775,0
1776067200000,2185.78,2195.0,2180.16,2186.92,1582892.495,1776070799999,3459207939.014675,15854,664980.049,1453551867.046555,0
1776070800000,2185.78,2195.0,2180.16,2186.92,1582892.495,1776074399999,3459207939.014675,15854,664980.049,1453551867.046555,0
1776074400000,2185.78,2195.0,2180.16,2186.92,1582892.495,1776077999999,3459207939.014675,15854,664980.049,1453551867.046555,0
1776078000000,2185.78,2195.0,2180.16,2186.92,1582892.495,1776081599999,3459207939.014675,15854,664980.049,1453551867.046555,0
1776081600000,2186.92,2228.56,2176.43,2208.85,2521884.996,1776085199999,5550450662.582573,15108,1293754.21675,2850560241.294385,0
1776085200000,2186.92,2228.56,2176.43,2208.85,2521884.996,1776088799999,5550450662.582573,15108,1293754.21675,2850560241.294385,0
1776088800000,2186.92,2228.56,2176.43,2208.85,2521884.996,1776092399999,5550450662.582573,15108,1293754.21675,2850560241.294385,0
1776092400000,2186.92,2228.56,2176.43,2208.85,2521884.996,1776095999999,5550450662.582573,15108,1293754.21675,2850560241.294385,0
1776096000000,2209.0,2264.69,2203.11,2262.99,2339010.6075,1776099599999,5216071805.589533,15635,1360609.3065,3035931249.2832227,0
1776099600000,2209.0,2264.69,2203.11,2262.99,2339010.6075,1776103199999,5216071805.589533,15635,1360609.3065,3035931249.2832227,0
1776103200000,2209.0,2264.69,2203.11,2262.99,2339010.6075,1776106799999,5216071805.589533,15635,1360609.3065,3035931249.2832227,0
1776106800000,2209.0,2264.69,2203.11,2262.99,2339010.6075,1776110399999,5216071805.589533,15635,1360609.3065,3035931249.2832227,0
1776110400000,2262.99,2430.0,2248.71,2371.71,2638317.581,1776113999999,6068020739.83265,16196,1753084.081,4038621760.331285,0
1776114000000,2262.99,2430.0,2248.71,2371.71,2638317.581,1776117599999,6068020739.83265,16196,1753084.081,4038621760.331285,0
1776117600000,2262.99,2430.0,2248.71,2371.71,2638317.581,1776121199999,6068020739.83265,16196,1753084.081,4038621760.331285,0
1776121200000,2262.99,2430.0,2248.71,2371.71,2638317.581,1776124799999,6068020739.83265,16196,1753084.081,4038621760.331285,0
1776124800000,2371.78,2376.4,2351.99,2365.84,1904230.5935,1776128399999,4508717262.510585,16962,876464.09,2075758002.09643,0
1776128400000,2371.78,2376.4,2351.99,2365.84,1904230.5935,1776131999999,4508717262.510585,16962,876464.09,2075758002.09643,0
1776132000000,2371.78,2376.4,2351.99,2365.84,1904230.5935,1776135599999,4508717262.510585,16962,876464.09,2075758002.09643,0
1776135600000,2371.78,2376.4,2351.99,2365.84,1904230.5935,1776139199999,4508717262.510585,16962,876464.09,2075758002.09643,0
1776139200000,2365.87,2383.09,2355.67,2376.93,1598082.15375,1776142799999,3784823259.66795,16390,829647.61675,1965508912.016705,0
1776142800000,2365.87,2383.09,2355.67,2376.93,1598082.15375,1776146399999,3784823259.66795,16390,829647.61675,1965508912.016705,0
1776146400000,2365.87,2383.09,2355.67,2376.93,1598082.15375,1776149999999,3784823259.66795,16390,829647.61675,1965508912.016705,0
1776150000000,2365.87,2383.09,2355.67,2376.93,1598082.15375,1776153599999,3784823259.66795,16390,829647.61675,1965508912.016705,0
1776153600000,2376.93,2394.5,2369.26,2374.26,1825124.3065,1776157199999,4347294137.90825,16564,1059404.1015,2523378971.1850977,0
1776157200000,2376.93,2394.5,2369.26,2374.26,1825124.3065,1776160799999,4347294137.90825,16564,1059404.1015,2523378971.1850977,0
1776160800000,2376.93,2394.5,2369.26,2374.26,1825124.3065,1776164399999,4347294137.90825,16564,1059404.1015,2523378971.1850977,0
1776164400000,2376.93,2394.5,2369.26,2374.26,1825124.3065,1776167999999,4347294137.90825,16564,1059404.1015,2523378971.1850977,0
1776168000000,2374.25,2406.85,2340.18,2363.81,2323510.9905,1776171599999,5513446940.40913,15239,1253165.0955,2976933377.3900223,0
1776171600000,2374.25,2406.85,2340.18,2363.81,2323510.9905,1776175199999,5513446940.40913,15239,1253165.0955,2976933377.3900223,0
1776175200000,2374.25,2406.85,2340.18,2363.81,2323510.9905,1776178799999,5513446940.40913,15239,1253165.0955,2976933377.3900223,0
1776178800000,2374.25,2406.85,2340.18,2363.81,2323510.9905,1776182399999,5513446940.40913,15239,1253165.0955,2976933377.3900223,0
1776182400000,2363.81,2370.42,2306.9,2313.54,2203255.072,1776185999999,5144418914.111953,14222,1052744.3305,2458082604.4959474,0
1776186000000,2363.81,2370.42,2306.9,2313.54,2203255.072,1776189599999,5144418914.111953,14222,1052744.3305,2458082604.4959474,0
1776189600000,2363.81,2370.42,2306.9,2313.54,2203255.072,1776193199999,5144418914.111953,14222,1052744.3305,2458082604.4959474,0
1776193200000,2363.81,2370.42,2306.9,2313.54,2203255.072,1776196799999,5144418914.111953,14222,1052744.3305,2458082604.4959474,0
1776196800000,2314.02,2331.55,2310.87,2322.74,2209433.3555,1776200399999,5123488281.71784,16588,1366938.3965,3170423192.38366,0
1776200400000,2314.02,2331.55,2310.87,2322.74,2209433.3555,1776203999999,5123488281.71784,16588,1366938.3965,3170423192.38366,0
1776204000000,2314.02,2331.55,2310.87,2322.74,2209433.3555,1776207599999,5123488281.71784,16588,1366938.3965,3170423192.38366,0
1776207600000,2314.02,2331.55,2310.87,2322.74,2209433.3555,1776211199999,5123488281.71784,16588,1366938.3965,3170423192.38366,0
1776211200000,2322.74,2339.67,2318.93,2328.82,1972057.07975,1776214799999,4596730884.72679,16389,1061974.24075,2475923864.194955,0
1776214800000,2322.74,2339.67,2318.93,2328.82,1972057.07975,1776218399999,4596730884.72679,16389,1061974.24075,2475923864.194955,0
1776218400000,2322.74,2339.67,2318.93,2328.82,1972057.07975,1776221999999,4596730884.72679,16389,1061974.24075,2475923864.194955,0
1776222000000,2322.74,2339.67,2318.93,2328.82,1972057.07975,1776225599999,4596730884.72679,16389,1061974.24075,2475923864.194955,0
1776225600000,2328.8,2337.48,2310.48,2316.42,1760418.15425,1776229199999,4089581691.003375,14703,918046.96075,2133145846.4608,0
1776229200000,2328.8,2337.48,2310.48,2316.42,1760418.15425,1776232799999,4089581691.003375,14703,918046.96075,2133145846.4608,0
1776232800000,2328.8,2337.48,2310.48,2316.42,1760418.15425,1776236399999,4089581691.003375,14703,918046.96075,2133145846.4608,0
1776236400000,2328.8,2337.48,2310.48,2316.42,1760418.15425,1776239999999,4089581691.003375,14703,918046.96075,2133145846.4608,0
1776240000000,2316.42,2337.16,2313.48,2337.1,2072567.88775,1776243599999,4814088350.585197,17033,1248827.7405,2901462087.08512,0
1776243600000,2316.42,2337.16,2313.48,2337.1,2072567.88775,1776247199999,4814088350.585197,17033,1248827.7405,2901462087.08512,0
1776247200000,2316.42,2337.16,2313.48,2337.1,2072567.88775,1776250799999,4814088350.585197,17033,1248827.7405,2901462087.08512,0
1776250800000,2316.42,2337.16,2313.48,2337.1,2072567.88775,1776254399999,4814088350.585197,17033,1248827.7405,2901462087.08512,0
1776254400000,2337.1,2342.98,2318.88,2331.64,2279067.41325,1776257999999,5315808947.624428,15348,1231751.123,2872912910.315275,0
1776258000000,2337.1,2342.98,2318.88,2331.64,2279067.41325,1776261599999,5315808947.624428,15348,1231751.123,2872912910.315275,0
1776261600000,2337.1,2342.98,2318.88,2331.64,2279067.41325,1776265199999,5315808947.624428,15348,1231751.123,2872912910.315275,0
1776265200000,2337.1,2342.98,2318.88,2331.64,2279067.41325,1776268799999,5315808947.624428,15348,1231751.123,2872912910.315275,0
1776268800000,2331.64,2376.88,2329.45,2375.1,2163105.542,1776272399999,5086085145.643775,13565,1415576.1155,3328705858.5236726,0
1776272400000,2331.64,2376.88,2329.45,2375.1,2163105.542,1776275999999,5086085145.643775,13565,1415576.1155,3328705858.5236726,0
1776276000000,2331.64,2376.88,2329.45,2375.1,2163105.542,1776279599999,5086085145.643775,13565,1415576.1155,3328705858.5236726,0
1776279600000,2331.64,2376.88,2329.45,2375.1,2163105.542,1776283199999,5086085145.643775,13565,1415576.1155,3328705858.5236726,0
1776283200000,2375.29,2375.82,2348.7,2359.3,2188005.5685,1776286799999,5166048640.36763,14019,1073742.8055,2534206120.0313873,0
1776286800000,2375.29,2375.82,2348.7,2359.3,2188005.5685,1776290399999,5166048640.36763,14019,1073742.8055,2534206120.0313873,0
1776290400000,2375.29,2375.82,2348.7,2359.3,2188005.5685,1776293999999,5166048640.36763,14019,1073742.8055,2534206120.0313873,0
1776294000000,2375.29,2375.82,2348.7,2359.3,2188005.5685,1776297599999,5166048640.36763,14019,1073742.8055,2534206120.0313873,0
1776297600000,2359.36,2368.1,2348.59,2357.24,2022580.7305,1776301199999,4766417610.206042,14345,1113950.2295,2625969040.98947,0
1776301200000,2359.36,2368.1,2348.59,2357.24,2022580.7305,1776304799999,4766417610.206042,14345,1113950.2295,2625969040.98947,0
1776304800000,2359.36,2368.1,2348.59,2357.24,2022580.7305,1776308399999,4766417610.206042,14345,1113950.2295,2625969040.98947,0
1776308400000,2359.36,2368.1,2348.59,2357.24,2022580.7305,1776311999999,4766417610.206042,14345,1113950.2295,2625969040.98947,0
1776312000000,2357.29,2362.25,2339.26,2341.07,1519998.8175,1776315599999,3578705507.4001226,13846,656122.38975,1545462413.4927976,0
1776315600000,2357.29,2362.25,2339.26,2341.07,1519998.8175,1776319199999,3578705507.4001226,13846,656122.38975,1545462413.4927976,0
1776319200000,2357.29,2362.25,2339.26,2341.07,1519998.8175,1776322799999,3578705507.4001226,13846,656122.38975,1545462413.4927976,0
1776322800000,2357.29,2362.25,2339.26,2341.07,1519998.8175,1776326399999,3578705507.4001226,13846,656122.38975,1545462413.4927976,0
1776326400000,2340.97,2347.39,2328.73,2335.41,1424240.96275,1776329999999,3328224863.3712025,12874,625145.0435,1461170482.7436626,0
1776330000000,2340.97,2347.39,2328.73,2335.41,1424240.96275,1776333599999,3328224863.3712025,12874,625145.0435,1461170482.7436626,0
1776333600000,2340.97,2347.39,2328.73,2335.41,1424240.96275,1776337199999,3328224863.3712025,12874,625145.0435,1461170482.7436626,0
1776337200000,2340.97,2347.39,2328.73,2335.41,1424240.96275,1776340799999,3328224863.3712025,12874,625145.0435,1461170482.7436626,0
1776340800000,2335.41,2348.69,2288.08,2339.83,2252867.08375,1776344399999,5237304711.28608,14101,1194932.186,2778676902.0539727,0
1776344400000,2335.41,2348.69,2288.08,2339.83,2252867.08375,1776347999999,5237304711.28608,14101,1194932.186,2778676902.0539727,0
1776348000000,2335.41,2348.69,2288.08,2339.83,2252867.08375,1776351599999,5237304711.28608,14101,1194932.186,2778676902.0539727,0
1776351600000,2335.41,2348.69,2288.08,2339.83,2252867.08375,1776355199999,5237304711.28608,14101,1194932.186,2778676902.0539727,0
1776355200000,2339.75,2359.99,2312.76,2357.59,2303589.50075,1776358799999,5370340513.83006,14792,1297769.00725,3030835868.0161824,0
1776358800000,2339.75,2359.99,2312.76,2357.59,2303589.50075,1776362399999,5370340513.83006,14792,1297769.00725,3030835868.0161824,0
1776362400000,2339.75,2359.99,2312.76,2357.59,2303589.50075,1776365999999,5370340513.83006,14792,1297769.00725,3030835868.0161824,0
1776366000000,2339.75,2359.99,2312.76,2357.59,2303589.50075,1776369599999,5370340513.83006,14792,1297769.00725,3030835868.0161824,0
1776369600000,2357.59,2362.56,2338.11,2348.25,1940628.88825,1776373199999,4555907528.400535,16560,984885.7605,2312740768.9914,0
1776373200000,2357.59,2362.56,2338.11,2348.25,1940628.88825,1776376799999,4555907528.400535,16560,984885.7605,2312740768.9914,0
1776376800000,2357.59,2362.56,2338.11,2348.25,1940628.88825,1776380399999,4555907528.400535,16560,984885.7605,2312740768.9914,0
1776380400000,2357.59,2362.56,2338.11,2348.25,1940628.88825,1776383999999,4555907528.400535,16560,984885.7605,2312740768.9914,0
1776384000000,2348.25,2350.14,2324.73,2325.4,1725585.04775,1776387599999,4029878528.2835426,16997,756971.726,1767890031.1987724,0
1776387600000,2348.25,2350.14,2324.73,2325.4,1725585.04775,1776391199999,4029878528.2835426,16997,756971.726,1767890031.1987724,0
1776391200000,2348.25,2350.14,2324.73,2325.4,1725585.04775,1776394799999,4029878528.2835426,16997,756971.726,1767890031.1987724,0
1776394800000,2348.25,2350.14,2324.73,2325.4,1725585.04775,1776398399999,4029878528.2835426,16997,756971.726,1767890031.1987724,0
1776398400000,2325.4,2341.36,2318.25,2333.35,1369859.60675,1776401999999,3189853107.708045,14237,759071.98325,1767392758.53943,0
1776402000000,2325.4,2341.36,2318.25,2333.35,1369859.60675,1776405599999,3189853107.708045,14237,759071.98325,1767392758.53943,0
1776405600000,2325.4,2341.36,2318.25,2333.35,1369859.60675,1776409199999,3189853107.708045,14237,759071.98325,1767392758.53943,0
1776409200000,2325.4,2341.36,2318.25,2333.35,1369859.60675,1776412799999,3189853107.708045,14237,759071.98325,1767392758.53943,0
1776412800000,2333.35,2364.02,2332.86,2354.46,2157192.55875,1776416399999,5069131937.183455,16072,1403941.95875,3298209159.1744323,0
1776416400000,2333.35,2364.02,2332.86,2354.46,2157192.55875,1776419999999,5069131937.183455,16072,1403941.95875,3298209159.1744323,0
1776420000000,2333.35,2364.02,2332.86,2354.46,2157192.55875,1776423599999,5069131937.183455,16072,1403941.95875,3298209159.1744323,0
1776423600000,2333.35,2364.02,2332.86,2354.46,2157192.55875,1776427199999,5069131937.183455,16072,1403941.95875,3298209159.1744323,0
1776427200000,2354.48,2449.72,2351.02,2442.26,2435691.146,1776430799999,5871542514.36536,14609,1362062.152,3277479681.5164423,0
1776430800000,2354.48,2449.72,2351.02,2442.26,2435691.146,1776434399999,5871542514.36536,14609,1362062.152,3277479681.5164423,0
1776434400000,2354.48,2449.72,2351.02,2442.26,2435691.146,1776437999999,5871542514.36536,14609,1362062.152,3277479681.5164423,0
1776438000000,2354.48,2449.72,2351.02,2442.26,2435691.146,1776441599999,5871542514.36536,14609,1362062.152,3277479681.5164423,0
1776441600000,2442.27,2463.89,2416.48,2428.59,2240412.866,1776445199999,5455567577.387307,16500,1022696.863,2491020748.68792,0
1776445200000,2442.27,2463.89,2416.48,2428.59,2240412.866,1776448799999,5455567577.387307,16500,1022696.863,2491020748.68792,0
1776448800000,2442.27,2463.89,2416.48,2428.59,2240412.866,1776452399999,5455567577.387307,16500,1022696.863,2491020748.68792,0
1776452400000,2442.27,2463.89,2416.48,2428.59,2240412.866,1776455999999,5455567577.387307,16500,1022696.863,2491020748.68792,0
1776456000000,2428.07,2438.74,2418.63,2420.14,2049223.8555,1776459599999,4975410333.521435,18247,957104.198,2323623222.5231223,0
1776459600000,2428.07,2438.74,2418.63,2420.14,2049223.8555,1776463199999,4975410333.521435,18247,957104.198,2323623222.5231223,0
1776463200000,2428.07,2438.74,2418.63,2420.14,2049223.8555,1776466799999,4975410333.521435,18247,957104.198,2323623222.5231223,0
1776466800000,2428.07,2438.74,2418.63,2420.14,2049223.8555,1776470399999,4975410333.521435,18247,957104.198,2323623222.5231223,0
1776470400000,2420.14,2427.01,2402.64,2403.86,1522352.64675,1776473999999,3682823663.7063174,15722,749657.024,1814393578.27692,0
1776474000000,2420.14,2427.01,2402.64,2403.86,1522352.64675,1776477599999,3682823663.7063174,15722,749657.024,1814393578.27692,0
1776477600000,2420.14,2427.01,2402.64,2403.86,1522352.64675,1776481199999,3682823663.7063174,15722,749657.024,1814393578.27692,0
1776481200000,2420.14,2427.01,2402.64,2403.86,1522352.64675,1776484799999,3682823663.7063174,15722,749657.024,1814393578.27692,0
1776484800000,2406.67,2413.21,2401.29,2404.75,1190683.917,1776488399999,2866606904.619425,14841,529447.37975,1274975370.31132,0
1776488400000,2406.67,2413.21,2401.29,2404.75,1190683.917,1776491999999,2866606904.619425,14841,529447.37975,1274975370.31132,0
1776492000000,2406.67,2413.21,2401.29,2404.75,1190683.917,1776495599999,2866606904.619425,14841,529447.37975,1274975370.31132,0
1776495600000,2406.67,2413.21,2401.29,2404.75,1190683.917,1776499199999,2866606904.619425,14841,529447.37975,1274975370.31132,0
1776499200000,2404.75,2405.0,2348.9,2353.92,1962628.18225,1776502799999,4652889262.127675,15995,819309.41025,1941190078.8319826,0
1776502800000,2404.75,2405.0,2348.9,2353.92,1962628.18225,1776506399999,4652889262.127675,15995,819309.41025,1941190078.8319826,0
1776506400000,2404.75,2405.0,2348.9,2353.92,1962628.18225,1776509999999,4652889262.127675,15995,819309.41025,1941190078.8319826,0
1776510000000,2404.75,2405.0,2348.9,2353.92,1962628.18225,1776513599999,4652889262.127675,15995,819309.41025,1941190078.8319826,0
1776513600000,2353.92,2366.08,2346.6,2362.92,1819079.89975,1776517199999,4288003732.202595,15862,1086179.90675,2561272707.8109574,0
1776517200000,2353.92,2366.08,2346.6,2362.92,1819079.89975,1776520799999,4288003732.202595,15862,1086179.90675,2561272707.8109574,0
1776520800000,2353.92,2366.08,2346.6,2362.92,1819079.89975,1776524399999,4288003732.202595,15862,1086179.90675,2561272707.8109574,0
1776524400000,2353.92,2366.08,2346.6,2362.92,1819079.89975,1776527999999,4288003732.202595,15862,1086179.90675,2561272707.8109574,0
1776528000000,2362.9,2369.64,2342.5,2348.12,1817670.53025,1776531599999,4283005804.36801,16603,753474.4665,1776119583.925135,0
1776531600000,2362.9,2369.64,2342.5,2348.12,1817670.53025,1776535199999,4283005804.36801,16603,753474.4665,1776119583.925135,0
1776535200000,2362.9,2369.64,2342.5,2348.12,1817670.53025,1776538799999,4283005804.36801,16603,753474.4665,1776119583.925135,0
1776538800000,2362.9,2369.64,2342.5,2348.12,1817670.53025,1776542399999,4283005804.36801,16603,753474.4665,1776119583.925135,0
1776542400000,2348.12,2358.8,2344.84,2350.23,1121349.29125,1776545999999,2637379064.9488125,14406,585959.41725,1378408776.1213324,0
1776546000000,2348.12,2358.8,2344.84,2350.23,1121349.29125,1776549599999,2637379064.9488125,14406,585959.41725,1378408776.1213324,0
1776549600000,2348.12,2358.8,2344.84,2350.23,1121349.29125,1776553199999,2637379064.9488125,14406,585959.41725,1378408776.1213324,0
1776553200000,2348.12,2358.8,2344.84,2350.23,1121349.29125,1776556799999,2637379064.9488125,14406,585959.41725,1378408776.1213324,0
1776556800000,2350.28,2355.05,2333.94,2339.11,1507550.2325,1776560399999,3533800792.5755577,13491,620486.3255,1455219013.17519,0
1776560400000,2350.28,2355.05,2333.94,2339.11,1507550.2325,1776563999999,3533800792.5755577,13491,620486.3255,1455219013.17519,0
1776564000000,2350.28,2355.05,2333.94,2339.11,1507550.2325,1776567599999,3533800792.5755577,13491,620486.3255,1455219013.17519,0
1776567600000,2350.28,2355.05,2333.94,2339.11,1507550.2325,1776571199999,3533800792.5755577,13491,620486.3255,1455219013.17519,0
1776571200000,2339.11,2345.29,2304.25,2315.74,1648571.8175,1776574799999,3836370848.00667,15362,720519.744,1677521038.325005,0
1776574800000,2339.11,2345.29,2304.25,2315.74,1648571.8175,1776578399999,3836370848.00667,15362,720519.744,1677521038.325005,0
1776578400000,2339.11,2345.29,2304.25,2315.74,1648571.8175,1776581999999,3836370848.00667,15362,720519.744,1677521038.325005,0
1776582000000,2339.11,2345.29,2304.25,2315.74,1648571.8175,1776585599999,3836370848.00667,15362,720519.744,1677521038.325005,0
1776585600000,2315.75,2330.01,2306.64,2328.79,1497921.02875,1776589199999,3469978404.9649973,13229,951115.05275,2204550519.3007827,0
1776589200000,2315.75,2330.01,2306.64,2328.79,1497921.02875,1776592799999,3469978404.9649973,13229,951115.05275,2204550519.3007827,0
1776592800000,2315.75,2330.01,2306.64,2328.79,1497921.02875,1776596399999,3469978404.9649973,13229,951115.05275,2204550519.3007827,0
1776596400000,2315.75,2330.01,2306.64,2328.79,1497921.02875,1776599999999,3469978404.9649973,13229,951115.05275,2204550519.3007827,0
1776600000000,2328.79,2344.6,2322.26,2329.92,1913654.8365,1776603599999,4467550762.569535,14043,1088884.62175,2542124634.055535,0
1776603600000,2328.79,2344.6,2322.26,2329.92,1913654.8365,1776607199999,4467550762.569535,14043,1088884.62175,2542124634.055535,0
1776607200000,2328.79,2344.6,2322.26,2329.92,1913654.8365,1776610799999,4467550762.569535,14043,1088884.62175,2542124634.055535,0
1776610800000,2328.79,2344.6,2322.26,2329.92,1913654.8365,1776614399999,4467550762.569535,14043,1088884.62175,2542124634.055535,0
1776614400000,2329.92,2330.17,2288.96,2300.12,2165893.861,1776617999999,4995904537.248165,14912,938349.719,2164767587.7383375,0
1776618000000,2329.92,2330.17,2288.96,2300.12,2165893.861,1776621599999,4995904537.248165,14912,938349.719,2164767587.7383375,0
1776621600000,2329.92,2330.17,2288.96,2300.12,2165893.861,1776625199999,4995904537.248165,14912,938349.719,2164767587.7383375,0
1776625200000,2329.92,2330.17,2288.96,2300.12,2165893.861,1776628799999,4995904537.248165,14912,938349.719,2164767587.7383375,0
1776628800000,2300.12,2300.12,2255.47,2264.0,2293905.27275,1776632399999,5221450668.238202,16317,1038151.02075,2361584239.3844423,0
1776632400000,2300.12,2300.12,2255.47,2264.0,2293905.27275,1776635999999,5221450668.238202,16317,1038151.02075,2361584239.3844423,0
1776636000000,2300.12,2300.12,2255.47,2264.0,2293905.27275,1776639599999,5221450668.238202,16317,1038151.02075,2361584239.3844423,0
1776639600000,2300.12,2300.12,2255.47,2264.0,2293905.27275,1776643199999,5221450668.238202,16317,1038151.02075,2361584239.3844423,0
1776643200000,2264.0,2292.42,2263.93,2286.22,1878502.34075,1776646799999,4282852624.381865,15469,1184631.06075,2700501612.44107,0
1776646800000,2264.0,2292.42,2263.93,2286.22,1878502.34075,1776650399999,4282852624.381865,15469,1184631.06075,2700501612.44107,0
1776650400000,2264.0,2292.42,2263.93,2286.22,1878502.34075,1776653999999,4282852624.381865,15469,1184631.06075,2700501612.44107,0
1776654000000,2264.0,2292.42,2263.93,2286.22,1878502.34075,1776657599999,4282852624.381865,15469,1184631.06075,2700501612.44107,0
1776657600000,2286.22,2315.07,2264.04,2291.73,2245772.462,1776661199999,5124896270.00867,15939,1166795.27375,2664387426.70437,0
1776661200000,2286.22,2315.07,2264.04,2291.73,2245772.462,1776664799999,5124896270.00867,15939,1166795.27375,2664387426.70437,0
1776664800000,2286.22,2315.07,2264.04,2291.73,2245772.462,1776668399999,5124896270.00867,15939,1166795.27375,2664387426.70437,0
1776668400000,2286.22,2315.07,2264.04,2291.73,2245772.462,1776671999999,5124896270.00867,15939,1166795.27375,2664387426.70437,0
1776672000000,2291.73,2319.48,2290.66,2308.15,2155397.591,1776675599999,4968277971.489045,17247,1117582.67975,2576037047.015175,0
1776675600000,2291.73,2319.48,2290.66,2308.15,2155397.591,1776679199999,4968277971.489045,17247,1117582.67975,2576037047.015175,0
1776679200000,2291.73,2319.48,2290.66,2308.15,2155397.591,1776682799999,4968277971.489045,17247,1117582.67975,2576037047.015175,0
1776682800000,2291.73,2319.48,2290.66,2308.15,2155397.591,1776686399999,4968277971.489045,17247,1117582.67975,2576037047.015175,0
1776686400000,2308.15,2321.82,2281.35,2313.39,2534943.552,1776689999999,5852816471.571075,16328,1447642.87775,3344078061.3844123,0
1776690000000,2308.15,2321.82,2281.35,2313.39,2534943.552,1776693599999,5852816471.571075,16328,1447642.87775,3344078061.3844123,0
1776693600000,2308.15,2321.82,2281.35,2313.39,2534943.552,1776697199999,5852816471.571075,16328,1447642.87775,3344078061.3844123,0
1776697200000,2308.15,2321.82,2281.35,2313.39,2534943.552,1776700799999,5852816471.571075,16328,1447642.87775,3344078061.3844123,0
1776700800000,2313.36,2337.15,2298.33,2332.21,2180527.15125,1776704399999,5054821003.10867,16017,1280843.35475,2969024240.11417,0
1776704400000,2313.36,2337.15,2298.33,2332.21,2180527.15125,1776707999999,5054821003.10867,16017,1280843.35475,2969024240.11417,0
1776708000000,2313.36,2337.15,2298.33,2332.21,2180527.15125,1776711599999,5054821003.10867,16017,1280843.35475,2969024240.11417,0
1776711600000,2313.36,2337.15,2298.33,2332.21,2180527.15125,1776715199999,5054821003.10867,16017,1280843.35475,2969024240.11417,0
1776715200000,2332.16,2340.33,2309.18,2313.84,1965844.87875,1776718799999,4568801682.937677,15933,860694.6375,2000829046.3555,0
1776718800000,2332.16,2340.33,2309.18,2313.84,1965844.87875,1776722399999,4568801682.937677,15933,860694.6375,2000829046.3555,0
1776722400000,2332.16,2340.33,2309.18,2313.84,1965844.87875,1776725999999,4568801682.937677,15933,860694.6375,2000829046.3555,0
1776726000000,2332.16,2340.33,2309.18,2313.84,1965844.87875,1776729599999,4568801682.937677,15933,860694.6375,2000829046.3555,0
1776729600000,2313.84,2325.77,2301.25,2311.29,1709971.22075,1776733199999,3955722529.5903974,15218,904418.2255,2092295187.5738525,0
1776733200000,2313.84,2325.77,2301.25,2311.29,1709971.22075,1776736799999,3955722529.5903974,15218,904418.2255,2092295187.5738525,0
1776736800000,2313.84,2325.77,2301.25,2311.29,1709971.22075,1776740399999,3955722529.5903974,15218,904418.2255,2092295187.5738525,0
1776740400000,2313.84,2325.77,2301.25,2311.29,1709971.22075,1776743999999,3955722529.5903974,15218,904418.2255,2092295187.5738525,0
1776744000000,2311.28,2319.39,2303.66,2318.42,284237.475,1776747599999,656729823.7905825,3229,110860.26625,256376455.4188875,0
1776747600000,2311.28,2319.39,2303.66,2318.42,284237.475,1776751199999,656729823.7905825,3229,110860.26625,256376455.4188875,0
1776751200000,2311.28,2319.39,2303.66,2318.42,284237.475,1776754799999,656729823.7905825,3229,110860.26625,256376455.4188875,0
1776754800000,2311.28,2319.39,2303.66,2318.42,284237.475,1776758399999,656729823.7905825,3229,110860.26625,256376455.4188875,0
1776758400000,2318.42,2335.31,2314.95,2326.15,1274711.112,1776761999999,2962717542.6522126,11134,766649.48225,1782540582.94869,0
1776762000000,2318.42,2335.31,2314.95,2326.15,1274711.112,1776765599999,2962717542.6522126,11134,766649.48225,1782540582.94869,0
1776765600000,2318.42,2335.31,2314.95,2326.15,1274711.112,1776769199999,2962717542.6522126,11134,766649.48225,1782540582.94869,0
1776769200000,2318.42,2335.31,2314.95,2326.15,1274711.112,1776772799999,2962717542.6522126,11134,766649.48225,1782540582.94869,0
1776772800000,2327.31,2327.31,2298.72,2306.55,1222653.45425,1776776399999,2823191208.701905,10432,589397.68125,1360703726.458325,0
1776776400000,2327.31,2327.31,2298.72,2306.55,1222653.45425,1776779999999,2823191208.701905,10432,589397.68125,1360703726.458325,0
1776780000000,2327.31,2327.31,2298.72,2306.55,1222653.45425,1776783599999,2823191208.701905,10432,589397.68125,1360703726.458325,0
1776783600000,2327.31,2327.31,2298.72,2306.55,1222653.45425,1776787199999,2823191208.701905,10432,589397.68125,1360703726.458325,0
1776787200000,2306.7,2329.3,2291.86,2297.77,2308771.58,1776790799999,5329711509.26412,15144,1209738.654,2794149018.3613877,0
1776790800000,2306.7,2329.3,2291.86,2297.77,2308771.58,1776794399999,5329711509.26412,15144,1209738.654,2794149018.3613877,0
1776794400000,2306.7,2329.3,2291.86,2297.77,2308771.58,1776797999999,5329711509.26412,15144,1209738.654,2794149018.3613877,0
1776798000000,2306.7,2329.3,2291.86,2297.77,2308771.58,1776801599999,5329711509.26412,15144,1209738.654,2794149018.3613877,0
1776801600000,2297.8,2327.16,2296.64,2327.1,1925071.568,1776805199999,4454055165.99443,16890,1075833.79475,2489658164.228885,0
1776805200000,2297.8,2327.16,2296.64,2327.1,1925071.568,1776808799999,4454055165.99443,16890,1075833.79475,2489658164.228885,0
1776808800000,2297.8,2327.16,2296.64,2327.1,1925071.568,1776812399999,4454055165.99443,16890,1075833.79475,2489658164.228885,0
1776812400000,2297.8,2327.16,2296.64,2327.1,1925071.568,1776815999999,4454055165.99443,16890,1075833.79475,2489658164.228885,0
1776816000000,2327.16,2374.35,2314.41,2364.03,1649351.4935,1776819599999,3867167576.775025,13688,1012157.4015,2375315978.131515,0
1776819600000,2327.16,2374.35,2314.41,2364.03,1649351.4935,1776823199999,3867167576.775025,13688,1012157.4015,2375315978.131515,0
1776823200000,2327.16,2374.35,2314.41,2364.03,1649351.4935,1776826799999,3867167576.775025,13688,1012157.4015,2375315978.131515,0
1776826800000,2327.16,2374.35,2314.41,2364.03,1649351.4935,1776830399999,3867167576.775025,13688,1012157.4015,2375315978.131515,0
1776830400000,2365.15,2401.27,2358.52,2390.1,1898053.5,1776833999999,4522104534.752777,16882,1022184.9725,2435023119.190515,0
1776834000000,2365.15,2401.27,2358.52,2390.1,1898053.5,1776837599999,4522104534.752777,16882,1022184.9725,2435023119.190515,0
1776837600000,2365.15,2401.27,2358.52,2390.1,1898053.5,1776841199999,4522104534.752777,16882,1022184.9725,2435023119.190515,0
1776841200000,2365.15,2401.27,2358.52,2390.1,1898053.5,1776844799999,4522104534.752777,16882,1022184.9725,2435023119.190515,0
1776844800000,2390.2,2397.73,2383.79,2397.73,1479929.96575,1776848399999,3536837568.3537073,16010,772090.064,1845704380.346505,0
1776848400000,2390.2,2397.73,2383.79,2397.73,1479929.96575,1776851999999,3536837568.3537073,16010,772090.064,1845704380.346505,0
1776852000000,2390.2,2397.73,2383.79,2397.73,1479929.96575,1776855599999,3536837568.3537073,16010,772090.064,1845704380.346505,0
1776855600000,2390.2,2397.73,2383.79,2397.73,1479929.96575,1776859199999,3536837568.3537073,16010,772090.064,1845704380.346505,0
1776859200000,2397.73,2421.98,2394.24,2404.93,2304031.4515,1776862799999,5542566150.392545,17144,1413939.108,3401614485.36304,0
1776862800000,2397.73,2421.98,2394.24,2404.93,2304031.4515,1776866399999,5542566150.392545,17144,1413939.108,3401614485.36304,0
1776866400000,2397.73,2421.98,2394.24,2404.93,2304031.4515,1776869999999,5542566150.392545,17144,1413939.108,3401614485.36304,0
1776870000000,2397.73,2421.98,2394.24,2404.93,2304031.4515,1776873599999,5542566150.392545,17144,1413939.108,3401614485.36304,0
1776873600000,2404.93,2412.75,2385.69,2395.85,2201242.625,1776877199999,5277115807.943905,16612,1087740.431,2607981639.683485,0
1776877200000,2404.93,2412.75,2385.69,2395.85,2201242.625,1776880799999,5277115807.943905,16612,1087740.431,2607981639.683485,0
1776880800000,2404.93,2412.75,2385.69,2395.85,2201242.625,1776884399999,5277115807.943905,16612,1087740.431,2607981639.683485,0
1776884400000,2404.93,2412.75,2385.69,2395.85,2201242.625,1776887999999,5277115807.943905,16612,1087740.431,2607981639.683485,0
1776888000000,2395.74,2405.15,2374.18,2374.18,1740489.7505,1776891599999,4167494120.944435,16808,756932.356,1813487912.689605,0
1776891600000,2395.74,2405.15,2374.18,2374.18,1740489.7505,1776895199999,4167494120.944435,16808,756932.356,1813487912.689605,0
1776895200000,2395.74,2405.15,2374.18,2374.18,1740489.7505,1776898799999,4167494120.944435,16808,756932.356,1813487912.689605,0
1776898800000,2395.74,2405.15,2374.18,2374.18,1740489.7505,1776902399999,4167494120.944435,16808,756932.356,1813487912.689605,0
1776902400000,2374.19,2379.01,2333.11,2339.97,2175791.48775,1776905999999,5131320391.33048,16938,899742.62825,2121590954.23151,0
1776906000000,2374.19,2379.01,2333.11,2339.97,2175791.48775,1776909599999,5131320391.33048,16938,899742.62825,2121590954.23151,0
1776909600000,2374.19,2379.01,2333.11,2339.97,2175791.48775,1776913199999,5131320391.33048,16938,899742.62825,2121590954.23151,0
1776913200000,2374.19,2379.01,2333.11,2339.97,2175791.48775,1776916799999,5131320391.33048,16938,899742.62825,2121590954.23151,0
1776916800000,2339.97,2358.3,2337.29,2343.9,1598308.75025,1776920399999,3754162762.9155273,17594,903903.454,2123577996.6106725,0
1776920400000,2339.97,2358.3,2337.29,2343.9,1598308.75025,1776923999999,3754162762.9155273,17594,903903.454,2123577996.6106725,0
1776924000000,2339.97,2358.3,2337.29,2343.9,1598308.75025,1776927599999,3754162762.9155273,17594,903903.454,2123577996.6106725,0
1776927600000,2339.97,2358.3,2337.29,2343.9,1598308.75025,1776931199999,3754162762.9155273,17594,903903.454,2123577996.6106725,0
1776931200000,2343.9,2344.62,2307.65,2328.64,1888923.21975,1776934799999,4391471134.439568,17469,1107626.8755,2573469756.8227377,0
1776934800000,2343.9,2344.62,2307.65,2328.64,1888923.21975,1776938399999,4391471134.439568,17469,1107626.8755,2573469756.8227377,0
1776938400000,2343.9,2344.62,2307.65,2328.64,1888923.21975,1776941999999,4391471134.439568,17469,1107626.8755,2573469756.8227377,0
1776942000000,2343.9,2344.62,2307.65,2328.64,1888923.21975,1776945599999,4391471134.439568,17469,1107626.8755,2573469756.8227377,0
1776945600000,2328.64,2338.16,2315.97,2332.65,2201470.04175,1776949199999,5124477903.061057,16518,1241999.0305,2892045045.456045,0
1776949200000,2328.64,2338.16,2315.97,2332.65,2201470.04175,1776952799999,5124477903.061057,16518,1241999.0305,2892045045.456045,0
1776952800000,2328.64,2338.16,2315.97,2332.65,2201470.04175,1776956399999,5124477903.061057,16518,1241999.0305,2892045045.456045,0
1776956400000,2328.64,2338.16,2315.97,2332.65,2201470.04175,1776959999999,5124477903.061057,16518,1241999.0305,2892045045.456045,0
1776960000000,2332.65,2333.29,2296.1,2312.69,2300412.1295,1776963599999,5331718217.865785,15516,985664.806,2284059964.25623,0
1776963600000,2332.65,2333.29,2296.1,2312.69,2300412.1295,1776967199999,5331718217.865785,15516,985664.806,2284059964.25623,0
1776967200000,2332.65,2333.29,2296.1,2312.69,2300412.1295,1776970799999,5331718217.865785,15516,985664.806,2284059964.25623,0
1776970800000,2332.65,2333.29,2296.1,2312.69,2300412.1295,1776974399999,5331718217.865785,15516,985664.806,2284059964.25623,0
1776974400000,2312.52,2335.9,2312.52,2330.75,2095234.58725,1776977999999,4873333901.2982025,14204,1008617.86025,2345239108.54556,0
1776978000000,2312.52,2335.9,2312.52,2330.75,2095234.58725,1776981599999,4873333901.2982025,14204,1008617.86025,2345239108.54556,0
1776981600000,2312.52,2335.9,2312.52,2330.75,2095234.58725,1776985199999,4873333901.2982025,14204,1008617.86025,2345239108.54556,0
1776985200000,2312.52,2335.9,2312.52,2330.75,2095234.58725,1776988799999,4873333901.2982025,14204,1008617.86025,2345239108.54556,0
1776988800000,2330.92,2335.33,2302.57,2307.8,2363519.51875,1776992399999,5492200783.26224,14992,1065989.661,2476842066.6623826,0
1776992400000,2330.92,2335.33,2302.57,2307.8,2363519.51875,1776995999999,5492200783.26224,14992,1065989.661,2476842066.6623826,0
1776996000000,2330.92,2335.33,2302.57,2307.8,2363519.51875,1776999599999,5492200783.26224,14992,1065989.661,2476842066.6623826,0
1776999600000,2330.92,2335.33,2302.57,2307.8,2363519.51875,1777003199999,5492200783.26224,14992,1065989.661,2476842066.6623826,0
1777003200000,2307.97,2314.9,2301.1,2312.15,1685868.3835,1777006799999,3892627165.957455,14721,748357.3265,1728007424.72328,0
1777006800000,2307.97,2314.9,2301.1,2312.15,1685868.3835,1777010399999,3892627165.957455,14721,748357.3265,1728007424.72328,0
1777010400000,2307.97,2314.9,2301.1,2312.15,1685868.3835,1777013999999,3892627165.957455,14721,748357.3265,1728007424.72328,0
1777014000000,2307.97,2314.9,2301.1,2312.15,1685868.3835,1777017599999,3892627165.957455,14721,748357.3265,1728007424.72328,0
1777017600000,2313.99,2329.84,2304.96,2328.84,2071951.119,1777021199999,4796683839.250242,14270,1225136.66675,2835742140.4712124,0
1777021200000,2313.99,2329.84,2304.96,2328.84,2071951.119,1777024799999,4796683839.250242,14270,1225136.66675,2835742140.4712124,0
1777024800000,2313.99,2329.84,2304.96,2328.84,2071951.119,1777028399999,4796683839.250242,14270,1225136.66675,2835742140.4712124,0
1777028400000,2313.99,2329.84,2304.96,2328.84,2071951.119,1777031999999,4796683839.250242,14270,1225136.66675,2835742140.4712124,0
1777032000000,2328.93,2330.72,2307.27,2322.44,2494123.91475,1777035599999,5782426103.71507,14462,1235211.35975,2861680545.8057327,0
1777035600000,2328.93,2330.72,2307.27,2322.44,2494123.91475,1777039199999,5782426103.71507,14462,1235211.35975,2861680545.8057327,0
1777039200000,2328.93,2330.72,2307.27,2322.44,2494123.91475,1777042799999,5782426103.71507,14462,1235211.35975,2861680545.8057327,0
1777042800000,2328.93,2330.72,2307.27,2322.44,2494123.91475,1777046399999,5782426103.71507,14462,1235211.35975,2861680545.8057327,0
1777046400000,2322.44,2325.49,2309.51,2321.1,2243676.02875,1777049999999,5197909783.64745,15963,1280127.0235,2965214417.053545,0
1777050000000,2322.44,2325.49,2309.51,2321.1,2243676.02875,1777053599999,5197909783.64745,15963,1280127.0235,2965214417.053545,0
1777053600000,2322.44,2325.49,2309.51,2321.1,2243676.02875,1777057199999,5197909783.64745,15963,1280127.0235,2965214417.053545,0
1777057200000,2322.44,2325.49,2309.51,2321.1,2243676.02875,1777060799999,5197909783.64745,15963,1280127.0235,2965214417.053545,0
1777060800000,2321.1,2327.2,2308.55,2314.81,1608723.9545,1777064399999,3729437860.4888124,14667,732767.57475,1699182803.66621,0
1777064400000,2321.1,2327.2,2308.55,2314.81,1608723.9545,1777067999999,3729437860.4888124,14667,732767.57475,1699182803.66621,0
1777068000000,2321.1,2327.2,2308.55,2314.81,1608723.9545,1777071599999,3729437860.4888124,14667,732767.57475,1699182803.66621,0
1777071600000,2321.1,2327.2,2308.55,2314.81,1608723.9545,1777075199999,3729437860.4888124,14667,732767.57475,1699182803.66621,0
1777075200000,2314.63,2330.72,2311.8,2317.94,1395273.80225,1777078799999,3232586447.5514874,15296,785985.15075,1820879906.5046024,0
1777078800000,2314.63,2330.72,2311.8,2317.94,1395273.80225,1777082399999,3232586447.5514874,15296,785985.15075,1820879906.5046024,0
1777082400000,2314.63,2330.72,2311.8,2317.94,1395273.80225,1777085999999,3232586447.5514874,15296,785985.15075,1820879906.5046024,0
1777086000000,2314.63,2330.72,2311.8,2317.94,1395273.80225,1777089599999,3232586447.5514874,15296,785985.15075,1820879906.5046024,0
1777089600000,2317.94,2318.88,2313.78,2317.78,749673.792,1777093199999,1736050294.75904,11123,359896.71125,833352988.4142925,0
1777093200000,2317.94,2318.88,2313.78,2317.78,749673.792,1777096799999,1736050294.75904,11123,359896.71125,833352988.4142925,0
1777096800000,2317.94,2318.88,2313.78,2317.78,749673.792,1777100399999,1736050294.75904,11123,359896.71125,833352988.4142925,0
1777100400000,2317.94,2318.88,2313.78,2317.78,749673.792,1777103999999,1736050294.75904,11123,359896.71125,833352988.4142925,0
1777104000000,2317.78,2322.06,2311.57,2313.52,1443712.174,1777107599999,3347248158.9990177,14758,736756.46525,1708182285.27066,0
1777107600000,2317.78,2322.06,2311.57,2313.52,1443712.174,1777111199999,3347248158.9990177,14758,736756.46525,1708182285.27066,0
1777111200000,2317.78,2322.06,2311.57,2313.52,1443712.174,1777114799999,3347248158.9990177,14758,736756.46525,1708182285.27066,0
1777114800000,2317.78,2322.06,2311.57,2313.52,1443712.174,1777118399999,3347248158.9990177,14758,736756.46525,1708182285.27066,0
1777118400000,2313.51,2318.04,2307.85,2307.92,1198611.381,1777121999999,2775314721.3684,12919,625170.651,1447360125.0042374,0
1777122000000,2313.51,2318.04,2307.85,2307.92,1198611.381,1777125599999,2775314721.3684,12919,625170.651,1447360125.0042374,0
1777125600000,2313.51,2318.04,2307.85,2307.92,1198611.381,1777129199999,2775314721.3684,12919,625170.651,1447360125.0042374,0
1777129200000,2313.51,2318.04,2307.85,2307.92,1198611.381,1777132799999,2775314721.3684,12919,625170.651,1447360125.0042374,0
1777132800000,2307.95,2313.08,2303.62,2310.0,1431995.55,1777136399999,3306526683.73457,14338,700601.563,1617727013.4388075,0
1777136400000,2307.95,2313.08,2303.62,2310.0,1431995.55,1777139999999,3306526683.73457,14338,700601.563,1617727013.4388075,0
1777140000000,2307.95,2313.08,2303.62,2310.0,1431995.55,1777143599999,3306526683.73457,14338,700601.563,1617727013.4388075,0
1777143600000,2307.95,2313.08,2303.62,2310.0,1431995.55,1777147199999,3306526683.73457,14338,700601.563,1617727013.4388075,0
1777147200000,2310.07,2319.92,2308.7,2318.93,871319.17,1777150799999,2017752985.8375425,12568,545769.65125,1263751597.1554074,0
1777150800000,2310.07,2319.92,2308.7,2318.93,871319.17,1777154399999,2017752985.8375425,12568,545769.65125,1263751597.1554074,0
1777154400000,2310.07,2319.92,2308.7,2318.93,871319.17,1777157999999,2017752985.8375425,12568,545769.65125,1263751597.1554074,0
1777158000000,2310.07,2319.92,2308.7,2318.93,871319.17,1777161599999,2017752985.8375425,12568,545769.65125,1263751597.1554074,0
1777161600000,2318.5,2319.34,2308.32,2309.62,1481624.0495,1777165199999,3430372495.660295,14884,623846.23075,1444194939.766325,0
1777165200000,2318.5,2319.34,2308.32,2309.62,1481624.0495,1777168799999,3430372495.660295,14884,623846.23075,1444194939.766325,0
1777168800000,2318.5,2319.34,2308.32,2309.62,1481624.0495,1777172399999,3430372495.660295,14884,623846.23075,1444194939.766325,0
1777172400000,2318.5,2319.34,2308.32,2309.62,1481624.0495,1777175999999,3430372495.660295,14884,623846.23075,1444194939.766325,0
1777176000000,2309.62,2331.65,2308.86,2328.78,1917498.48775,1777179599999,4454444402.07775,15132,1105707.5605,2567533113.75977,0
1777179600000,2309.62,2331.65,2308.86,2328.78,1917498.48775,1777183199999,4454444402.07775,15132,1105707.5605,2567533113.75977,0
1777183200000,2309.62,2331.65,2308.86,2328.78,1917498.48775,1777186799999,4454444402.07775,15132,1105707.5605,2567533113.75977,0
1777186800000,2309.62,2331.65,2308.86,2328.78,1917498.48775,1777190399999,4454444402.07775,15132,1105707.5605,2567533113.75977,0
1777190400000,2328.78,2336.78,2328.58,2335.6,1415672.604,1777193999999,3302452156.7072673,14715,774389.15375,1806456236.7268026,0
1777194000000,2328.78,2336.78,2328.58,2335.6,1415672.604,1777197599999,3302452156.7072673,14715,774389.15375,1806456236.7268026,0
1777197600000,2328.78,2336.78,2328.58,2335.6,1415672.604,1777201199999,3302452156.7072673,14715,774389.15375,1806456236.7268026,0
1777201200000,2328.78,2336.78,2328.58,2335.6,1415672.604,1777204799999,3302452156.7072673,14715,774389.15375,1806456236.7268026,0
1777204800000,2335.8,2349.79,2325.91,2347.48,1681536.491,1777208399999,3931701633.0500875,16296,936040.99225,2186876521.20642,0
1777208400000,2335.8,2349.79,2325.91,2347.48,1681536.491,1777211999999,3931701633.0500875,16296,936040.99225,2186876521.20642,0
1777212000000,2335.8,2349.79,2325.91,2347.48,1681536.491,1777215599999,3931701633.0500875,16296,936040.99225,2186876521.20642,0
1777215600000,2335.8,2349.79,2325.91,2347.48,1681536.491,1777219199999,3931701633.0500875,16296,936040.99225,2186876521.20642,0
1777219200000,2347.47,2367.17,2341.76,2366.95,1730898.636,1777222799999,4076563904.60128,14412,1081553.43275,2548788289.37841,0
1777222800000,2347.47,2367.17,2341.76,2366.95,1730898.636,1777226399999,4076563904.60128,14412,1081553.43275,2548788289.37841,0
1777226400000,2347.47,2367.17,2341.76,2366.95,1730898.636,1777229999999,4076563904.60128,14412,1081553.43275,2548788289.37841,0
1777230000000,2347.47,2367.17,2341.76,2366.95,1730898.636,1777233599999,4076563904.60128,14412,1081553.43275,2548788289.37841,0
1777233600000,2366.95,2376.36,2353.8,2368.77,2423743.80025,1777237199999,5731132776.089268,14114,1221410.19125,2887853733.2442174,0
1777237200000,2366.95,2376.36,2353.8,2368.77,2423743.80025,1777240799999,5731132776.089268,14114,1221410.19125,2887853733.2442174,0
1777240800000,2366.95,2376.36,2353.8,2368.77,2423743.80025,1777244399999,5731132776.089268,14114,1221410.19125,2887853733.2442174,0
1777244400000,2366.95,2376.36,2353.8,2368.77,2423743.80025,1777247999999,5731132776.089268,14114,1221410.19125,2887853733.2442174,0
1777248000000,2368.77,2399.55,2360.29,2394.63,2275663.94375,1777251599999,5427810089.117573,14662,1378580.9795,3287634239.8983126,0
1777251600000,2368.77,2399.55,2360.29,2394.63,2275663.94375,1777255199999,5427810089.117573,14662,1378580.9795,3287634239.8983126,0
1777255200000,2368.77,2399.55,2360.29,2394.63,2275663.94375,1777258799999,5427810089.117573,14662,1378580.9795,3287634239.8983126,0
1777258800000,2368.77,2399.55,2360.29,2394.63,2275663.94375,1777262399999,5427810089.117573,14662,1378580.9795,3287634239.8983126,0
1777262400000,2394.91,2397.38,2315.51,2315.62,2493129.1265,1777265999999,5864550825.278012,19333,1031883.554,2428100582.2052274,0
1777266000000,2394.91,2397.38,2315.51,2315.62,2493129.1265,1777269599999,5864550825.278012,19333,1031883.554,2428100582.2052274,0
1777269600000,2394.91,2397.38,2315.51,2315.62,2493129.1265,1777273199999,5864550825.278012,19333,1031883.554,2428100582.2052274,0
1777273200000,2394.91,2397.38,2315.51,2315.62,2493129.1265,1777276799999,5864550825.278012,19333,1031883.554,2428100582.2052274,0
1777276800000,2315.55,2323.43,2308.95,2319.29,1593202.12925,1777280399999,3692587410.5658526,17175,877546.76275,2034136513.89169,0
1777280400000,2315.55,2323.43,2308.95,2319.29,1593202.12925,1777283999999,3692587410.5658526,17175,877546.76275,2034136513.89169,0
1777284000000,2315.55,2323.43,2308.95,2319.29,1593202.12925,1777287599999,3692587410.5658526,17175,877546.76275,2034136513.89169,0
1777287600000,2315.55,2323.43,2308.95,2319.29,1593202.12925,1777291199999,3692587410.5658526,17175,877546.76275,2034136513.89169,0
1777291200000,2319.3,2326.43,2268.34,2273.89,2116479.66875,1777294799999,4881561716.152203,21111,806733.16675,1862164830.91229,0
1777294800000,2319.3,2326.43,2268.34,2273.89,2116479.66875,1777298399999,4881561716.152203,21111,806733.16675,1862164830.91229,0
1777298400000,2319.3,2326.43,2268.34,2273.89,2116479.66875,1777301999999,4881561716.152203,21111,806733.16675,1862164830.91229,0
1777302000000,2319.3,2326.43,2268.34,2273.89,2116479.66875,1777305599999,4881561716.152203,21111,806733.16675,1862164830.91229,0
1777305600000,2272.64,2294.42,2270.33,2287.11,1870880.543,1777309199999,4270816876.82564,22450,1044397.27025,2384204379.30462,0
1777309200000,2272.64,2294.42,2270.33,2287.11,1870880.543,1777312799999,4270816876.82564,22450,1044397.27025,2384204379.30462,0
1777312800000,2272.64,2294.42,2270.33,2287.11,1870880.543,1777316399999,4270816876.82564,22450,1044397.27025,2384204379.30462,0
1777316400000,2272.64,2294.42,2270.33,2287.11,1870880.543,1777319999999,4270816876.82564,22450,1044397.27025,2384204379.30462,0
1777320000000,2287.11,2306.36,2283.93,2302.6,1304099.21975,1777323599999,2987618882.3330526,20198,816569.4425,1871219592.8075924,0
1777323600000,2287.11,2306.36,2283.93,2302.6,1304099.21975,1777327199999,2987618882.3330526,20198,816569.4425,1871219592.8075924,0
1777327200000,2287.11,2306.36,2283.93,2302.6,1304099.21975,1777330799999,2987618882.3330526,20198,816569.4425,1871219592.8075924,0
1777330800000,2287.11,2306.36,2283.93,2302.6,1304099.21975,1777334399999,2987618882.3330526,20198,816569.4425,1871219592.8075924,0
1777334400000,2302.77,2309.46,2282.18,2287.95,1594978.7245,1777337999999,3661850486.840475,19781,679939.965,1561426335.17825,0
1777338000000,2302.77,2309.46,2282.18,2287.95,1594978.7245,1777341599999,3661850486.840475,19781,679939.965,1561426335.17825,0
1777341600000,2302.77,2309.46,2282.18,2287.95,1594978.7245,1777345199999,3661850486.840475,19781,679939.965,1561426335.17825,0
1777345200000,2302.77,2309.46,2282.18,2287.95,1594978.7245,1777348799999,3661850486.840475,19781,679939.965,1561426335.17825,0
1777348800000,2287.95,2293.81,2270.33,2286.63,1822779.97075,1777352399999,4164229527.554055,22086,895234.53975,2045500485.19079,0
1777352400000,2287.95,2293.81,2270.33,2286.63,1822779.97075,1777355999999,4164229527.554055,22086,895234.53975,2045500485.19079,0
1777356000000,2287.95,2293.81,2270.33,2286.63,1822779.97075,1777359599999,4164229527.554055,22086,895234.53975,2045500485.19079,0
1777359600000,2287.95,2293.81,2270.33,2286.63,1822779.97075,1777363199999,4164229527.554055,22086,895234.53975,2045500485.19079,0
1777363200000,2285.84,2288.95,2270.3,2273.97,1638610.28225,1777366799999,3737705063.2206774,20529,629280.731,1436222837.756705,0
1777366800000,2285.84,2288.95,2270.3,2273.97,1638610.28225,1777370399999,3737705063.2206774,20529,629280.731,1436222837.756705,0
1777370400000,2285.84,2288.95,2270.3,2273.97,1638610.28225,1777373999999,3737705063.2206774,20529,629280.731,1436222837.756705,0
1777374000000,2285.84,2288.95,2270.3,2273.97,1638610.28225,1777377599999,3737705063.2206774,20529,629280.731,1436222837.756705,0
1777377600000,2273.97,2280.2,2263.92,2278.56,2280800.9845,1777381199999,5181813558.255773,19398,1095566.38975,2489519395.1222224,0
1777381200000,2273.97,2280.2,2263.92,2278.56,2280800.9845,1777384799999,5181813558.255773,19398,1095566.38975,2489519395.1222224,0
1777384800000,2273.97,2280.2,2263.92,2278.56,2280800.9845,1777388399999,5181813558.255773,19398,1095566.38975,2489519395.1222224,0
1777388400000,2273.97,2280.2,2263.92,2278.56,2280800.9845,1777391999999,5181813558.255773,19398,1095566.38975,2489519395.1222224,0
1777392000000,2278.59,2303.45,2273.93,2300.47,1732195.90875,1777395599999,3961959330.861065,20520,968287.98825,2215570181.17988,0
1777395600000,2278.59,2303.45,2273.93,2300.47,1732195.90875,1777399199999,3961959330.861065,20520,968287.98825,2215570181.17988,0
1777399200000,2278.59,2303.45,2273.93,2300.47,1732195.90875,1777402799999,3961959330.861065,20520,968287.98825,2215570181.17988,0
1777402800000,2278.59,2303.45,2273.93,2300.47,1732195.90875,1777406399999,3961959330.861065,20520,968287.98825,2215570181.17988,0
1777406400000,2300.65,2303.72,2283.46,2288.58,999902.8445,1777409999999,2291306174.2738576,17704,312210.35675,715496979.3074975,0
1777410000000,2300.65,2303.72,2283.46,2288.58,999902.8445,1777413599999,2291306174.2738576,17704,312210.35675,715496979.3074975,0
1777413600000,2300.65,2303.72,2283.46,2288.58,999902.8445,1777417199999,2291306174.2738576,17704,312210.35675,715496979.3074975,0
1777417200000,2300.65,2303.72,2283.46,2288.58,999902.8445,1777420799999,2291306174.2738576,17704,312210.35675,715496979.3074975,0
1777420800000,2288.58,2311.1,2278.79,2310.42,1683689.50475,1777424399999,3857379692.155125,19675,1017662.32125,2332549223.3241324,0
1777424400000,2288.58,2311.1,2278.79,2310.42,1683689.50475,1777427999999,3857379692.155125,19675,1017662.32125,2332549223.3241324,0
1777428000000,2288.58,2311.1,2278.79,2310.42,1683689.50475,1777431599999,3857379692.155125,19675,1017662.32125,2332549223.3241324,0
1777431600000,2288.58,2311.1,2278.79,2310.42,1683689.50475,1777435199999,3857379692.155125,19675,1017662.32125,2332549223.3241324,0
1777435200000,2310.42,2337.71,2308.33,2323.22,1745000.56925,1777438799999,4057476943.8294125,21774,866596.398,2014148598.2320876,0
1777438800000,2310.42,2337.71,2308.33,2323.22,1745000.56925,1777442399999,4057476943.8294125,21774,866596.398,2014148598.2320876,0
1777442400000,2310.42,2337.71,2308.33,2323.22,1745000.56925,1777445999999,4057476943.8294125,21774,866596.398,2014148598.2320876,0
1777446000000,2310.42,2337.71,2308.33,2323.22,1745000.56925,1777449599999,4057476943.8294125,21774,866596.398,2014148598.2320876,0
1777449600000,2323.42,2345.06,2320.39,2338.02,1222990.17125,1777453199999,2850279836.87203,15261,750900.47775,1750678750.2892075,0
1777453200000,2323.42,2345.06,2320.39,2338.02,1222990.17125,1777456799999,2850279836.87203,15261,750900.47775,1750678750.2892075,0
1777456800000,2323.42,2345.06,2320.39,2338.02,1222990.17125,1777460399999,2850279836.87203,15261,750900.47775,1750678750.2892075,0
1777460400000,2323.42,2345.06,2320.39,2338.02,1222990.17125,1777463999999,2850279836.87203,15261,750900.47775,1750678750.2892075,0
1777464000000,2341.54,2344.28,2333.3,2333.7,16255.70325,1777467599999,37991317.0817525,1181,1496.9345,3509130.9303325,0
1777467600000,2341.54,2344.28,2333.3,2333.7,16255.70325,1777471199999,37991317.0817525,1181,1496.9345,3509130.9303325,0
1777471200000,2341.54,2344.28,2333.3,2333.7,16255.70325,1777474799999,37991317.0817525,1181,1496.9345,3509130.9303325,0
1777474800000,2341.54,2344.28,2333.3,2333.7,16255.70325,1777478399999,37991317.0817525,1181,1496.9345,3509130.9303325,0
1777478400000,2333.7,2344.29,2221.81,2231.3,2257584.942,1777481999999,5085021303.513015,18539,1182734.3195,2660563850.95586,0
1777482000000,2333.7,2344.29,2221.81,2231.3,2257584.942,1777485599999,5085021303.513015,18539,1182734.3195,2660563850.95586,0
1777485600000,2333.7,2344.29,2221.81,2231.3,2257584.942,1777489199999,5085021303.513015,18539,1182734.3195,2660563850.95586,0
1777489200000,2333.7,2344.29,2221.81,2231.3,2257584.942,1777492799999,5085021303.513015,18539,1182734.3195,2660563850.95586,0
1777492800000,2231.3,2258.59,2229.17,2251.41,2099572.18475,1777496399999,4718335549.85854,24647,1193015.081,2681057233.58594,0
1777496400000,2231.3,2258.59,2229.17,2251.41,2099572.18475,1777499999999,4718335549.85854,24647,1193015.081,2681057233.58594,0
1777500000000,2231.3,2258.59,2229.17,2251.41,2099572.18475,1777503599999,4718335549.85854,24647,1193015.081,2681057233.58594,0
1777503600000,2231.3,2258.59,2229.17,2251.41,2099572.18475,1777507199999,4718335549.85854,24647,1193015.081,2681057233.58594,0
1777507200000,2251.41,2274.85,2236.72,2252.34,2300571.1055,1777510799999,5195405838.24583,23541,1327503.4795,2997934902.69429,0
1777510800000,2251.41,2274.85,2236.72,2252.34,2300571.1055,1777514399999,5195405838.24583,23541,1327503.4795,2997934902.69429,0
1777514400000,2251.41,2274.85,2236.72,2252.34,2300571.1055,1777517999999,5195405838.24583,23541,1327503.4795,2997934902.69429,0
1777518000000,2251.41,2274.85,2236.72,2252.34,2300571.1055,1777521599999,5195405838.24583,23541,1327503.4795,2997934902.69429,0
1777521600000,2252.34,2260.18,2233.87,2257.79,2099701.6655,1777525199999,4713982220.244167,22555,1155045.33475,2593939171.1694474,0
1777525200000,2252.34,2260.18,2233.87,2257.79,2099701.6655,1777528799999,4713982220.244167,22555,1155045.33475,2593939171.1694474,0
1777528800000,2252.34,2260.18,2233.87,2257.79,2099701.6655,1777532399999,4713982220.244167,22555,1155045.33475,2593939171.1694474,0
1777532400000,2252.34,2260.18,2233.87,2257.79,2099701.6655,1777535999999,4713982220.244167,22555,1155045.33475,2593939171.1694474,0
1777536000000,2257.79,2269.0,2253.8,2256.98,1913623.12625,1777539599999,4323637502.78383,25109,960618.81825,2170886338.298015,0
1777539600000,2257.79,2269.0,2253.8,2256.98,1913623.12625,1777543199999,4323637502.78383,25109,960618.81825,2170886338.298015,0
1777543200000,2257.79,2269.0,2253.8,2256.98,1913623.12625,1777546799999,4323637502.78383,25109,960618.81825,2170886338.298015,0
1777546800000,2257.79,2269.0,2253.8,2256.98,1913623.12625,1777550399999,4323637502.78383,25109,960618.81825,2170886338.298015,0
1777550400000,2257.0,2273.39,2250.45,2265.2,2273509.7625,1777553999999,5142567753.942113,22500,1296274.7235,2933111951.9398327,0
1777554000000,2257.0,2273.39,2250.45,2265.2,2273509.7625,1777557599999,5142567753.942113,22500,1296274.7235,2933111951.9398327,0
1777557600000,2257.0,2273.39,2250.45,2265.2,2273509.7625,1777561199999,5142567753.942113,22500,1296274.7235,2933111951.9398327,0
1777561200000,2257.0,2273.39,2250.45,2265.2,2273509.7625,1777564799999,5142567753.942113,22500,1296274.7235,2933111951.9398327,0
1777564800000,2265.2,2266.83,2250.47,2261.11,1727906.78425,1777568399999,3902512963.1207,22396,777745.359,1756891467.71528,0
1777568400000,2265.2,2266.83,2250.47,2261.11,1727906.78425,1777571999999,3902512963.1207,22396,777745.359,1756891467.71528,0
1777572000000,2265.2,2266.83,2250.47,2261.11,1727906.78425,1777575599999,3902512963.1207,22396,777745.359,1756891467.71528,0
1777575600000,2265.2,2266.83,2250.47,2261.11,1727906.78425,1777579199999,3902512963.1207,22396,777745.359,1756891467.71528,0
1777579200000,2261.01,2265.08,2252.8,2256.41,914624.91825,1777582799999,2065301106.757035,18182,384550.17775,868593557.223415,0
1777582800000,2261.01,2265.08,2252.8,2256.41,914624.91825,1777586399999,2065301106.757035,18182,384550.17775,868593557.223415,0
1777586400000,2261.01,2265.08,2252.8,2256.41,914624.91825,1777589999999,2065301106.757035,18182,384550.17775,868593557.223415,0
1777590000000,2261.01,2265.08,2252.8,2256.41,914624.91825,1777593599999,2065301106.757035,18182,384550.17775,868593557.223415,0
1777593600000,2256.56,2295.0,2256.32,2281.72,1482231.4325,1777597199999,3362756078.2235,19157,837519.3095,1898921196.7055476,0
1777597200000,2256.56,2295.0,2256.32,2281.72,1482231.4325,1777600799999,3362756078.2235,19157,837519.3095,1898921196.7055476,0
1777600800000,2256.56,2295.0,2256.32,2281.72,1482231.4325,1777604399999,3362756078.2235,19157,837519.3095,1898921196.7055476,0
1777604400000,2256.56,2295.0,2256.32,2281.72,1482231.4325,1777607999999,3362756078.2235,19157,837519.3095,1898921196.7055476,0
1777608000000,2281.72,2285.31,2271.95,2278.51,1329776.34475,1777611599999,3031453969.688585,19786,658899.05425,1502201841.7796075,0
1777611600000,2281.72,2285.31,2271.95,2278.51,1329776.34475,1777615199999,3031453969.688585,19786,658899.05425,1502201841.7796075,0
1777615200000,2281.72,2285.31,2271.95,2278.51,1329776.34475,1777618799999,3031453969.688585,19786,658899.05425,1502201841.7796075,0
1777618800000,2281.72,2285.31,2271.95,2278.51,1329776.34475,1777622399999,3031453969.688585,19786,658899.05425,1502201841.7796075,0
1777622400000,2278.45,2290.66,2273.15,2285.03,1206832.982,1777625999999,2755048528.0703573,18335,745592.26225,1702474393.8347025,0
1777626000000,2278.45,2290.66,2273.15,2285.03,1206832.982,1777629599999,2755048528.0703573,18335,745592.26225,1702474393.8347025,0
1777629600000,2278.45,2290.66,2273.15,2285.03,1206832.982,1777633199999,2755048528.0703573,18335,745592.26225,1702474393.8347025,0
1777633200000,2278.45,2290.66,2273.15,2285.03,1206832.982,1777636799999,2755048528.0703573,18335,745592.26225,1702474393.8347025,0
1777636800000,2284.95,2397.37,2283.22,2306.95,2436325.42175,1777640399999,5620969270.962242,21592,1450070.16775,3346000328.518295,0
1777640400000,2284.95,2397.37,2283.22,2306.95,2436325.42175,1777643999999,5620969270.962242,21592,1450070.16775,3346000328.518295,0
1777644000000,2284.95,2397.37,2283.22,2306.95,2436325.42175,1777647599999,5620969270.962242,21592,1450070.16775,3346000328.518295,0
1777647600000,2284.95,2397.37,2283.22,2306.95,2436325.42175,1777651199999,5620969270.962242,21592,1450070.16775,3346000328.518295,0
1777651200000,2309.01,2313.17,2298.54,2304.26,1707705.0445,1777654799999,3936387956.4185724,20310,907502.4825,2091970965.5725124,0
1777654800000,2309.01,2313.17,2298.54,2304.26,1707705.0445,1777658399999,3936387956.4185724,20310,907502.4825,2091970965.5725124,0
1777658400000,2309.01,2313.17,2298.54,2304.26,1707705.0445,1777661999999,3936387956.4185724,20310,907502.4825,2091970965.5725124,0
1777662000000,2309.01,2313.17,2298.54,2304.26,1707705.0445,1777665599999,3936387956.4185724,20310,907502.4825,2091970965.5725124,0
1777665600000,2304.26,2304.62,2283.22,2294.59,1488789.935,1777669199999,3412775134.6930575,19919,687127.3345,1574505078.558695,0
1777669200000,2304.26,2304.62,2283.22,2294.59,1488789.935,1777672799999,3412775134.6930575,19919,687127.3345,1574505078.558695,0
1777672800000,2304.26,2304.62,2283.22,2294.59,1488789.935,1777676399999,3412775134.6930575,19919,687127.3345,1574505078.558695,0
1777676400000,2304.26,2304.62,2283.22,2294.59,1488789.935,1777679999999,3412775134.6930575,19919,687127.3345,1574505078.558695,0
1777680000000,2294.11,2306.6,2291.83,2303.35,988396.689,1777683599999,2272867303.52167,18324,642485.35325,1477440049.5733275,0
1777683600000,2294.11,2306.6,2291.83,2303.35,988396.689,1777687199999,2272867303.52167,18324,642485.35325,1477440049.5733275,0
1777687200000,2294.11,2306.6,2291.83,2303.35,988396.689,1777690799999,2272867303.52167,18324,642485.35325,1477440049.5733275,0
1777690800000,2294.11,2306.6,2291.83,2303.35,988396.689,1777694399999,2272867303.52167,18324,642485.35325,1477440049.5733275,0
1777694400000,2303.35,2304.84,2296.2,2300.88,737365.245,1777697999999,1696030934.071365,17189,331313.54975,762233429.2718825,0
1777698000000,2303.35,2304.84,2296.2,2300.88,737365.245,1777701599999,1696030934.071365,17189,331313.54975,762233429.2718825,0
1777701600000,2303.35,2304.84,2296.2,2300.88,737365.245,1777705199999,1696030934.071365,17189,331313.54975,762233429.2718825,0
1777705200000,2303.35,2304.84,2296.2,2300.88,737365.245,1777708799999,1696030934.071365,17189,331313.54975,762233429.2718825,0
1777708800000,2300.88,2306.6,2298.6,2301.3,485696.2755,1777712399999,1118384897.3888125,15278,276279.59275,636241915.84881,0
1777712400000,2300.88,2306.6,2298.6,2301.3,485696.2755,1777715999999,1118384897.3888125,15278,276279.59275,636241915.84881,0
1777716000000,2300.88,2306.6,2298.6,2301.3,485696.2755,1777719599999,1118384897.3888125,15278,276279.59275,636241915.84881,0
1777719600000,2300.88,2306.6,2298.6,2301.3,485696.2755,1777723199999,1118384897.3888125,15278,276279.59275,636241915.84881,0
1777723200000,2301.01,2309.42,2300.61,2307.96,729773.32725,1777726799999,1682682224.70458,17768,447829.973,1032571269.84233,0
1777726800000,2301.01,2309.42,2300.61,2307.96,729773.32725,1777730399999,1682682224.70458,17768,447829.973,1032571269.84233,0
1777730400000,2301.01,2309.42,2300.61,2307.96,729773.32725,1777733999999,1682682224.70458,17768,447829.973,1032571269.84233,0
1777734000000,2301.01,2309.42,2300.61,2307.96,729773.32725,1777737599999,1682682224.70458,17768,447829.973,1032571269.84233,0
1777737600000,2307.96,2311.67,2303.97,2310.32,644168.51475,1777741199999,1486974601.340445,16385,376216.57575,868621325.9405125,0
1777741200000,2307.96,2311.67,2303.97,2310.32,644168.51475,1777744799999,1486974601.340445,16385,376216.57575,868621325.9405125,0
1777744800000,2307.96,2311.67,2303.97,2310.32,644168.51475,1777748399999,1486974601.340445,16385,376216.57575,868621325.9405125,0
1777748400000,2307.96,2311.67,2303.97,2310.32,644168.51475,1777751999999,1486974601.340445,16385,376216.57575,868621325.9405125,0
1777752000000,2310.32,2332.39,2308.43,2315.97,1052577.2125,1777755599999,2443611425.6392927,17920,480652.94975,1115735499.4866624,0
1777755600000,2310.32,2332.39,2308.43,2315.97,1052577.2125,1777759199999,2443611425.6392927,17920,480652.94975,1115735499.4866624,0
1777759200000,2310.32,2332.39,2308.43,2315.97,1052577.2125,1777762799999,2443611425.6392927,17920,480652.94975,1115735499.4866624,0
1777762800000,2310.32,2332.39,2308.43,2315.97,1052577.2125,1777766399999,2443611425.6392927,17920,480652.94975,1115735499.4866624,0
1777766400000,2315.16,2316.3,2298.63,2301.17,1169138.2925,1777769999999,2696468262.2327075,19858,492467.02875,1135958941.04143,0
1777770000000,2315.16,2316.3,2298.63,2301.17,1169138.2925,1777773599999,2696468262.2327075,19858,492467.02875,1135958941.04143,0
1777773600000,2315.16,2316.3,2298.63,2301.17,1169138.2925,1777777199999,2696468262.2327075,19858,492467.02875,1135958941.04143,0
1777777200000,2315.16,2316.3,2298.63,2301.17,1169138.2925,1777780799999,2696468262.2327075,19858,492467.02875,1135958941.04143,0
1777780800000,2301.24,2312.08,2296.61,2308.38,901450.67275,1777784399999,2076252909.4269426,17999,566135.8455,1304166759.343475,0
1777784400000,2301.24,2312.08,2296.61,2308.38,901450.67275,1777787999999,2076252909.4269426,17999,566135.8455,1304166759.343475,0
1777788000000,2301.24,2312.08,2296.61,2308.38,901450.67275,1777791599999,2076252909.4269426,17999,566135.8455,1304166759.343475,0
1777791600000,2301.24,2312.08,2296.61,2308.38,901450.67275,1777795199999,2076252909.4269426,17999,566135.8455,1304166759.343475,0
1777795200000,2307.84,2323.76,2306.93,2318.6,1125831.682,1777798799999,2605050461.7502675,18442,683829.15325,1582478219.420925,0
1777798800000,2307.84,2323.76,2306.93,2318.6,1125831.682,1777802399999,2605050461.7502675,18442,683829.15325,1582478219.420925,0
1777802400000,2307.84,2323.76,2306.93,2318.6,1125831.682,1777805999999,2605050461.7502675,18442,683829.15325,1582478219.420925,0
1777806000000,2307.84,2323.76,2306.93,2318.6,1125831.682,1777809599999,2605050461.7502675,18442,683829.15325,1582478219.420925,0
1777809600000,2318.6,2331.49,2318.6,2327.34,1270831.86875,1777813199999,2954372951.8644977,19757,709396.27025,1649589936.9722326,0
1777813200000,2318.6,2331.49,2318.6,2327.34,1270831.86875,1777816799999,2954372951.8644977,19757,709396.27025,1649589936.9722326,0
1777816800000,2318.6,2331.49,2318.6,2327.34,1270831.86875,1777820399999,2954372951.8644977,19757,709396.27025,1649589936.9722326,0
1777820400000,2318.6,2331.49,2318.6,2327.34,1270831.86875,1777823999999,2954372951.8644977,19757,709396.27025,1649589936.9722326,0
1777824000000,2327.47,2335.45,2321.46,2334.68,1222375.0105,1777827599999,2847472805.2332277,18218,646976.969,1507674990.712245,0
1777827600000,2327.47,2335.45,2321.46,2334.68,1222375.0105,1777831199999,2847472805.2332277,18218,646976.969,1507674990.712245,0
1777831200000,2327.47,2335.45,2321.46,2334.68,1222375.0105,1777834799999,2847472805.2332277,18218,646976.969,1507674990.712245,0
1777834800000,2327.47,2335.45,2321.46,2334.68,1222375.0105,1777838399999,2847472805.2332277,18218,646976.969,1507674990.712245,0
1777838400000,2334.66,2346.77,2317.76,2321.69,2069122.17775,1777841999999,4826497757.990288,19324,938182.38075,2189840301.2083774,0
1777842000000,2334.66,2346.77,2317.76,2321.69,2069122.17775,1777845599999,4826497757.990288,19324,938182.38075,2189840301.2083774,0
1777845600000,2334.66,2346.77,2317.76,2321.69,2069122.17775,1777849199999,4826497757.990288,19324,938182.38075,2189840301.2083774,0
1777849200000,2334.66,2346.77,2317.76,2321.69,2069122.17775,1777852799999,4826497757.990288,19324,938182.38075,2189840301.2083774,0
1777852800000,2321.69,2389.24,2308.49,2383.65,2387689.27425,1777856399999,5599393961.959625,19426,1453840.86175,3408071217.68496,0
1777856400000,2321.69,2389.24,2308.49,2383.65,2387689.27425,1777859999999,5599393961.959625,19426,1453840.86175,3408071217.68496,0
1777860000000,2321.69,2389.24,2308.49,2383.65,2387689.27425,1777863599999,5599393961.959625,19426,1453840.86175,3408071217.68496,0
1777863600000,2321.69,2389.24,2308.49,2383.65,2387689.27425,1777867199999,5599393961.959625,19426,1453840.86175,3408071217.68496,0
1777867200000,2383.66,2394.57,2357.53,2362.88,1877190.83075,1777870799999,4461533076.000797,21592,835171.64525,1984354964.0493176,0
1777870800000,2383.66,2394.57,2357.53,2362.88,1877190.83075,1777874399999,4461533076.000797,21592,835171.64525,1984354964.0493176,0
1777874400000,2383.66,2394.57,2357.53,2362.88,1877190.83075,1777877999999,4461533076.000797,21592,835171.64525,1984354964.0493176,0
1777878000000,2383.66,2394.57,2357.53,2362.88,1877190.83075,1777881599999,4461533076.000797,21592,835171.64525,1984354964.0493176,0
1777881600000,2362.88,2369.25,2314.27,2336.24,2133887.28975,1777885199999,5010475021.722222,21539,992171.712,2329979704.9475875,0
1777885200000,2362.88,2369.25,2314.27,2336.24,2133887.28975,1777888799999,5010475021.722222,21539,992171.712,2329979704.9475875,0
1777888800000,2362.88,2369.25,2314.27,2336.24,2133887.28975,1777892399999,5010475021.722222,21539,992171.712,2329979704.9475875,0
1777892400000,2362.88,2369.25,2314.27,2336.24,2133887.28975,1777895999999,5010475021.722222,21539,992171.712,2329979704.9475875,0
1777896000000,2336.3,2376.41,2326.01,2349.23,2388622.40225,1777899599999,5600602737.894725,21385,1305614.79,3061246987.84477,0
1777899600000,2336.3,2376.41,2326.01,2349.23,2388622.40225,1777903199999,5600602737.894725,21385,1305614.79,3061246987.84477,0
1777903200000,2336.3,2376.41,2326.01,2349.23,2388622.40225,1777906799999,5600602737.894725,21385,1305614.79,3061246987.84477,0
1777906800000,2336.3,2376.41,2326.01,2349.23,2388622.40225,1777910399999,5600602737.894725,21385,1305614.79,3061246987.84477,0
1777910400000,2349.13,2373.78,2338.35,2355.05,2083874.582,1777913999999,4917535853.29374,21344,972334.5925,2294678311.5419073,0
1777914000000,2349.13,2373.78,2338.35,2355.05,2083874.582,1777917599999,4917535853.29374,21344,972334.5925,2294678311.5419073,0
1777917600000,2349.13,2373.78,2338.35,2355.05,2083874.582,1777921199999,4917535853.29374,21344,972334.5925,2294678311.5419073,0
1777921200000,2349.13,2373.78,2338.35,2355.05,2083874.582,1777924799999,4917535853.29374,21344,972334.5925,2294678311.5419073,0
1777924800000,2355.05,2363.5,2343.52,2345.94,1470120.36825,1777928399999,3461579847.4356327,19912,701656.3595,1652553836.323295,0
1777928400000,2355.05,2363.5,2343.52,2345.94,1470120.36825,1777931999999,3461579847.4356327,19912,701656.3595,1652553836.323295,0
1777932000000,2355.05,2363.5,2343.52,2345.94,1470120.36825,1777935599999,3461579847.4356327,19912,701656.3595,1652553836.323295,0
1777935600000,2355.05,2363.5,2343.52,2345.94,1470120.36825,1777939199999,3461579847.4356327,19912,701656.3595,1652553836.323295,0
1777939200000,2345.94,2383.42,2344.13,2381.18,1843028.4595,1777942799999,4358398854.002808,21578,1152724.87425,2725395220.0490074,0
1777942800000,2345.94,2383.42,2344.13,2381.18,1843028.4595,1777946399999,4358398854.002808,21578,1152724.87425,2725395220.0490074,0
1777946400000,2345.94,2383.42,2344.13,2381.18,1843028.4595,1777949999999,4358398854.002808,21578,1152724.87425,2725395220.0490074,0
1777950000000,2345.94,2383.42,2344.13,2381.18,1843028.4595,1777953599999,4358398854.002808,21578,1152724.87425,2725395220.0490074,0
1777953600000,2381.18,2387.87,2367.96,2379.49,1927975.141,1777957199999,4586919382.678852,22949,1005746.1375,2393255039.2008424,0
1777957200000,2381.18,2387.87,2367.96,2379.49,1927975.141,1777960799999,4586919382.678852,22949,1005746.1375,2393255039.2008424,0
1777960800000,2381.18,2387.87,2367.96,2379.49,1927975.141,1777964399999,4586919382.678852,22949,1005746.1375,2393255039.2008424,0
1777964400000,2381.18,2387.87,2367.96,2379.49,1927975.141,1777967999999,4586919382.678852,22949,1005746.1375,2393255039.2008424,0
1777968000000,2379.05,2383.46,2366.45,2378.25,1417216.08025,1777971599999,3365116480.0481777,19911,713618.28525,1694747342.2910974,0
1777971600000,2379.05,2383.46,2366.45,2378.25,1417216.08025,1777975199999,3365116480.0481777,19911,713618.28525,1694747342.2910974,0
1777975200000,2379.05,2383.46,2366.45,2378.25,1417216.08025,1777978799999,3365116480.0481777,19911,713618.28525,1694747342.2910974,0
1777978800000,2379.05,2383.46,2366.45,2378.25,1417216.08025,1777982399999,3365116480.0481777,19911,713618.28525,1694747342.2910974,0
1777982400000,2378.25,2397.3,2373.35,2380.21,2111171.27825,1777985999999,5033956484.08022,21408,1161460.39975,2770096138.0242376,0
1777986000000,2378.25,2397.3,2373.35,2380.21,2111171.27825,1777989599999,5033956484.08022,21408,1161460.39975,2770096138.0242376,0
1777989600000,2378.25,2397.3,2373.35,2380.21,2111171.27825,1777993199999,5033956484.08022,21408,1161460.39975,2770096138.0242376,0
1777993200000,2378.25,2397.3,2373.35,2380.21,2111171.27825,1777996799999,5033956484.08022,21408,1161460.39975,2770096138.0242376,0
1777996800000,2380.28,2381.75,2359.85,2370.91,1658017.05675,1778000399999,3927886560.69442,20619,836636.3995,1981533531.673085,0
1778000400000,2380.28,2381.75,2359.85,2370.91,1658017.05675,1778003999999,3927886560.69442,20619,836636.3995,1981533531.673085,0
1778004000000,2380.28,2381.75,2359.85,2370.91,1658017.05675,1778007599999,3927886560.69442,20619,836636.3995,1981533531.673085,0
1778007600000,2380.28,2381.75,2359.85,2370.91,1658017.05675,1778011199999,3927886560.69442,20619,836636.3995,1981533531.673085,0
1778011200000,2370.91,2385.52,2354.69,2359.78,2004120.9105,1778014799999,4753259186.337592,21000,926069.782,2197237566.3209376,0
1778014800000,2370.91,2385.52,2354.69,2359.78,2004120.9105,1778018399999,4753259186.337592,21000,926069.782,2197237566.3209376,0
1778018400000,2370.91,2385.52,2354.69,2359.78,2004120.9105,1778021999999,4753259186.337592,21000,926069.782,2197237566.3209376,0
1778022000000,2370.91,2385.52,2354.69,2359.78,2004120.9105,1778025599999,4753259186.337592,21000,926069.782,2197237566.3209376,0
1778025600000,2359.78,2377.51,2355.47,2375.54,1890618.79675,1778029199999,4473622315.534923,22022,985278.3475,2332271353.87894,0
1778029200000,2359.78,2377.51,2355.47,2375.54,1890618.79675,1778032799999,4473622315.534923,22022,985278.3475,2332271353.87894,0
1778032800000,2359.78,2377.51,2355.47,2375.54,1890618.79675,1778036399999,4473622315.534923,22022,985278.3475,2332271353.87894,0
1778036400000,2359.78,2377.51,2355.47,2375.54,1890618.79675,1778039999999,4473622315.534923,22022,985278.3475,2332271353.87894,0
1778040000000,2375.61,2377.86,2354.03,2369.83,1448342.80325,1778043599999,3428255950.474725,18527,720387.1225,1705052525.8186874,0
1778043600000,2375.61,2377.86,2354.03,2369.83,1448342.80325,1778047199999,3428255950.474725,18527,720387.1225,1705052525.8186874,0
1778047200000,2375.61,2377.86,2354.03,2369.83,1448342.80325,1778050799999,3428255950.474725,18527,720387.1225,1705052525.8186874,0
1778050800000,2375.61,2377.86,2354.03,2369.83,1448342.80325,1778054399999,3428255950.474725,18527,720387.1225,1705052525.8186874,0
1778054400000,2370.34,2419.6,2369.47,2409.43,2032756.6235,1778057999999,4879842987.602753,17506,1286135.0165,3086272072.30206,0
1778058000000,2370.34,2419.6,2369.47,2409.43,2032756.6235,1778061599999,4879842987.602753,17506,1286135.0165,3086272072.30206,0
1778061600000,2370.34,2419.6,2369.47,2409.43,2032756.6235,1778065199999,4879842987.602753,17506,1286135.0165,3086272072.30206,0
1778065200000,2370.34,2419.6,2369.47,2409.43,2032756.6235,1778068799999,4879842987.602753,17506,1286135.0165,3086272072.30206,0
1778068800000,2409.43,2412.95,2353.5,2358.19,2203686.95475,1778072399999,5237537456.671303,18990,920985.7905,2191242752.8494525,0
1778072400000,2409.43,2412.95,2353.5,2358.19,2203686.95475,1778075999999,5237537456.671303,18990,920985.7905,2191242752.8494525,0
1778076000000,2409.43,2412.95,2353.5,2358.19,2203686.95475,1778079599999,5237537456.671303,18990,920985.7905,2191242752.8494525,0
1778079600000,2409.43,2412.95,2353.5,2358.19,2203686.95475,1778083199999,5237537456.671303,18990,920985.7905,2191242752.8494525,0
1778083200000,2358.19,2364.0,2338.98,2348.16,1863330.46425,1778086799999,4380441402.418238,22065,869529.98175,2044264956.0031924,0
1778086800000,2358.19,2364.0,2338.98,2348.16,1863330.46425,1778090399999,4380441402.418238,22065,869529.98175,2044264956.0031924,0
1778090400000,2358.19,2364.0,2338.98,2348.16,1863330.46425,1778093999999,4380441402.418238,22065,869529.98175,2044264956.0031924,0
1778094000000,2358.19,2364.0,2338.98,2348.16,1863330.46425,1778097599999,4380441402.418238,22065,869529.98175,2044264956.0031924,0
1778097600000,2348.16,2355.71,2338.54,2349.85,1603251.20575,1778101199999,3765301163.2837276,20948,825911.07325,1940065798.709995,0
1778101200000,2348.16,2355.71,2338.54,2349.85,1603251.20575,1778104799999,3765301163.2837276,20948,825911.07325,1940065798.709995,0
1778104800000,2348.16,2355.71,2338.54,2349.85,1603251.20575,1778108399999,3765301163.2837276,20948,825911.07325,1940065798.709995,0
1778108400000,2348.16,2355.71,2338.54,2349.85,1603251.20575,1778111999999,3765301163.2837276,20948,825911.07325,1940065798.709995,0
1778112000000,2349.97,2350.54,2313.45,2321.85,1878926.24575,1778115599999,4373378652.898542,21018,711804.8705,1655781107.113895,0
1778115600000,2349.97,2350.54,2313.45,2321.85,1878926.24575,1778119199999,4373378652.898542,21018,711804.8705,1655781107.113895,0
1778119200000,2349.97,2350.54,2313.45,2321.85,1878926.24575,1778122799999,4373378652.898542,21018,711804.8705,1655781107.113895,0
1778122800000,2349.97,2350.54,2313.45,2321.85,1878926.24575,1778126399999,4373378652.898542,21018,711804.8705,1655781107.113895,0
1778126400000,2321.85,2345.29,2317.51,2343.84,1550261.025,1778129999999,3612985545.2162776,19641,972808.788,2267976458.1039677,0
1778130000000,2321.85,2345.29,2317.51,2343.84,1550261.025,1778133599999,3612985545.2162776,19641,972808.788,2267976458.1039677,0
1778133600000,2321.85,2345.29,2317.51,2343.84,1550261.025,1778137199999,3612985545.2162776,19641,972808.788,2267976458.1039677,0
1778137200000,2321.85,2345.29,2317.51,2343.84,1550261.025,1778140799999,3612985545.2162776,19641,972808.788,2267976458.1039677,0
1778140800000,2343.75,2345.54,2316.78,2329.04,1726422.5245,1778144399999,4023593614.3747425,20898,731820.8185,1705396921.0581825,0
1778144400000,2343.75,2345.54,2316.78,2329.04,1726422.5245,1778147999999,4023593614.3747425,20898,731820.8185,1705396921.0581825,0
1778148000000,2343.75,2345.54,2316.78,2329.04,1726422.5245,1778151599999,4023593614.3747425,20898,731820.8185,1705396921.0581825,0
1778151600000,2343.75,2345.54,2316.78,2329.04,1726422.5245,1778155199999,4023593614.3747425,20898,731820.8185,1705396921.0581825,0
1778155200000,2328.23,2334.91,2287.26,2292.74,2221590.401,1778158799999,5133949456.240205,21012,922056.76025,2130573995.2226875,0
1778158800000,2328.23,2334.91,2287.26,2292.74,2221590.401,1778162399999,5133949456.240205,21012,922056.76025,2130573995.2226875,0
1778162400000,2328.23,2334.91,2287.26,2292.74,2221590.401,1778165999999,5133949456.240205,21012,922056.76025,2130573995.2226875,0
1778166000000,2328.23,2334.91,2287.26,2292.74,2221590.401,1778169599999,5133949456.240205,21012,922056.76025,2130573995.2226875,0
1778169600000,2292.44,2302.12,2283.99,2295.0,2143779.687,1778173199999,4915174754.84593,20749,1135534.17975,2603824384.2957325,0
1778173200000,2292.44,2302.12,2283.99,2295.0,2143779.687,1778176799999,4915174754.84593,20749,1135534.17975,2603824384.2957325,0
1778176800000,2292.44,2302.12,2283.99,2295.0,2143779.687,1778180399999,4915174754.84593,20749,1135534.17975,2603824384.2957325,0
1778180400000,2292.44,2302.12,2283.99,2295.0,2143779.687,1778183999999,4915174754.84593,20749,1135534.17975,2603824384.2957325,0
1778184000000,2295.16,2299.74,2280.99,2290.24,1483008.344,1778187599999,3393203880.2466826,19020,713460.74775,1632579713.1078625,0
1778187600000,2295.16,2299.74,2280.99,2290.24,1483008.344,1778191199999,3393203880.2466826,19020,713460.74775,1632579713.1078625,0
1778191200000,2295.16,2299.74,2280.99,2290.24,1483008.344,1778194799999,3393203880.2466826,19020,713460.74775,1632579713.1078625,0
1778194800000,2295.16,2299.74,2280.99,2290.24,1483008.344,1778198399999,3393203880.2466826,19020,713460.74775,1632579713.1078625,0
1778198400000,2290.24,2292.33,2269.16,2278.23,1551803.54375,1778201999999,3538390826.494395,17750,747286.314,1703629871.034485,0
1778202000000,2290.24,2292.33,2269.16,2278.23,1551803.54375,1778205599999,3538390826.494395,17750,747286.314,1703629871.034485,0
1778205600000,2290.24,2292.33,2269.16,2278.23,1551803.54375,1778209199999,3538390826.494395,17750,747286.314,1703629871.034485,0
1778209200000,2290.24,2292.33,2269.16,2278.23,1551803.54375,1778212799999,3538390826.494395,17750,747286.314,1703629871.034485,0
1778212800000,2278.23,2283.56,2265.95,2279.74,1453973.7875,1778216399999,3308772913.8902726,18499,661354.215,1505881280.0042026,0
1778216400000,2278.23,2283.56,2265.95,2279.74,1453973.7875,1778219999999,3308772913.8902726,18499,661354.215,1505881280.0042026,0
1778220000000,2278.23,2283.56,2265.95,2279.74,1453973.7875,1778223599999,3308772913.8902726,18499,661354.215,1505881280.0042026,0
1778223600000,2278.23,2283.56,2265.95,2279.74,1453973.7875,1778227199999,3308772913.8902726,18499,661354.215,1505881280.0042026,0
1778227200000,2279.74,2295.05,2278.67,2294.04,1524882.62975,1778230799999,3486385159.4250226,19956,948237.10825,2168773566.021025,0
1778230800000,2279.74,2295.05,2278.67,2294.04,1524882.62975,1778234399999,3486385159.4250226,19956,948237.10825,2168773566.021025,0
1778234400000,2279.74,2295.05,2278.67,2294.04,1524882.62975,1778237999999,3486385159.4250226,19956,948237.10825,2168773566.021025,0
1778238000000,2279.74,2295.05,2278.67,2294.04,1524882.62975,1778241599999,3486385159.4250226,19956,948237.10825,2168773566.021025,0
1778241600000,2294.37,2295.53,2269.92,2291.14,2364055.05625,1778245199999,5396560832.88851,22145,1254294.54625,2862936220.5404224,0
1778245200000,2294.37,2295.53,2269.92,2291.14,2364055.05625,1778248799999,5396560832.88851,22145,1254294.54625,2862936220.5404224,0
1778248800000,2294.37,2295.53,2269.92,2291.14,2364055.05625,1778252399999,5396560832.88851,22145,1254294.54625,2862936220.5404224,0
1778252400000,2294.37,2295.53,2269.92,2291.14,2364055.05625,1778255999999,5396560832.88851,22145,1254294.54625,2862936220.5404224,0
1778256000000,2291.35,2320.2,2286.42,2313.93,1939003.88525,1778259599999,4471330900.93186,20001,1053194.18675,2427646454.7988777,0
1778259600000,2291.35,2320.2,2286.42,2313.93,1939003.88525,1778263199999,4471330900.93186,20001,1053194.18675,2427646454.7988777,0
1778263200000,2291.35,2320.2,2286.42,2313.93,1939003.88525,1778266799999,4471330900.93186,20001,1053194.18675,2427646454.7988777,0
1778266800000,2291.35,2320.2,2286.42,2313.93,1939003.88525,1778270399999,4471330900.93186,20001,1053194.18675,2427646454.7988777,0
1778270400000,2313.96,2317.28,2302.66,2306.27,1265884.53275,1778273999999,2924079369.4163876,18239,587501.4235,1357556029.268435,0
1778274000000,2313.96,2317.28,2302.66,2306.27,1265884.53275,1778277599999,2924079369.4163876,18239,587501.4235,1357556029.268435,0
1778277600000,2313.96,2317.28,2302.66,2306.27,1265884.53275,1778281199999,2924079369.4163876,18239,587501.4235,1357556029.268435,0
1778281200000,2313.96,2317.28,2302.66,2306.27,1265884.53275,1778284799999,2924079369.4163876,18239,587501.4235,1357556029.268435,0
1778284800000,2306.23,2319.71,2303.53,2314.73,1124626.99475,1778288399999,2601074313.2517977,19554,685351.21375,1585332439.8478475,0
1778288400000,2306.23,2319.71,2303.53,2314.73,1124626.99475,1778291999999,2601074313.2517977,19554,685351.21375,1585332439.8478475,0
1778292000000,2306.23,2319.71,2303.53,2314.73,1124626.99475,1778295599999,2601074313.2517977,19554,685351.21375,1585332439.8478475,0
1778295600000,2306.23,2319.71,2303.53,2314.73,1124626.99475,1778299199999,2601074313.2517977,19554,685351.21375,1585332439.8478475,0
1778299200000,2314.73,2323.07,2310.61,2313.91,826350.2285,1778302799999,1913637108.8240075,15995,398250.45,922569381.26098,0
1778302800000,2314.73,2323.07,2310.61,2313.91,826350.2285,1778306399999,1913637108.8240075,15995,398250.45,922569381.26098,0
1778306400000,2314.73,2323.07,2310.61,2313.91,826350.2285,1778309999999,1913637108.8240075,15995,398250.45,922569381.26098,0
1778310000000,2314.73,2323.07,2310.61,2313.91,826350.2285,1778313599999,1913637108.8240075,15995,398250.45,922569381.26098,0
1778313600000,2313.91,2319.28,2309.47,2314.07,695077.39275,1778317199999,1608135274.68642,15566,337989.39525,782061553.6822925,0
1778317200000,2313.91,2319.28,2309.47,2314.07,695077.39275,1778320799999,1608135274.68642,15566,337989.39525,782061553.6822925,0
1778320800000,2313.91,2319.28,2309.47,2314.07,695077.39275,1778324399999,1608135274.68642,15566,337989.39525,782061553.6822925,0
1778324400000,2313.91,2319.28,2309.47,2314.07,695077.39275,1778327999999,1608135274.68642,15566,337989.39525,782061553.6822925,0
1778328000000,2314.06,2316.97,2301.14,2315.66,1174438.97425,1778331599999,2713767425.26941,19004,633429.014,1463719864.5999,0
1778331600000,2314.06,2316.97,2301.14,2315.66,1174438.97425,1778335199999,2713767425.26941,19004,633429.014,1463719864.5999,0
1778335200000,2314.06,2316.97,2301.14,2315.66,1174438.97425,1778338799999,2713767425.26941,19004,633429.014,1463719864.5999,0
1778338800000,2314.06,2316.97,2301.14,2315.66,1174438.97425,1778342399999,2713767425.26941,19004,633429.014,1463719864.5999,0
1778342400000,2315.02,2336.31,2314.01,2331.14,1126636.17125,1778345999999,2619847889.1414,17832,638679.086,1484947174.8387475,0
1778346000000,2315.02,2336.31,2314.01,2331.14,1126636.17125,1778349599999,2619847889.1414,17832,638679.086,1484947174.8387475,0
1778349600000,2315.02,2336.31,2314.01,2331.14,1126636.17125,1778353199999,2619847889.1414,17832,638679.086,1484947174.8387475,0
1778353200000,2315.02,2336.31,2314.01,2331.14,1126636.17125,1778356799999,2619847889.1414,17832,638679.086,1484947174.8387475,0
1778356800000,2331.14,2332.3,2323.66,2325.71,665909.34725,1778360399999,1550525491.102315,16253,296168.79525,689763532.8473,0
1778360400000,2331.14,2332.3,2323.66,2325.71,665909.34725,1778363999999,1550525491.102315,16253,296168.79525,689763532.8473,0
1778364000000,2331.14,2332.3,2323.66,2325.71,665909.34725,1778367599999,1550525491.102315,16253,296168.79525,689763532.8473,0
1778367600000,2331.14,2332.3,2323.66,2325.71,665909.34725,1778371199999,1550525491.102315,16253,296168.79525,689763532.8473,0
1778371200000,2325.7,2330.19,2317.39,2326.44,1025255.70575,1778374799999,2382893239.722535,17501,466129.78225,1083477338.7954326,0
1778374800000,2325.7,2330.19,2317.39,2326.44,1025255.70575,1778378399999,2382893239.722535,17501,466129.78225,1083477338.7954326,0
1778378400000,2325.7,2330.19,2317.39,2326.44,1025255.70575,1778381999999,2382893239.722535,17501,466129.78225,1083477338.7954326,0
1778382000000,2325.7,2330.19,2317.39,2326.44,1025255.70575,1778385599999,2382893239.722535,17501,466129.78225,1083477338.7954326,0
1778385600000,2326.48,2330.3,2325.31,2326.5,539815.33525,1778389199999,1256573377.3757474,14860,265425.004,617995696.793545,0
1778389200000,2326.48,2330.3,2325.31,2326.5,539815.33525,1778392799999,1256573377.3757474,14860,265425.004,617995696.793545,0
1778392800000,2326.48,2330.3,2325.31,2326.5,539815.33525,1778396399999,1256573377.3757474,14860,265425.004,617995696.793545,0
1778396400000,2326.48,2330.3,2325.31,2326.5,539815.33525,1778399999999,1256573377.3757474,14860,265425.004,617995696.793545,0
1778400000000,2326.32,2332.1,2318.1,2322.2,791408.924,1778403599999,1840182399.4530225,16313,336821.241,783393315.6179525,0
1778403600000,2326.32,2332.1,2318.1,2322.2,791408.924,1778407199999,1840182399.4530225,16313,336821.241,783393315.6179525,0
1778407200000,2326.32,2332.1,2318.1,2322.2,791408.924,1778410799999,1840182399.4530225,16313,336821.241,783393315.6179525,0
1778410800000,2326.32,2332.1,2318.1,2322.2,791408.924,1778414399999,1840182399.4530225,16313,336821.241,783393315.6179525,0
1778414400000,2322.2,2347.57,2320.06,2346.64,1025907.4535,1778417999999,2392037291.46881,17152,659508.1855,1538288970.3150725,0
1778418000000,2322.2,2347.57,2320.06,2346.64,1025907.4535,1778421599999,2392037291.46881,17152,659508.1855,1538288970.3150725,0
1778421600000,2322.2,2347.57,2320.06,2346.64,1025907.4535,1778425199999,2392037291.46881,17152,659508.1855,1538288970.3150725,0
1778425200000,2322.2,2347.57,2320.06,2346.64,1025907.4535,1778428799999,2392037291.46881,17152,659508.1855,1538288970.3150725,0
1778428800000,2347.18,2365.23,2339.36,2364.31,1871101.99775,1778432399999,4404532096.936458,21165,944408.55825,2223620918.45608,0
1778432400000,2347.18,2365.23,2339.36,2364.31,1871101.99775,1778435999999,4404532096.936458,21165,944408.55825,2223620918.45608,0
1778436000000,2347.18,2365.23,2339.36,2364.31,1871101.99775,1778439599999,4404532096.936458,21165,944408.55825,2223620918.45608,0
1778439600000,2347.18,2365.23,2339.36,2364.31,1871101.99775,1778443199999,4404532096.936458,21165,944408.55825,2223620918.45608,0
1778443200000,2364.31,2380.27,2313.29,2369.78,2322953.5145,1778446799999,5459959513.110732,18015,1165069.376,2739107967.7583723,0
1778446800000,2364.31,2380.27,2313.29,2369.78,2322953.5145,1778450399999,5459959513.110732,18015,1165069.376,2739107967.7583723,0
1778450400000,2364.31,2380.27,2313.29,2369.78,2322953.5145,1778453999999,5459959513.110732,18015,1165069.376,2739107967.7583723,0
1778454000000,2364.31,2380.27,2313.29,2369.78,2322953.5145,1778457599999,5459959513.110732,18015,1165069.376,2739107967.7583723,0
1778457600000,2368.37,2372.54,2318.92,2329.34,2141672.475,1778461199999,5033019674.70064,17828,849735.94375,1997225502.2326176,0
1778461200000,2368.37,2372.54,2318.92,2329.34,2141672.475,1778464799999,5033019674.70064,17828,849735.94375,1997225502.2326176,0
1778464800000,2368.37,2372.54,2318.92,2329.34,2141672.475,1778468399999,5033019674.70064,17828,849735.94375,1997225502.2326176,0
1778468400000,2368.37,2372.54,2318.92,2329.34,2141672.475,1778471999999,5033019674.70064,17828,849735.94375,1997225502.2326176,0
1778472000000,2329.34,2340.15,2325.69,2329.17,1715922.65,1778475599999,4002821453.9572825,20733,888904.124,2074096379.19966,0
1778475600000,2329.34,2340.15,2325.69,2329.17,1715922.65,1778479199999,4002821453.9572825,20733,888904.124,2074096379.19966,0
1778479200000,2329.34,2340.15,2325.69,2329.17,1715922.65,1778482799999,4002821453.9572825,20733,888904.124,2074096379.19966,0
1778482800000,2329.34,2340.15,2325.69,2329.17,1715922.65,1778486399999,4002821453.9572825,20733,888904.124,2074096379.19966,0
1778486400000,2329.11,2338.33,2325.96,2334.52,1325011.08125,1778489999999,3089667968.6573024,18784,769963.0985,1795685014.9930325,0
1778490000000,2329.11,2338.33,2325.96,2334.52,1325011.08125,1778493599999,3089667968.6573024,18784,769963.0985,1795685014.9930325,0
1778493600000,2329.11,2338.33,2325.96,2334.52,1325011.08125,1778497199999,3089667968.6573024,18784,769963.0985,1795685014.9930325,0
1778497200000,2329.11,2338.33,2325.96,2334.52,1325011.08125,1778500799999,3089667968.6573024,18784,769963.0985,1795685014.9930325,0
1778500800000,2334.52,2337.01,2309.12,2332.05,1988633.21475,1778504399999,4621552503.58361,18759,995671.77675,2313734012.392005,0
1778504400000,2334.52,2337.01,2309.12,2332.05,1988633.21475,1778507999999,4621552503.58361,18759,995671.77675,2313734012.392005,0
1778508000000,2334.52,2337.01,2309.12,2332.05,1988633.21475,1778511599999,4621552503.58361,18759,995671.77675,2313734012.392005,0
1778511600000,2334.52,2337.01,2309.12,2332.05,1988633.21475,1778515199999,4621552503.58361,18759,995671.77675,2313734012.392005,0
1778515200000,2332.05,2342.23,2323.4,2339.06,1899964.112,1778518799999,4436719359.170347,19900,960376.213,2242931133.1006627,0
1778518800000,2332.05,2342.23,2323.4,2339.06,1899964.112,1778522399999,4436719359.170347,19900,960376.213,2242931133.1006627,0
1778522400000,2332.05,2342.23,2323.4,2339.06,1899964.112,1778525999999,4436719359.170347,19900,960376.213,2242931133.1006627,0
1778526000000,2332.05,2342.23,2323.4,2339.06,1899964.112,1778529599999,4436719359.170347,19900,960376.213,2242931133.1006627,0
1778529600000,2339.06,2344.53,2334.81,2338.83,1150552.72125,1778533199999,2691034315.5795426,17275,624183.36975,1460318928.6385274,0
1778533200000,2339.06,2344.53,2334.81,2338.83,1150552.72125,1778536799999,2691034315.5795426,17275,624183.36975,1460318928.6385274,0
1778536800000,2339.06,2344.53,2334.81,2338.83,1150552.72125,1778540399999,2691034315.5795426,17275,624183.36975,1460318928.6385274,0
1778540400000,2339.06,2344.53,2334.81,2338.83,1150552.72125,1778543999999,2691034315.5795426,17275,624183.36975,1460318928.6385274,0
1778544000000,2338.83,2339.06,2297.91,2307.9,1734934.86325,1778547599999,4020720986.7880774,18106,703508.8975,1629683071.87839,0
1778547600000,2338.83,2339.06,2297.91,2307.9,1734934.86325,1778551199999,4020720986.7880774,18106,703508.8975,1629683071.87839,0
1778551200000,2338.83,2339.06,2297.91,2307.9,1734934.86325,1778554799999,4020720986.7880774,18106,703508.8975,1629683071.87839,0
1778554800000,2338.83,2339.06,2297.91,2307.9,1734934.86325,1778558399999,4020720986.7880774,18106,703508.8975,1629683071.87839,0
1778558400000,2307.83,2312.94,2293.64,2294.34,1328634.727,1778561999999,3062037116.1163774,18885,493445.66475,1138436735.39076,0
1778562000000,2307.83,2312.94,2293.64,2294.34,1328634.727,1778565599999,3062037116.1163774,18885,493445.66475,1138436735.39076,0
1778565600000,2307.83,2312.94,2293.64,2294.34,1328634.727,1778569199999,3062037116.1163774,18885,493445.66475,1138436735.39076,0
1778569200000,2307.83,2312.94,2293.64,2294.34,1328634.727,1778572799999,3062037116.1163774,18885,493445.66475,1138436735.39076,0
1778572800000,2294.34,2294.73,2278.27,2284.13,1701075.7585,1778576399999,3888854561.9004974,19335,866500.71875,1980913925.093785,0
1778576400000,2294.34,2294.73,2278.27,2284.13,1701075.7585,1778579999999,3888854561.9004974,19335,866500.71875,1980913925.093785,0
1778580000000,2294.34,2294.73,2278.27,2284.13,1701075.7585,1778583599999,3888854561.9004974,19335,866500.71875,1980913925.093785,0
1778583600000,2294.34,2294.73,2278.27,2284.13,1701075.7585,1778587199999,3888854561.9004974,19335,866500.71875,1980913925.093785,0
1778587200000,2284.13,2292.15,2256.45,2261.62,2238461.868,1778590799999,5093933979.483337,19192,1024414.844,2331114285.6785774,0
1778590800000,2284.13,2292.15,2256.45,2261.62,2238461.868,1778594399999,5093933979.483337,19192,1024414.844,2331114285.6785774,0
1778594400000,2284.13,2292.15,2256.45,2261.62,2238461.868,1778597999999,5093933979.483337,19192,1024414.844,2331114285.6785774,0
1778598000000,2284.13,2292.15,2256.45,2261.62,2238461.868,1778601599999,5093933979.483337,19192,1024414.844,2331114285.6785774,0
1778601600000,2261.62,2285.9,2257.95,2283.65,1795286.26125,1778605199999,4080291983.92035,19980,1088060.0335,2473717122.309415,0
1778605200000,2261.62,2285.9,2257.95,2283.65,1795286.26125,1778608799999,4080291983.92035,19980,1088060.0335,2473717122.309415,0
1778608800000,2261.62,2285.9,2257.95,2283.65,1795286.26125,1778612399999,4080291983.92035,19980,1088060.0335,2473717122.309415,0
1778612400000,2261.62,2285.9,2257.95,2283.65,1795286.26125,1778615999999,4080291983.92035,19980,1088060.0335,2473717122.309415,0
1778616000000,2283.65,2289.61,2273.31,2274.02,928911.54975,1778619599999,2120480188.36995,16891,425283.56625,971814087.3547025,0
1778619600000,2283.65,2289.61,2273.31,2274.02,928911.54975,1778623199999,2120480188.36995,16891,425283.56625,971814087.3547025,0
1778623200000,2283.65,2289.61,2273.31,2274.02,928911.54975,1778626799999,2120480188.36995,16891,425283.56625,971814087.3547025,0
1778626800000,2283.65,2289.61,2273.31,2274.02,928911.54975,1778630399999,2120480188.36995,16891,425283.56625,971814087.3547025,0
1778630400000,2274.48,2306.86,2272.81,2300.9,1890683.119,1778633999999,4328045316.178027,21420,1264278.00325,2894052379.5137925,0
1778634000000,2274.48,2306.86,2272.81,2300.9,1890683.119,1778637599999,4328045316.178027,21420,1264278.00325,2894052379.5137925,0
1778637600000,2274.48,2306.86,2272.81,2300.9,1890683.119,1778641199999,4328045316.178027,21420,1264278.00325,2894052379.5137925,0
1778641200000,2274.48,2306.86,2272.81,2300.9,1890683.119,1778644799999,4328045316.178027,21420,1264278.00325,2894052379.5137925,0
1778644800000,2300.9,2306.6,2295.42,2299.99,1144979.97675,1778648399999,2634403904.45917,17874,542879.065,1249267859.233665,0
1778648400000,2300.9,2306.6,2295.42,2299.99,1144979.97675,1778651999999,2634403904.45917,17874,542879.065,1249267859.233665,0
1778652000000,2300.9,2306.6,2295.42,2299.99,1144979.97675,1778655599999,2634403904.45917,17874,542879.065,1249267859.233665,0
1778655600000,2300.9,2306.6,2295.42,2299.99,1144979.97675,1778659199999,2634403904.45917,17874,542879.065,1249267859.233665,0
1778659200000,2299.99,2322.02,2297.84,2300.45,1546276.84775,1778662799999,3569200107.672545,18869,792255.47575,1828486007.2037,0
1778662800000,2299.99,2322.02,2297.84,2300.45,1546276.84775,1778666399999,3569200107.672545,18869,792255.47575,1828486007.2037,0
1778666400000,2299.99,2322.02,2297.84,2300.45,1546276.84775,1778669999999,3569200107.672545,18869,792255.47575,1828486007.2037,0
1778670000000,2299.99,2322.02,2297.84,2300.45,1546276.84775,1778673599999,3569200107.672545,18869,792255.47575,1828486007.2037,0
1778673600000,2300.45,2306.03,2242.59,2242.59,2427493.60575,1778677199999,5511875858.741037,20343,909868.6445,2066399094.8193376,0
1778677200000,2300.45,2306.03,2242.59,2242.59,2427493.60575,1778680799999,5511875858.741037,20343,909868.6445,2066399094.8193376,0
1778680800000,2300.45,2306.03,2242.59,2242.59,2427493.60575,1778684399999,5511875858.741037,20343,909868.6445,2066399094.8193376,0
1778684400000,2300.45,2306.03,2242.59,2242.59,2427493.60575,1778687999999,5511875858.741037,20343,909868.6445,2066399094.8193376,0
1778688000000,2242.61,2265.93,2240.02,2255.39,1704980.3765,1778691599999,3841564691.7507277,18715,991790.05975,2234247372.0440125,0
1778691600000,2242.61,2265.93,2240.02,2255.39,1704980.3765,1778695199999,3841564691.7507277,18715,991790.05975,2234247372.0440125,0
1778695200000,2242.61,2265.93,2240.02,2255.39,1704980.3765,1778698799999,3841564691.7507277,18715,991790.05975,2234247372.0440125,0
1778698800000,2242.61,2265.93,2240.02,2255.39,1704980.3765,1778702399999,3841564691.7507277,18715,991790.05975,2234247372.0440125,0
1778702400000,2255.6,2262.77,2249.88,2257.06,1365782.822,1778705999999,3081396968.913075,19262,743414.6495,1677577045.030495,0
1778706000000,2255.6,2262.77,2249.88,2257.06,1365782.822,1778709599999,3081396968.913075,19262,743414.6495,1677577045.030495,0
1778709600000,2255.6,2262.77,2249.88,2257.06,1365782.822,1778713199999,3081396968.913075,19262,743414.6495,1677577045.030495,0
1778713200000,2255.6,2262.77,2249.88,2257.06,1365782.822,1778716799999,3081396968.913075,19262,743414.6495,1677577045.030495,0
1778716800000,2257.06,2267.15,2240.02,2240.42,1753239.38225,1778720399999,3955669522.470565,19829,799947.4855,1806542586.3096175,0
1778720400000,2257.06,2267.15,2240.02,2240.42,1753239.38225,1778723999999,3955669522.470565,19829,799947.4855,1806542586.3096175,0
1778724000000,2257.06,2267.15,2240.02,2240.42,1753239.38225,1778727599999,3955669522.470565,19829,799947.4855,1806542586.3096175,0
1778727600000,2257.06,2267.15,2240.02,2240.42,1753239.38225,1778731199999,3955669522.470565,19829,799947.4855,1806542586.3096175,0
1778731200000,2240.54,2271.58,2237.89,2264.06,1443731.7985,1778734799999,3262991112.293445,17653,986815.10475,2229125062.3407426,0
1778734800000,2240.54,2271.58,2237.89,2264.06,1443731.7985,1778738399999,3262991112.293445,17653,986815.10475,2229125062.3407426,0
1778738400000,2240.54,2271.58,2237.89,2264.06,1443731.7985,1778741999999,3262991112.293445,17653,986815.10475,2229125062.3407426,0
1778742000000,2240.54,2271.58,2237.89,2264.06,1443731.7985,1778745599999,3262991112.293445,17653,986815.10475,2229125062.3407426,0
1778745600000,2264.06,2269.41,2252.66,2252.66,1497015.58525,1778749199999,3383737958.79433,17517,629124.059,1422915464.1229475,0
1778749200000,2264.06,2269.41,2252.66,2252.66,1497015.58525,1778752799999,3383737958.79433,17517,629124.059,1422915464.1229475,0
1778752800000,2264.06,2269.41,2252.66,2252.66,1497015.58525,1778756399999,3383737958.79433,17517,629124.059,1422915464.1229475,0
1778756400000,2264.06,2269.41,2252.66,2252.66,1497015.58525,1778759999999,3383737958.79433,17517,629124.059,1422915464.1229475,0
1778760000000,2252.66,2297.98,2246.0,2297.4,2385987.49525,1778763599999,5406005683.474862,19633,1466069.41775,3324937703.2975373,0
1778763600000,2252.66,2297.98,2246.0,2297.4,2385987.49525,1778767199999,5406005683.474862,19633,1466069.41775,3324937703.2975373,0
1778767200000,2252.66,2297.98,2246.0,2297.4,2385987.49525,1778770799999,5406005683.474862,19633,1466069.41775,3324937703.2975373,0
1778770800000,2252.66,2297.98,2246.0,2297.4,2385987.49525,1778774399999,5406005683.474862,19633,1466069.41775,3324937703.2975373,0
1778774400000,2297.4,2317.03,2295.63,2297.48,2204351.4435,1778777999999,5082296437.644655,20685,1077993.039,2485696480.558585,0
1778778000000,2297.4,2317.03,2295.63,2297.48,2204351.4435,1778781599999,5082296437.644655,20685,1077993.039,2485696480.558585,0
1778781600000,2297.4,2317.03,2295.63,2297.48,2204351.4435,1778785199999,5082296437.644655,20685,1077993.039,2485696480.558585,0
1778785200000,2297.4,2317.03,2295.63,2297.48,2204351.4435,1778788799999,5082296437.644655,20685,1077993.039,2485696480.558585,0
1778788800000,2297.48,2300.1,2280.0,2282.48,1622319.6995,1778792399999,3720893955.701915,19713,756180.0515,1735232980.8712626,0
1778792400000,2297.48,2300.1,2280.0,2282.48,1622319.6995,1778795999999,3720893955.701915,19713,756180.0515,1735232980.8712626,0
1778796000000,2297.48,2300.1,2280.0,2282.48,1622319.6995,1778799599999,3720893955.701915,19713,756180.0515,1735232980.8712626,0
1778799600000,2297.48,2300.1,2280.0,2282.48,1622319.6995,1778803199999,3720893955.701915,19713,756180.0515,1735232980.8712626,0
1778803200000,2282.48,2298.37,2260.0,2272.4,2235225.7385,1778806799999,5095266452.048775,20466,1107518.0265,2526564126.3315926,0
1778806800000,2282.48,2298.37,2260.0,2272.4,2235225.7385,1778810399999,5095266452.048775,20466,1107518.0265,2526564126.3315926,0
1778810400000,2282.48,2298.37,2260.0,2272.4,2235225.7385,1778813999999,5095266452.048775,20466,1107518.0265,2526564126.3315926,0
1778814000000,2282.48,2298.37,2260.0,2272.4,2235225.7385,1778817599999,5095266452.048775,20466,1107518.0265,2526564126.3315926,0
1778817600000,2272.4,2272.4,2241.42,2264.02,2129622.0595,1778821199999,4811438741.824907,20519,863918.773,1951050979.3946824,0
1778821200000,2272.4,2272.4,2241.42,2264.02,2129622.0595,1778824799999,4811438741.824907,20519,863918.773,1951050979.3946824,0
1778824800000,2272.4,2272.4,2241.42,2264.02,2129622.0595,1778828399999,4811438741.824907,20519,863918.773,1951050979.3946824,0
1778828400000,2272.4,2272.4,2241.42,2264.02,2129622.0595,1778831999999,4811438741.824907,20519,863918.773,1951050979.3946824,0
1778832000000,2264.02,2264.03,2250.68,2256.33,2507923.41775,1778835599999,5658115512.205168,15509,1227393.23625,2769291781.71676,0
1778835600000,2264.02,2264.03,2250.68,2256.33,2507923.41775,1778839199999,5658115512.205168,15509,1227393.23625,2769291781.71676,0
1778839200000,2264.02,2264.03,2250.68,2256.33,2507923.41775,1778842799999,5658115512.205168,15509,1227393.23625,2769291781.71676,0
1778842800000,2264.02,2264.03,2250.68,2256.33,2507923.41775,1778846399999,5658115512.205168,15509,1227393.23625,2769291781.71676,0
1778846400000,2256.3,2257.81,2204.9,2220.72,2484586.57575,1778849999999,5541365033.050175,13633,1265671.9655,2821509346.88462,0
1778850000000,2256.3,2257.81,2204.9,2220.72,2484586.57575,1778853599999,5541365033.050175,13633,1265671.9655,2821509346.88462,0
1778853600000,2256.3,2257.81,2204.9,2220.72,2484586.57575,1778857199999,5541365033.050175,13633,1265671.9655,2821509346.88462,0
1778857200000,2256.3,2257.81,2204.9,2220.72,2484586.57575,1778860799999,5541365033.050175,13633,1265671.9655,2821509346.88462,0
1778860800000,2220.4,2230.82,2219.64,2222.0,2420398.89325,1778864399999,5384963065.26008,15625,1247079.081,2774595609.3102875,0
1778864400000,2220.4,2230.82,2219.64,2222.0,2420398.89325,1778867999999,5384963065.26008,15625,1247079.081,2774595609.3102875,0
1778868000000,2220.4,2230.82,2219.64,2222.0,2420398.89325,1778871599999,5384963065.26008,15625,1247079.081,2774595609.3102875,0
1778871600000,2220.4,2230.82,2219.64,2222.0,2420398.89325,1778875199999,5384963065.26008,15625,1247079.081,2774595609.3102875,0
1778875200000,2222.38,2223.85,2215.96,2222.95,2284355.14025,1778878799999,5072809188.092757,15797,1203644.10975,2673145800.724705,0
1778878800000,2222.38,2223.85,2215.96,2222.95,2284355.14025,1778882399999,5072809188.092757,15797,1203644.10975,2673145800.724705,0
1778882400000,2222.38,2223.85,2215.96,2222.95,2284355.14025,1778885999999,5072809188.092757,15797,1203644.10975,2673145800.724705,0
1778886000000,2222.38,2223.85,2215.96,2222.95,2284355.14025,1778889599999,5072809188.092757,15797,1203644.10975,2673145800.724705,0
1778889600000,2222.95,2229.08,2221.99,2226.78,2237184.19725,1778893199999,4980779601.7295475,15690,1154583.41925,2570394796.0222926,0
1778893200000,2222.95,2229.08,2221.99,2226.78,2237184.19725,1778896799999,4980779601.7295475,15690,1154583.41925,2570394796.0222926,0
1778896800000,2222.95,2229.08,2221.99,2226.78,2237184.19725,1778900399999,4980779601.7295475,15690,1154583.41925,2570394796.0222926,0
1778900400000,2222.95,2229.08,2221.99,2226.78,2237184.19725,1778903999999,4980779601.7295475,15690,1154583.41925,2570394796.0222926,0
1778904000000,2226.64,2226.89,2185.95,2192.84,2278693.15525,1778907599999,5049161692.336332,15550,907162.061,2008669313.149415,0
1778907600000,2226.64,2226.89,2185.95,2192.84,2278693.15525,1778911199999,5049161692.336332,15550,907162.061,2008669313.149415,0
1778911200000,2226.64,2226.89,2185.95,2192.84,2278693.15525,1778914799999,5049161692.336332,15550,907162.061,2008669313.149415,0
1778914800000,2226.64,2226.89,2185.95,2192.84,2278693.15525,1778918399999,5049161692.336332,15550,907162.061,2008669313.149415,0
1778918400000,2193.14,2194.72,2165.24,2174.81,2474397.36125,1778921999999,5391729735.453525,16480,1215774.6975,2648521100.641205,0
1778922000000,2193.14,2194.72,2165.24,2174.81,2474397.36125,1778925599999,5391729735.453525,16480,1215774.6975,2648521100.641205,0
1778925600000,2193.14,2194.72,2165.24,2174.81,2474397.36125,1778929199999,5391729735.453525,16480,1215774.6975,2648521100.641205,0
1778929200000,2193.14,2194.72,2165.24,2174.81,2474397.36125,1778932799999,5391729735.453525,16480,1215774.6975,2648521100.641205,0
1778932800000,2174.81,2183.09,2172.68,2178.27,2465228.05975,1778936399999,5365168606.617018,17404,1253493.255,2728404016.116235,0
1778936400000,2174.81,2183.09,2172.68,2178.27,2465228.05975,1778939999999,5365168606.617018,17404,1253493.255,2728404016.116235,0
1778940000000,2174.81,2183.09,2172.68,2178.27,2465228.05975,1778943599999,5365168606.617018,17404,1253493.255,2728404016.116235,0
1778943600000,2174.81,2183.09,2172.68,2178.27,2465228.05975,1778947199999,5365168606.617018,17404,1253493.255,2728404016.116235,0
1778947200000,2178.27,2181.29,2172.51,2178.11,2223433.8625,1778950799999,4840990582.25547,16479,1106787.46625,2409740761.1101274,0
1778950800000,2178.27,2181.29,2172.51,2178.11,2223433.8625,1778954399999,4840990582.25547,16479,1106787.46625,2409740761.1101274,0
1778954400000,2178.27,2181.29,2172.51,2178.11,2223433.8625,1778957999999,4840990582.25547,16479,1106787.46625,2409740761.1101274,0
1778958000000,2178.27,2181.29,2172.51,2178.11,2223433.8625,1778961599999,4840990582.25547,16479,1106787.46625,2409740761.1101274,0
1778961600000,2178.11,2181.35,2178.11,2179.11,2238117.56,1778965199999,4879489811.44345,17331,1032671.90325,2251561792.9755173,0
1778965200000,2178.11,2181.35,2178.11,2179.11,2238117.56,1778968799999,4879489811.44345,17331,1032671.90325,2251561792.9755173,0
1778968800000,2178.11,2181.35,2178.11,2179.11,2238117.56,1778972399999,4879489811.44345,17331,1032671.90325,2251561792.9755173,0
1778972400000,2178.11,2181.35,2178.11,2179.11,2238117.56,1778975999999,4879489811.44345,17331,1032671.90325,2251561792.9755173,0
1778976000000,2179.11,2183.67,2169.86,2180.23,2418912.24425,1778979599999,5264865135.568545,16414,1244592.91725,2709178025.16332,0
1778979600000,2179.11,2183.67,2169.86,2180.23,2418912.24425,1778983199999,5264865135.568545,16414,1244592.91725,2709178025.16332,0
1778983200000,2179.11,2183.67,2169.86,2180.23,2418912.24425,1778986799999,5264865135.568545,16414,1244592.91725,2709178025.16332,0
1778986800000,2179.11,2183.67,2169.86,2180.23,2418912.24425,1778990399999,5264865135.568545,16414,1244592.91725,2709178025.16332,0
1778990400000,2180.25,2190.97,2179.75,2184.9,2330251.91625,1778993999999,5091319673.5525675,16508,1279745.2845,2796186979.0197573,0
1778994000000,2180.25,2190.97,2179.75,2184.9,2330251.91625,1778997599999,5091319673.5525675,16508,1279745.2845,2796186979.0197573,0
1778997600000,2180.25,2190.97,2179.75,2184.9,2330251.91625,1779001199999,5091319673.5525675,16508,1279745.2845,2796186979.0197573,0
1779001200000,2180.25,2190.97,2179.75,2184.9,2330251.91625,1779004799999,5091319673.5525675,16508,1279745.2845,2796186979.0197573,0
1779004800000,2185.0,2193.99,2182.48,2190.59,2308172.3895,1779008399999,5051194419.656275,16422,1302111.213,2849306513.4219923,0
1779008400000,2185.0,2193.99,2182.48,2190.59,2308172.3895,1779011999999,5051194419.656275,16422,1302111.213,2849306513.4219923,0
1779012000000,2185.0,2193.99,2182.48,2190.59,2308172.3895,1779015599999,5051194419.656275,16422,1302111.213,2849306513.4219923,0
1779015600000,2185.0,2193.99,2182.48,2190.59,2308172.3895,1779019199999,5051194419.656275,16422,1302111.213,2849306513.4219923,0
1779019200000,2190.59,2195.32,2181.57,2184.83,2439287.96625,1779022799999,5338893105.317002,15790,1060351.73875,2321357427.936795,0
1779022800000,2190.59,2195.32,2181.57,2184.83,2439287.96625,1779026399999,5338893105.317002,15790,1060351.73875,2321357427.936795,0
1779026400000,2190.59,2195.32,2181.57,2184.83,2439287.96625,1779029999999,5338893105.317002,15790,1060351.73875,2321357427.936795,0
1779030000000,2190.59,2195.32,2181.57,2184.83,2439287.96625,1779033599999,5338893105.317002,15790,1060351.73875,2321357427.936795,0
1779033600000,2184.85,2190.88,2176.34,2190.76,2232621.60225,1779037199999,4874903900.182282,15175,1225580.248,2676950803.4653177,0
1779037200000,2184.85,2190.88,2176.34,2190.76,2232621.60225,1779040799999,4874903900.182282,15175,1225580.248,2676950803.4653177,0
1779040800000,2184.85,2190.88,2176.34,2190.76,2232621.60225,1779044399999,4874903900.182282,15175,1225580.248,2676950803.4653177,0
1779044400000,2184.85,2190.88,2176.34,2190.76,2232621.60225,1779047999999,4874903900.182282,15175,1225580.248,2676950803.4653177,0
1779048000000,2190.88,2191.41,2117.83,2128.56,2627337.36725,1779051599999,5719692692.26099,14606,897396.27025,1953392439.6848376,0
1779051600000,2190.88,2191.41,2117.83,2128.56,2627337.36725,1779055199999,5719692692.26099,14606,897396.27025,1953392439.6848376,0
1779055200000,2190.88,2191.41,2117.83,2128.56,2627337.36725,1779058799999,5719692692.26099,14606,897396.27025,1953392439.6848376,0
1779058800000,2190.88,2191.41,2117.83,2128.56,2627337.36725,1779062399999,5719692692.26099,14606,897396.27025,1953392439.6848376,0
1779062400000,2127.35,2128.56,2107.9,2116.82,2558770.4485,1779065999999,5411655107.469815,14751,1297818.13775,2744119857.2616277,0
1779066000000,2127.35,2128.56,2107.9,2116.82,2558770.4485,1779069599999,5411655107.469815,14751,1297818.13775,2744119857.2616277,0
1779069600000,2127.35,2128.56,2107.9,2116.82,2558770.4485,1779073199999,5411655107.469815,14751,1297818.13775,2744119857.2616277,0
1779073200000,2127.35,2128.56,2107.9,2116.82,2558770.4485,1779076799999,5411655107.469815,14751,1297818.13775,2744119857.2616277,0
1779076800000,2116.98,2122.61,2112.18,2118.26,2489822.4965,1779080399999,5273126151.980588,15206,1175749.3745,2490343789.44454,0
1779080400000,2116.98,2122.61,2112.18,2118.26,2489822.4965,1779083999999,5273126151.980588,15206,1175749.3745,2490343789.44454,0
1779084000000,2116.98,2122.61,2112.18,2118.26,2489822.4965,1779087599999,5273126151.980588,15206,1175749.3745,2490343789.44454,0
1779087600000,2116.98,2122.61,2112.18,2118.26,2489822.4965,1779091199999,5273126151.980588,15206,1175749.3745,2490343789.44454,0
1779091200000,2118.12,2133.1,2111.29,2132.18,2750222.76875,1779094799999,5821863566.386237,17040,1522454.30275,3223063253.0553374,0
1779094800000,2118.12,2133.1,2111.29,2132.18,2750222.76875,1779098399999,5821863566.386237,17040,1522454.30275,3223063253.0553374,0
1779098400000,2118.12,2133.1,2111.29,2132.18,2750222.76875,1779101999999,5821863566.386237,17040,1522454.30275,3223063253.0553374,0
1779102000000,2118.12,2133.1,2111.29,2132.18,2750222.76875,1779105599999,5821863566.386237,17040,1522454.30275,3223063253.0553374,0
1779105600000,2132.19,2153.04,2095.12,2106.37,2626200.6,1779109199999,5578370440.41196,14106,1295717.13325,2750829582.3607473,0
1779109200000,2132.19,2153.04,2095.12,2106.37,2626200.6,1779112799999,5578370440.41196,14106,1295717.13325,2750829582.3607473,0
1779112800000,2132.19,2153.04,2095.12,2106.37,2626200.6,1779116399999,5578370440.41196,14106,1295717.13325,2750829582.3607473,0
1779116400000,2132.19,2153.04,2095.12,2106.37,2626200.6,1779119999999,5578370440.41196,14106,1295717.13325,2750829582.3607473,0
1779120000000,2106.37,2123.21,2082.4,2122.27,2648404.678,1779123599999,5562337319.300105,14431,1418441.1245,2980254042.509235,0
1779123600000,2106.37,2123.21,2082.4,2122.27,2648404.678,1779127199999,5562337319.300105,14431,1418441.1245,2980254042.509235,0
1779127200000,2106.37,2123.21,2082.4,2122.27,2648404.678,1779130799999,5562337319.300105,14431,1418441.1245,2980254042.509235,0
1779130800000,2106.37,2123.21,2082.4,2122.27,2648404.678,1779134399999,5562337319.300105,14431,1418441.1245,2980254042.509235,0
1779134400000,2122.29,2139.33,2114.38,2128.06,2275792.431,1779137999999,4843929811.172032,14453,1248468.47875,2656167062.2003374,0
1779138000000,2122.29,2139.33,2114.38,2128.06,2275792.431,1779141599999,4843929811.172032,14453,1248468.47875,2656167062.2003374,0
1779141600000,2122.29,2139.33,2114.38,2128.06,2275792.431,1779145199999,4843929811.172032,14453,1248468.47875,2656167062.2003374,0
1779145200000,2122.29,2139.33,2114.38,2128.06,2275792.431,1779148799999,4843929811.172032,14453,1248468.47875,2656167062.2003374,0
1779148800000,2128.06,2138.14,2119.44,2129.22,2563902.844,1779152399999,5457951419.933865,14810,1497818.62625,3188514350.96907,0
1779152400000,2128.06,2138.14,2119.44,2129.22,2563902.844,1779155999999,5457951419.933865,14810,1497818.62625,3188514350.96907,0
1779156000000,2128.06,2138.14,2119.44,2129.22,2563902.844,1779159599999,5457951419.933865,14810,1497818.62625,3188514350.96907,0
1779159600000,2128.06,2138.14,2119.44,2129.22,2563902.844,1779163199999,5457951419.933865,14810,1497818.62625,3188514350.96907,0
1779163200000,2129.22,2141.58,2125.95,2139.01,2428755.697,1779166799999,5179877917.715615,16652,1364091.42125,2909345127.8115826,0
1779166800000,2129.22,2141.58,2125.95,2139.01,2428755.697,1779170399999,5179877917.715615,16652,1364091.42125,2909345127.8115826,0
1779170400000,2129.22,2141.58,2125.95,2139.01,2428755.697,1779173999999,5179877917.715615,16652,1364091.42125,2909345127.8115826,0
1779174000000,2129.22,2141.58,2125.95,2139.01,2428755.697,1779177599999,5179877917.715615,16652,1364091.42125,2909345127.8115826,0
1779177600000,2139.02,2139.35,2107.35,2108.64,2625660.30225,1779181199999,5567256177.9623575,15319,1024907.15375,2170631954.3784976,0
1779181200000,2139.02,2139.35,2107.35,2108.64,2625660.30225,1779184799999,5567256177.9623575,15319,1024907.15375,2170631954.3784976,0
1779184800000,2139.02,2139.35,2107.35,2108.64,2625660.30225,1779188399999,5567256177.9623575,15319,1024907.15375,2170631954.3784976,0
1779188400000,2139.02,2139.35,2107.35,2108.64,2625660.30225,1779191999999,5567256177.9623575,15319,1024907.15375,2170631954.3784976,0
1779192000000,2109.05,2123.39,2098.53,2107.81,2531025.408,1779195599999,5340669844.89309,15032,1158598.69375,2445515952.86346,0
1779195600000,2109.05,2123.39,2098.53,2107.81,2531025.408,1779199199999,5340669844.89309,15032,1158598.69375,2445515952.86346,0
1779199200000,2109.05,2123.39,2098.53,2107.81,2531025.408,1779202799999,5340669844.89309,15032,1158598.69375,2445515952.86346,0
1779202800000,2109.05,2123.39,2098.53,2107.81,2531025.408,1779206399999,5340669844.89309,15032,1158598.69375,2445515952.86346,0
1779206400000,2107.81,2121.43,2105.45,2110.34,2454522.00375,1779209999999,5189068406.687873,14954,1275613.14875,2696644370.02648,0
1779210000000,2107.81,2121.43,2105.45,2110.34,2454522.00375,1779213599999,5189068406.687873,14954,1275613.14875,2696644370.02648,0
1779213600000,2107.81,2121.43,2105.45,2110.34,2454522.00375,1779217199999,5189068406.687873,14954,1275613.14875,2696644370.02648,0
1779217200000,2107.81,2121.43,2105.45,2110.34,2454522.00375,1779220799999,5189068406.687873,14954,1275613.14875,2696644370.02648,0
1779220800000,2110.34,2117.7,2104.01,2111.35,2340079.8645,1779224399999,4942761242.602927,14913,1077384.546,2275617944.95901,0
1779224400000,2110.34,2117.7,2104.01,2111.35,2340079.8645,1779227999999,4942761242.602927,14913,1077384.546,2275617944.95901,0
1779228000000,2110.34,2117.7,2104.01,2111.35,2340079.8645,1779231599999,4942761242.602927,14913,1077384.546,2275617944.95901,0
1779231600000,2110.34,2117.7,2104.01,2111.35,2340079.8645,1779235199999,4942761242.602927,14913,1077384.546,2275617944.95901,0
1779235200000,2111.35,2113.61,2102.58,2109.13,2480007.2025,1779238799999,5229301963.935865,14384,1139176.495,2401854506.342455,0
1779238800000,2111.35,2113.61,2102.58,2109.13,2480007.2025,1779242399999,5229301963.935865,14384,1139176.495,2401854506.342455,0
1779242400000,2111.35,2113.61,2102.58,2109.13,2480007.2025,1779245999999,5229301963.935865,14384,1139176.495,2401854506.342455,0
1779246000000,2111.35,2113.61,2102.58,2109.13,2480007.2025,1779249599999,5229301963.935865,14384,1139176.495,2401854506.342455,0
1779249600000,2109.13,2131.48,2107.94,2127.34,2544228.86575,1779253199999,5395593811.057093,14823,1358893.469,2880092471.313295,0
1779253200000,2109.13,2131.48,2107.94,2127.34,2544228.86575,1779256799999,5395593811.057093,14823,1358893.469,2880092471.313295,0
1779256800000,2109.13,2131.48,2107.94,2127.34,2544228.86575,1779260399999,5395593811.057093,14823,1358893.469,2880092471.313295,0
1779260400000,2109.13,2131.48,2107.94,2127.34,2544228.86575,1779263999999,5395593811.057093,14823,1358893.469,2880092471.313295,0
1779264000000,2127.34,2134.55,2124.9,2126.12,2443525.66375,1779267599999,5201993264.69103,15901,1292928.868,2752876584.0805173,0
1779267600000,2127.34,2134.55,2124.9,2126.12,2443525.66375,1779271199999,5201993264.69103,15901,1292928.868,2752876584.0805173,0
1779271200000,2127.34,2134.55,2124.9,2126.12,2443525.66375,1779274799999,5201993264.69103,15901,1292928.868,2752876584.0805173,0
1779274800000,2127.34,2134.55,2124.9,2126.12,2443525.66375,1779278399999,5201993264.69103,15901,1292928.868,2752876584.0805173,0
1779278400000,2126.12,2139.82,2113.18,2134.29,2619600.79975,1779281999999,5576836820.207385,14917,1273704.2905,2712038627.145395,0
1779282000000,2126.12,2139.82,2113.18,2134.29,2619600.79975,1779285599999,5576836820.207385,14917,1273704.2905,2712038627.145395,0
1779285600000,2126.12,2139.82,2113.18,2134.29,2619600.79975,1779289199999,5576836820.207385,14917,1273704.2905,2712038627.145395,0
1779289200000,2126.12,2139.82,2113.18,2134.29,2619600.79975,1779292799999,5576836820.207385,14917,1273704.2905,2712038627.145395,0
1779292800000,2134.29,2144.07,2122.91,2137.1,2404252.19575,1779296399999,5131516713.97424,16064,1142304.566,2438138179.39623,0
1779296400000,2134.29,2144.07,2122.91,2137.1,2404252.19575,1779299999999,5131516713.97424,16064,1142304.566,2438138179.39623,0
1779300000000,2134.29,2144.07,2122.91,2137.1,2404252.19575,1779303599999,5131516713.97424,16064,1142304.566,2438138179.39623,0
1779303600000,2134.29,2144.07,2122.91,2137.1,2404252.19575,1779307199999,5131516713.97424,16064,1142304.566,2438138179.39623,0
1779307200000,2137.03,2138.32,2116.63,2127.29,2519851.68375,1779310799999,5363607823.202843,16454,1209632.12025,2573713926.9154024,0
1779310800000,2137.03,2138.32,2116.63,2127.29,2519851.68375,1779314399999,5363607823.202843,16454,1209632.12025,2573713926.9154024,0
1779314400000,2137.03,2138.32,2116.63,2127.29,2519851.68375,1779317999999,5363607823.202843,16454,1209632.12025,2573713926.9154024,0
1779318000000,2137.03,2138.32,2116.63,2127.29,2519851.68375,1779321599999,5363607823.202843,16454,1209632.12025,2573713926.9154024,0
1779321600000,2127.16,2153.08,2126.9,2143.21,2420418.19875,1779325199999,5178116158.9187,16310,1469864.65475,3144969292.99271,0
1779325200000,2127.16,2153.08,2126.9,2143.21,2420418.19875,1779328799999,5178116158.9187,16310,1469864.65475,3144969292.99271,0
1779328800000,2127.16,2153.08,2126.9,2143.21,2420418.19875,1779332399999,5178116158.9187,16310,1469864.65475,3144969292.99271,0
1779332400000,2127.16,2153.08,2126.9,2143.21,2420418.19875,1779335999999,5178116158.9187,16310,1469864.65475,3144969292.99271,0
1779336000000,2143.21,2145.71,2123.78,2133.23,2446514.52375,1779339599999,5225548288.8873625,15425,1003106.57375,2142766714.433445,0
1779339600000,2143.21,2145.71,2123.78,2133.23,2446514.52375,1779343199999,5225548288.8873625,15425,1003106.57375,2142766714.433445,0
1779343200000,2143.21,2145.71,2123.78,2133.23,2446514.52375,1779346799999,5225548288.8873625,15425,1003106.57375,2142766714.433445,0
1779346800000,2143.21,2145.71,2123.78,2133.23,2446514.52375,1779350399999,5225548288.8873625,15425,1003106.57375,2142766714.433445,0
1779350400000,2133.17,2141.0,2110.2,2114.1,2453281.8955,1779353999999,5214401114.72469,15333,1039752.2865,2210777487.9838576,0
1779354000000,2133.17,2141.0,2110.2,2114.1,2453281.8955,1779357599999,5214401114.72469,15333,1039752.2865,2210777487.9838576,0
1779357600000,2133.17,2141.0,2110.2,2114.1,2453281.8955,1779361199999,5214401114.72469,15333,1039752.2865,2210777487.9838576,0
1779361200000,2133.17,2141.0,2110.2,2114.1,2453281.8955,1779364799999,5214401114.72469,15333,1039752.2865,2210777487.9838576,0
1779364800000,2114.81,2133.32,2109.29,2130.05,2549840.862,1779368399999,5400391486.014378,16105,1381882.17425,2928058753.361695,0
1779368400000,2114.81,2133.32,2109.29,2130.05,2549840.862,1779371999999,5400391486.014378,16105,1381882.17425,2928058753.361695,0
1779372000000,2114.81,2133.32,2109.29,2130.05,2549840.862,1779375599999,5400391486.014378,16105,1381882.17425,2928058753.361695,0
1779375600000,2114.81,2133.32,2109.29,2130.05,2549840.862,1779379199999,5400391486.014378,16105,1381882.17425,2928058753.361695,0
1779379200000,2130.39,2147.23,2121.42,2140.64,2284104.46075,1779382799999,4875618094.228125,17046,1321922.66625,2821896860.23645,0
1779382800000,2130.39,2147.23,2121.42,2140.64,2284104.46075,1779386399999,4875618094.228125,17046,1321922.66625,2821896860.23645,0
1779386400000,2130.39,2147.23,2121.42,2140.64,2284104.46075,1779389999999,4875618094.228125,17046,1321922.66625,2821896860.23645,0
1779390000000,2130.39,2147.23,2121.42,2140.64,2284104.46075,1779393599999,4875618094.228125,17046,1321922.66625,2821896860.23645,0
1779393600000,2140.86,2141.58,2125.47,2131.43,1106706.50325,1779397199999,2361866426.310505,17442,461154.9875,984205583.1732,0
1779397200000,2140.86,2141.58,2125.47,2131.43,1106706.50325,1779400799999,2361866426.310505,17442,461154.9875,984205583.1732,0
1779400800000,2140.86,2141.58,2125.47,2131.43,1106706.50325,1779404399999,2361866426.310505,17442,461154.9875,984205583.1732,0
1779404400000,2140.86,2141.58,2125.47,2131.43,1106706.50325,1779407999999,2361866426.310505,17442,461154.9875,984205583.1732,0
1779408000000,2131.43,2138.79,2124.02,2135.61,1508954.11625,1779411599999,3215462596.5198975,19361,800435.7095,1706029105.42419,0
1779411600000,2131.43,2138.79,2124.02,2135.61,1508954.11625,1779415199999,3215462596.5198975,19361,800435.7095,1706029105.42419,0
1779415200000,2131.43,2138.79,2124.02,2135.61,1508954.11625,1779418799999,3215462596.5198975,19361,800435.7095,1706029105.42419,0
1779418800000,2131.43,2138.79,2124.02,2135.61,1508954.11625,1779422399999,3215462596.5198975,19361,800435.7095,1706029105.42419,0
1779422400000,2136.42,2138.89,2121.18,2126.32,1232214.44375,1779425999999,2623255759.9662323,17112,495893.896,1055754422.5761225,0
1779426000000,2136.42,2138.89,2121.18,2126.32,1232214.44375,1779429599999,2623255759.9662323,17112,495893.896,1055754422.5761225,0
1779429600000,2136.42,2138.89,2121.18,2126.32,1232214.44375,1779433199999,2623255759.9662323,17112,495893.896,1055754422.5761225,0
1779433200000,2136.42,2138.89,2121.18,2126.32,1232214.44375,1779436799999,2623255759.9662323,17112,495893.896,1055754422.5761225,0
1779436800000,2126.32,2130.12,2116.8,2127.99,1386487.422,1779440399999,2942635693.8723226,17952,733957.435,1558187269.7548726,0
1779440400000,2126.32,2130.12,2116.8,2127.99,1386487.422,1779443999999,2942635693.8723226,17952,733957.435,1558187269.7548726,0
1779444000000,2126.32,2130.12,2116.8,2127.99,1386487.422,1779447599999,2942635693.8723226,17952,733957.435,1558187269.7548726,0
1779447600000,2126.32,2130.12,2116.8,2127.99,1386487.422,1779451199999,2942635693.8723226,17952,733957.435,1558187269.7548726,0
1779451200000,2127.97,2135.09,2112.21,2116.97,2088671.12225,1779454799999,4432551833.087777,20674,812408.27425,1724815389.43621,0
1779454800000,2127.97,2135.09,2112.21,2116.97,2088671.12225,1779458399999,4432551833.087777,20674,812408.27425,1724815389.43621,0
1779458400000,2127.97,2135.09,2112.21,2116.97,2088671.12225,1779461999999,4432551833.087777,20674,812408.27425,1724815389.43621,0
1779462000000,2127.97,2135.09,2112.21,2116.97,2088671.12225,1779465599999,4432551833.087777,20674,812408.27425,1724815389.43621,0
1779465600000,2117.0,2125.19,2057.49,2062.74,2493947.48425,1779469199999,5248564460.298713,19968,1035294.51075,2179753021.83014,0
1779469200000,2117.0,2125.19,2057.49,2062.74,2493947.48425,1779472799999,5248564460.298713,19968,1035294.51075,2179753021.83014,0
1779472800000,2117.0,2125.19,2057.49,2062.74,2493947.48425,1779476399999,5248564460.298713,19968,1035294.51075,2179753021.83014,0
1779476400000,2117.0,2125.19,2057.49,2062.74,2493947.48425,1779479999999,5248564460.298713,19968,1035294.51075,2179753021.83014,0
1779480000000,2066.59,2076.28,2058.88,2063.23,1868054.827,1779483599999,3866929416.4671574,19844,899673.38675,1862684307.359925,0
1779483600000,2066.59,2076.28,2058.88,2063.23,1868054.827,1779487199999,3866929416.4671574,19844,899673.38675,1862684307.359925,0
1779487200000,2066.59,2076.28,2058.88,2063.23,1868054.827,1779490799999,3866929416.4671574,19844,899673.38675,1862684307.359925,0
1779490800000,2066.59,2076.28,2058.88,2063.23,1868054.827,1779494399999,3866929416.4671574,19844,899673.38675,1862684307.359925,0
1779494400000,2063.23,2069.49,2057.44,2068.09,1491417.04375,1779497999999,3077977803.5071125,18127,823777.01525,1700523542.8564475,0
1779498000000,2063.23,2069.49,2057.44,2068.09,1491417.04375,1779501599999,3077977803.5071125,18127,823777.01525,1700523542.8564475,0
1779501600000,2063.23,2069.49,2057.44,2068.09,1491417.04375,1779505199999,3077977803.5071125,18127,823777.01525,1700523542.8564475,0
1779505200000,2063.23,2069.49,2057.44,2068.09,1491417.04375,1779508799999,3077977803.5071125,18127,823777.01525,1700523542.8564475,0
1779508800000,2068.09,2068.37,2018.31,2029.28,1282323.4615,1779512399999,2635158743.52704,17426,488048.22225,1003494532.6922024,0
1779512400000,2068.09,2068.37,2018.31,2029.28,1282323.4615,1779515999999,2635158743.52704,17426,488048.22225,1003494532.6922024,0
1779516000000,2068.09,2068.37,2018.31,2029.28,1282323.4615,1779519599999,2635158743.52704,17426,488048.22225,1003494532.6922024,0
1779519600000,2068.09,2068.37,2018.31,2029.28,1282323.4615,1779523199999,2635158743.52704,17426,488048.22225,1003494532.6922024,0
1779523200000,2028.79,2050.0,2020.55,2028.88,1214763.21175,1779526799999,2461586014.23073,16418,769628.85125,1559980491.139585,0
1779526800000,2028.79,2050.0,2020.55,2028.88,1214763.21175,1779530399999,2461586014.23073,16418,769628.85125,1559980491.139585,0
1779530400000,2028.79,2050.0,2020.55,2028.88,1214763.21175,1779533999999,2461586014.23073,16418,769628.85125,1559980491.139585,0
1779534000000,2028.79,2050.0,2020.55,2028.88,1214763.21175,1779537599999,2461586014.23073,16418,769628.85125,1559980491.139585,0
1779537600000,2028.76,2065.46,2024.91,2057.66,1946538.84575,1779541199999,3980878977.24174,19710,1177446.8,2406439127.0739875,0
1779541200000,2028.76,2065.46,2024.91,2057.66,1946538.84575,1779544799999,3980878977.24174,19710,1177446.8,2406439127.0739875,0
1779544800000,2028.76,2065.46,2024.91,2057.66,1946538.84575,1779548399999,3980878977.24174,19710,1177446.8,2406439127.0739875,0
1779548400000,2028.76,2065.46,2024.91,2057.66,1946538.84575,1779551999999,3980878977.24174,19710,1177446.8,2406439127.0739875,0
1779552000000,2057.66,2079.25,2054.91,2074.79,1875133.81225,1779555599999,3875397293.8280573,21257,1000641.67175,2067824108.6403525,0
1779555600000,2057.66,2079.25,2054.91,2074.79,1875133.81225,1779559199999,3875397293.8280573,21257,1000641.67175,2067824108.6403525,0
1779559200000,2057.66,2079.25,2054.91,2074.79,1875133.81225,1779562799999,3875397293.8280573,21257,1000641.67175,2067824108.6403525,0
1779562800000,2057.66,2079.25,2054.91,2074.79,1875133.81225,1779566399999,3875397293.8280573,21257,1000641.67175,2067824108.6403525,0
1779566400000,2074.67,2142.75,2072.92,2114.64,2262578.19825,1779569999999,4772866781.047382,18667,1286468.06425,2712263630.868,0
1779570000000,2074.67,2142.75,2072.92,2114.64,2262578.19825,1779573599999,4772866781.047382,18667,1286468.06425,2712263630.868,0
1779573600000,2074.67,2142.75,2072.92,2114.64,2262578.19825,1779577199999,4772866781.047382,18667,1286468.06425,2712263630.868,0
1779577200000,2074.67,2142.75,2072.92,2114.64,2262578.19825,1779580799999,4772866781.047382,18667,1286468.06425,2712263630.868,0
1779580800000,2114.65,2123.42,2110.51,2115.98,1249169.43225,1779584399999,2645163112.51671,17437,597610.3465,1265732177.2467926,0
1779584400000,2114.65,2123.42,2110.51,2115.98,1249169.43225,1779587999999,2645163112.51671,17437,597610.3465,1265732177.2467926,0
1779588000000,2114.65,2123.42,2110.51,2115.98,1249169.43225,1779591599999,2645163112.51671,17437,597610.3465,1265732177.2467926,0
1779591600000,2114.65,2123.42,2110.51,2115.98,1249169.43225,1779595199999,2645163112.51671,17437,597610.3465,1265732177.2467926,0
1779595200000,2116.81,2126.33,2111.13,2117.9,951710.32975,1779598799999,2015308547.99134,15641,502941.39425,1065055656.2970974,0
1779598800000,2116.81,2126.33,2111.13,2117.9,951710.32975,1779602399999,2015308547.99134,15641,502941.39425,1065055656.2970974,0
1779602400000,2116.81,2126.33,2111.13,2117.9,951710.32975,1779605999999,2015308547.99134,15641,502941.39425,1065055656.2970974,0
1779606000000,2116.81,2126.33,2111.13,2117.9,951710.32975,1779609599999,2015308547.99134,15641,502941.39425,1065055656.2970974,0
1779609600000,2117.91,2124.44,2116.33,2122.58,1090819.9345,1779613199999,2312399454.94209,17605,598795.4245,1269674179.38992,0
1779613200000,2117.91,2124.44,2116.33,2122.58,1090819.9345,1779616799999,2312399454.94209,17605,598795.4245,1269674179.38992,0
1779616800000,2117.91,2124.44,2116.33,2122.58,1090819.9345,1779620399999,2312399454.94209,17605,598795.4245,1269674179.38992,0
1779620400000,2117.91,2124.44,2116.33,2122.58,1090819.9345,1779623999999,2312399454.94209,17605,598795.4245,1269674179.38992,0
1779624000000,2122.58,2123.59,2082.07,2093.02,1749689.527,1779627599999,3680687833.9497375,20106,839567.77525,1764747872.4886875,0
1779627600000,2122.58,2123.59,2082.07,2093.02,1749689.527,1779631199999,3680687833.9497375,20106,839567.77525,1764747872.4886875,0
1779631200000,2122.58,2123.59,2082.07,2093.02,1749689.527,1779634799999,3680687833.9497375,20106,839567.77525,1764747872.4886875,0
1779634800000,2122.58,2123.59,2082.07,2093.02,1749689.527,1779638399999,3680687833.9497375,20106,839567.77525,1764747872.4886875,0
1779638400000,2093.02,2105.48,2092.38,2097.85,1733733.7515,1779641999999,3638536944.94537,20454,944304.622,1981932740.29669,0
1779642000000,2093.02,2105.48,2092.38,2097.85,1733733.7515,1779645599999,3638536944.94537,20454,944304.622,1981932740.29669,0
1779645600000,2093.02,2105.48,2092.38,2097.85,1733733.7515,1779649199999,3638536944.94537,20454,944304.622,1981932740.29669,0
1779649200000,2093.02,2105.48,2092.38,2097.85,1733733.7515,1779652799999,3638536944.94537,20454,944304.622,1981932740.29669,0
1779652800000,2098.29,2102.12,2064.74,2097.15,2285986.204,1779656399999,4775548105.878102,19900,983475.72075,2055487250.35557,0
1779656400000,2098.29,2102.12,2064.74,2097.15,2285986.204,1779659999999,4775548105.878102,19900,983475.72075,2055487250.35557,0
1779660000000,2098.29,2102.12,2064.74,2097.15,2285986.204,1779663599999,4775548105.878102,19900,983475.72075,2055487250.35557,0
1779663600000,2098.29,2102.12,2064.74,2097.15,2285986.204,1779667199999,4775548105.878102,19900,983475.72075,2055487250.35557,0
1779667200000,2097.57,2109.49,2091.2,2092.87,1857365.16,1779670799999,3900342266.2566423,19106,859047.08325,1804818561.29386,0
1779670800000,2097.57,2109.49,2091.2,2092.87,1857365.16,1779674399999,3900342266.2566423,19106,859047.08325,1804818561.29386,0
1779674400000,2097.57,2109.49,2091.2,2092.87,1857365.16,1779677999999,3900342266.2566423,19106,859047.08325,1804818561.29386,0
1779678000000,2097.57,2109.49,2091.2,2092.87,1857365.16,1779681599999,3900342266.2566423,19106,859047.08325,1804818561.29386,0
1779681600000,2092.87,2113.67,2089.79,2112.26,1829913.7085,1779685199999,3849715916.043315,20762,1228489.00225,2584788618.3757877,0
1779685200000,2092.87,2113.67,2089.79,2112.26,1829913.7085,1779688799999,3849715916.043315,20762,1228489.00225,2584788618.3757877,0
1779688800000,2092.87,2113.67,2089.79,2112.26,1829913.7085,1779692399999,3849715916.043315,20762,1228489.00225,2584788618.3757877,0
1779692400000,2092.87,2113.67,2089.79,2112.26,1829913.7085,1779695999999,3849715916.043315,20762,1228489.00225,2584788618.3757877,0
1779696000000,2112.26,2120.68,2109.07,2112.5,1018914.2135,1779699599999,2155101832.5918727,17103,518958.4535,1097946437.408845,0
1779699600000,2112.26,2120.68,2109.07,2112.5,1018914.2135,1779703199999,2155101832.5918727,17103,518958.4535,1097946437.408845,0
1779703200000,2112.26,2120.68,2109.07,2112.5,1018914.2135,1779706799999,2155101832.5918727,17103,518958.4535,1097946437.408845,0
1779706800000,2112.26,2120.68,2109.07,2112.5,1018914.2135,1779710399999,2155101832.5918727,17103,518958.4535,1097946437.408845,0
1779710400000,2112.25,2134.11,2110.36,2125.25,1726408.7085,1779713999999,3659935453.3301926,19318,1042915.9685,2211827657.1604676,0
1779714000000,2112.25,2134.11,2110.36,2125.25,1726408.7085,1779717599999,3659935453.3301926,19318,1042915.9685,2211827657.1604676,0
1779717600000,2112.25,2134.11,2110.36,2125.25,1726408.7085,1779721199999,3659935453.3301926,19318,1042915.9685,2211827657.1604676,0
1779721200000,2112.25,2134.11,2110.36,2125.25,1726408.7085,1779724799999,3659935453.3301926,19318,1042915.9685,2211827657.1604676,0
1779724800000,2125.25,2137.85,2116.82,2119.25,1319649.7785,1779728399999,2807716842.5970473,17638,657183.07425,1398751646.9265575,0
1779728400000,2125.25,2137.85,2116.82,2119.25,1319649.7785,1779731999999,2807716842.5970473,17638,657183.07425,1398751646.9265575,0
1779732000000,2125.25,2137.85,2116.82,2119.25,1319649.7785,1779735599999,2807716842.5970473,17638,657183.07425,1398751646.9265575,0
1779735600000,2125.25,2137.85,2116.82,2119.25,1319649.7785,1779739199999,2807716842.5970473,17638,657183.07425,1398751646.9265575,0
1779739200000,2119.25,2120.88,2106.63,2108.51,682333.257,1779742799999,1441198263.5730226,8123,268497.60375,567129318.62287,0
1779742800000,2119.25,2120.88,2106.63,2108.51,682333.257,1779746399999,1441198263.5730226,8123,268497.60375,567129318.62287,0
1779746400000,2119.25,2120.88,2106.63,2108.51,682333.257,1779749999999,1441198263.5730226,8123,268497.60375,567129318.62287,0
1779750000000,2119.25,2120.88,2106.63,2108.51,682333.257,1779753599999,1441198263.5730226,8123,268497.60375,567129318.62287,0
1779753600000,2108.51,2108.63,2082.91,2090.96,1494128.041,1779757199999,3122879689.8000975,9991,687240.2275,1436261285.79099,0
1779757200000,2108.51,2108.63,2082.91,2090.96,1494128.041,1779760799999,3122879689.8000975,9991,687240.2275,1436261285.79099,0
1779760800000,2108.51,2108.63,2082.91,2090.96,1494128.041,1779764399999,3122879689.8000975,9991,687240.2275,1436261285.79099,0
1779764400000,2108.51,2108.63,2082.91,2090.96,1494128.041,1779767999999,3122879689.8000975,9991,687240.2275,1436261285.79099,0
1779768000000,2090.99,2100.78,2086.56,2095.87,1243128.086,1779771599999,2603968640.82057,11243,559634.80125,1172466130.42817,0
1779771600000,2090.99,2100.78,2086.56,2095.87,1243128.086,1779775199999,2603968640.82057,11243,559634.80125,1172466130.42817,0
1779775200000,2090.99,2100.78,2086.56,2095.87,1243128.086,1779778799999,2603968640.82057,11243,559634.80125,1172466130.42817,0
1779778800000,2090.99,2100.78,2086.56,2095.87,1243128.086,1779782399999,2603968640.82057,11243,559634.80125,1172466130.42817,0
1779782400000,2095.87,2133.73,2092.4,2120.64,1551550.5415,1779785999999,3271258857.2008977,11757,919553.69225,1938676167.0854826,0
1779786000000,2095.87,2133.73,2092.4,2120.64,1551550.5415,1779789599999,3271258857.2008977,11757,919553.69225,1938676167.0854826,0
1779789600000,2095.87,2133.73,2092.4,2120.64,1551550.5415,1779793199999,3271258857.2008977,11757,919553.69225,1938676167.0854826,0
1779793200000,2095.87,2133.73,2092.4,2120.64,1551550.5415,1779796799999,3271258857.2008977,11757,919553.69225,1938676167.0854826,0
1779796800000,2120.64,2136.56,2077.37,2084.74,2003040.09125,1779800399999,4229122773.718155,11529,967586.2775,2045015746.65146,0
1779800400000,2120.64,2136.56,2077.37,2084.74,2003040.09125,1779803999999,4229122773.718155,11529,967586.2775,2045015746.65146,0
1779804000000,2120.64,2136.56,2077.37,2084.74,2003040.09125,1779807599999,4229122773.718155,11529,967586.2775,2045015746.65146,0
1779807600000,2120.64,2136.56,2077.37,2084.74,2003040.09125,1779811199999,4229122773.718155,11529,967586.2775,2045015746.65146,0
1779811200000,2084.74,2085.06,2068.37,2070.74,536762.91825,1779814799999,1114209673.5591476,4490,310611.80475,644785641.637415,0
1779814800000,2084.74,2085.06,2068.37,2070.74,536762.91825,1779818399999,1114209673.5591476,4490,310611.80475,644785641.637415,0
1779818400000,2084.74,2085.06,2068.37,2070.74,536762.91825,1779821999999,1114209673.5591476,4490,310611.80475,644785641.637415,0
1779822000000,2084.74,2085.06,2068.37,2070.74,536762.91825,1779825599999,1114209673.5591476,4490,310611.80475,644785641.637415,0
1779825600000,2070.74,2075.05,2063.49,2070.34,1152001.8325,1779829199999,2385031686.3972874,11752,576471.04425,1193890191.7419374,0
1779829200000,2070.74,2075.05,2063.49,2070.34,1152001.8325,1779832799999,2385031686.3972874,11752,576471.04425,1193890191.7419374,0
1779832800000,2070.74,2075.05,2063.49,2070.34,1152001.8325,1779836399999,2385031686.3972874,11752,576471.04425,1193890191.7419374,0
1779836400000,2070.74,2075.05,2063.49,2070.34,1152001.8325,1779839999999,2385031686.3972874,11752,576471.04425,1193890191.7419374,0
1779840000000,2070.42,2075.41,2067.07,2067.07,166866.302,1779843599999,345627859.93368,1799,76383.95625,158356608.679855,0
1779843600000,2070.42,2075.41,2067.07,2067.07,166866.302,1779847199999,345627859.93368,1799,76383.95625,158356608.679855,0
1779847200000,2070.42,2075.41,2067.07,2067.07,166866.302,1779850799999,345627859.93368,1799,76383.95625,158356608.679855,0
1779850800000,2070.42,2075.41,2067.07,2067.07,166866.302,1779854399999,345627859.93368,1799,76383.95625,158356608.679855,0
1779854400000,2067.07,2080.75,2055.14,2080.61,1399190.60725,1779857999999,2896832864.9099674,13771,833442.278,1726454058.12406,0
1779858000000,2067.07,2080.75,2055.14,2080.61,1399190.60725,1779861599999,2896832864.9099674,13771,833442.278,1726454058.12406,0
1779861600000,2067.07,2080.75,2055.14,2080.61,1399190.60725,1779865199999,2896832864.9099674,13771,833442.278,1726454058.12406,0
1779865200000,2067.07,2080.75,2055.14,2080.61,1399190.60725,1779868799999,2896832864.9099674,13771,833442.278,1726454058.12406,0
1779868800000,2080.52,2092.23,2075.69,2076.5,1767552.29825,1779872399999,3679549129.5334377,20350,811885.96275,1690251474.2901626,0
1779872400000,2080.52,2092.23,2075.69,2076.5,1767552.29825,1779875999999,3679549129.5334377,20350,811885.96275,1690251474.2901626,0
1779876000000,2080.52,2092.23,2075.69,2076.5,1767552.29825,1779879599999,3679549129.5334377,20350,811885.96275,1690251474.2901626,0
1779879600000,2080.52,2092.23,2075.69,2076.5,1767552.29825,1779883199999,3679549129.5334377,20350,811885.96275,1690251474.2901626,0
1779883200000,2076.5,2092.83,2052.24,2068.08,2661795.11425,1779886799999,5503520506.238482,23303,1301282.9405,2689507549.1964626,0
1779886800000,2076.5,2092.83,2052.24,2068.08,2661795.11425,1779890399999,5503520506.238482,23303,1301282.9405,2689507549.1964626,0
1779890400000,2076.5,2092.83,2052.24,2068.08,2661795.11425,1779893999999,5503520506.238482,23303,1301282.9405,2689507549.1964626,0
1779894000000,2076.5,2092.83,2052.24,2068.08,2661795.11425,1779897599999,5503520506.238482,23303,1301282.9405,2689507549.1964626,0
1779897600000,2068.2,2069.9,2041.82,2054.09,2321545.63175,1779901199999,4772324352.863532,24012,1202476.823,2473312274.1008024,0
1779901200000,2068.2,2069.9,2041.82,2054.09,2321545.63175,1779904799999,4772324352.863532,24012,1202476.823,2473312274.1008024,0
1779904800000,2068.2,2069.9,2041.82,2054.09,2321545.63175,1779908399999,4772324352.863532,24012,1202476.823,2473312274.1008024,0
1779908400000,2068.2,2069.9,2041.82,2054.09,2321545.63175,1779911999999,4772324352.863532,24012,1202476.823,2473312274.1008024,0
1779912000000,2054.11,2061.83,2015.11,2021.71,2246072.86875,1779915599999,4565249781.276327,21664,1087470.91225,2210036538.3900123,0
1779915600000,2054.11,2061.83,2015.11,2021.71,2246072.86875,1779919199999,4565249781.276327,21664,1087470.91225,2210036538.3900123,0
1779919200000,2054.11,2061.83,2015.11,2021.71,2246072.86875,1779922799999,4565249781.276327,21664,1087470.91225,2210036538.3900123,0
1779922800000,2054.11,2061.83,2015.11,2021.71,2246072.86875,1779926399999,4565249781.276327,21664,1087470.91225,2210036538.3900123,0
1779926400000,2021.69,2025.52,1976.14,1977.92,2702089.9465,1779929999999,5434663041.272635,24366,1212256.635,2439023948.0728774,0
1779930000000,2021.69,2025.52,1976.14,1977.92,2702089.9465,1779933599999,5434663041.272635,24366,1212256.635,2439023948.0728774,0
1779933600000,2021.69,2025.52,1976.14,1977.92,2702089.9465,1779937199999,5434663041.272635,24366,1212256.635,2439023948.0728774,0
1779937200000,2021.69,2025.52,1976.14,1977.92,2702089.9465,1779940799999,5434663041.272635,24366,1212256.635,2439023948.0728774,0
1779940800000,1977.92,1991.98,1969.49,1991.57,2227075.16025,1779944399999,4405491716.336497,23884,1199129.7815,2373970307.4791327,0
1779944400000,1977.92,1991.98,1969.49,1991.57,2227075.16025,1779947999999,4405491716.336497,23884,1199129.7815,2373970307.4791327,0
1779948000000,1977.92,1991.98,1969.49,1991.57,2227075.16025,1779951599999,4405491716.336497,23884,1199129.7815,2373970307.4791327,0
1779951600000,1977.92,1991.98,1969.49,1991.57,2227075.16025,1779955199999,4405491716.336497,23884,1199129.7815,2373970307.4791327,0
1779955200000,1991.77,1994.8,1981.89,1986.59,1742484.814,1779958799999,3462875640.19173,22290,760360.1325,1511503088.7517724,0
1779958800000,1991.77,1994.8,1981.89,1986.59,1742484.814,1779962399999,3462875640.19173,22290,760360.1325,1511503088.7517724,0
1779962400000,1991.77,1994.8,1981.89,1986.59,1742484.814,1779965999999,3462875640.19173,22290,760360.1325,1511503088.7517724,0
1779966000000,1991.77,1994.8,1981.89,1986.59,1742484.814,1779969599999,3462875640.19173,22290,760360.1325,1511503088.7517724,0
1779969600000,1986.58,2007.95,1968.01,1987.18,2683995.165,1779973199999,5325371868.00021,23425,1340778.81825,2661318321.6269426,0
1779973200000,1986.58,2007.95,1968.01,1987.18,2683995.165,1779976799999,5325371868.00021,23425,1340778.81825,2661318321.6269426,0
1779976800000,1986.58,2007.95,1968.01,1987.18,2683995.165,1779980399999,5325371868.00021,23425,1340778.81825,2661318321.6269426,0
1779980400000,1986.58,2007.95,1968.01,1987.18,2683995.165,1779983999999,5325371868.00021,23425,1340778.81825,2661318321.6269426,0
1779984000000,1987.18,2025.81,1982.44,2012.96,2471865.88675,1779987599999,4970943441.444557,23036,1350888.24575,2715584739.654595,0
1779987600000,1987.18,2025.81,1982.44,2012.96,2471865.88675,1779991199999,4970943441.444557,23036,1350888.24575,2715584739.654595,0
1779991200000,1987.18,2025.81,1982.44,2012.96,2471865.88675,1779994799999,4970943441.444557,23036,1350888.24575,2715584739.654595,0
1779994800000,1987.18,2025.81,1982.44,2012.96,2471865.88675,1779998399999,4970943441.444557,23036,1350888.24575,2715584739.654595,0
1779998400000,2012.96,2021.3,2003.05,2007.14,1837843.10825,1780001999999,3696649544.7848525,22902,809455.4085,1629300040.497915,0
1780002000000,2012.96,2021.3,2003.05,2007.14,1837843.10825,1780005599999,3696649544.7848525,22902,809455.4085,1629300040.497915,0
1780005600000,2012.96,2021.3,2003.05,2007.14,1837843.10825,1780009199999,3696649544.7848525,22902,809455.4085,1629300040.497915,0
1780009200000,2012.96,2021.3,2003.05,2007.14,1837843.10825,1780012799999,3696649544.7848525,22902,809455.4085,1629300040.497915,0
1780012800000,2007.14,2014.41,1995.25,2000.1,1907145.987,1780016399999,3824868649.03402,22703,912856.37725,1831331031.60867,0
1780016400000,2007.14,2014.41,1995.25,2000.1,1907145.987,1780019999999,3824868649.03402,22703,912856.37725,1831331031.60867,0
1780020000000,2007.14,2014.41,1995.25,2000.1,1907145.987,1780023599999,3824868649.03402,22703,912856.37725,1831331031.60867,0
1780023600000,2007.14,2014.41,1995.25,2000.1,1907145.987,1780027199999,3824868649.03402,22703,912856.37725,1831331031.60867,0
1780027200000,2000.1,2017.71,1996.12,2004.17,1555800.02675,1780030799999,3123709714.30148,20126,889321.01425,1785375924.8131225,0
1780030800000,2000.1,2017.71,1996.12,2004.17,1555800.02675,1780034399999,3123709714.30148,20126,889321.01425,1785375924.8131225,0
1780034400000,2000.1,2017.71,1996.12,2004.17,1555800.02675,1780037999999,3123709714.30148,20126,889321.01425,1785375924.8131225,0
1780038000000,2000.1,2017.71,1996.12,2004.17,1555800.02675,1780041599999,3123709714.30148,20126,889321.01425,1785375924.8131225,0
1780041600000,2004.17,2013.18,2003.06,2004.73,2107913.103,1780045199999,4232780542.66083,22585,1093974.893,2197239551.325345,0
1780045200000,2004.17,2013.18,2003.06,2004.73,2107913.103,1780048799999,4232780542.66083,22585,1093974.893,2197239551.325345,0
1780048800000,2004.17,2013.18,2003.06,2004.73,2107913.103,1780052399999,4232780542.66083,22585,1093974.893,2197239551.325345,0
1780052400000,2004.17,2013.18,2003.06,2004.73,2107913.103,1780055999999,4232780542.66083,22585,1093974.893,2197239551.325345,0
1780056000000,2004.73,2036.94,1979.98,2028.2,2845741.53025,1780059599999,5693892129.137315,17727,1407253.539,2819370696.1397877,0
1780059600000,2004.73,2036.94,1979.98,2028.2,2845741.53025,1780063199999,5693892129.137315,17727,1407253.539,2819370696.1397877,0
1780063200000,2004.73,2036.94,1979.98,2028.2,2845741.53025,1780066799999,5693892129.137315,17727,1407253.539,2819370696.1397877,0
1780066800000,2004.73,2036.94,1979.98,2028.2,2845741.53025,1780070399999,5693892129.137315,17727,1407253.539,2819370696.1397877,0
1780070400000,2028.2,2040.25,2002.63,2014.84,2497230.4215,1780073999999,5057835861.692408,23026,1325735.44075,2684296289.9073725,0
1780074000000,2028.2,2040.25,2002.63,2014.84,2497230.4215,1780077599999,5057835861.692408,23026,1325735.44075,2684296289.9073725,0
1780077600000,2028.2,2040.25,2002.63,2014.84,2497230.4215,1780081199999,5057835861.692408,23026,1325735.44075,2684296289.9073725,0
1780081200000,2028.2,2040.25,2002.63,2014.84,2497230.4215,1780084799999,5057835861.692408,23026,1325735.44075,2684296289.9073725,0
1780084800000,2014.8,2021.08,2005.01,2011.59,1811215.72825,1780088399999,3644459098.94797,21753,995290.22,2002967843.4034026,0
1780088400000,2014.8,2021.08,2005.01,2011.59,1811215.72825,1780091999999,3644459098.94797,21753,995290.22,2002967843.4034026,0
1780092000000,2014.8,2021.08,2005.01,2011.59,1811215.72825,1780095599999,3644459098.94797,21753,995290.22,2002967843.4034026,0
1780095600000,2014.8,2021.08,2005.01,2011.59,1811215.72825,1780099199999,3644459098.94797,21753,995290.22,2002967843.4034026,0
1780099200000,2011.59,2020.76,2008.22,2014.12,1164466.41975,1780102799999,2345944286.258255,19670,591630.548,1192438725.44623,0
1780102800000,2011.59,2020.76,2008.22,2014.12,1164466.41975,1780106399999,2345944286.258255,19670,591630.548,1192438725.44623,0
1780106400000,2011.59,2020.76,2008.22,2014.12,1164466.41975,1780109999999,2345944286.258255,19670,591630.548,1192438725.44623,0
1780110000000,2011.59,2020.76,2008.22,2014.12,1164466.41975,1780113599999,2345944286.258255,19670,591630.548,1192438725.44623,0
1780113600000,2014.11,2017.42,2000.08,2013.5,1487627.7775,1780117199999,2991349789.88717,20765,727001.2425,1461427793.6914225,0
1780117200000,2014.11,2017.42,2000.08,2013.5,1487627.7775,1780120799999,2991349789.88717,20765,727001.2425,1461427793.6914225,0
1780120800000,2014.11,2017.42,2000.08,2013.5,1487627.7775,1780124399999,2991349789.88717,20765,727001.2425,1461427793.6914225,0
1780124400000,2014.11,2017.42,2000.08,2013.5,1487627.7775,1780127999999,2991349789.88717,20765,727001.2425,1461427793.6914225,0
1780128000000,2013.5,2018.7,2011.01,2014.54,780428.955,1780131599999,1572045171.98883,18306,442059.32125,890527244.922325,0
1780131600000,2013.5,2018.7,2011.01,2014.54,780428.955,1780135199999,1572045171.98883,18306,442059.32125,890527244.922325,0
1780135200000,2013.5,2018.7,2011.01,2014.54,780428.955,1780138799999,1572045171.98883,18306,442059.32125,890527244.922325,0
1780138800000,2013.5,2018.7,2011.01,2014.54,780428.955,1780142399999,1572045171.98883,18306,442059.32125,890527244.922325,0
1780142400000,2014.54,2027.77,2014.13,2023.79,1260152.515,1780145999999,2546513822.3478823,20749,757633.016,1530974169.3055174,0
1780146000000,2014.54,2027.77,2014.13,2023.79,1260152.515,1780149599999,2546513822.3478823,20749,757633.016,1530974169.3055174,0
1780149600000,2014.54,2027.77,2014.13,2023.79,1260152.515,1780153199999,2546513822.3478823,20749,757633.016,1530974169.3055174,0
1780153200000,2014.54,2027.77,2014.13,2023.79,1260152.515,1780156799999,2546513822.3478823,20749,757633.016,1530974169.3055174,0
1780156800000,2023.79,2027.19,2017.49,2025.29,884437.17325,1780160399999,1789398643.4794376,18488,433533.131,877439634.332755,0
1780160400000,2023.79,2027.19,2017.49,2025.29,884437.17325,1780163999999,1789398643.4794376,18488,433533.131,877439634.332755,0
1780164000000,2023.79,2027.19,2017.49,2025.29,884437.17325,1780167599999,1789398643.4794376,18488,433533.131,877439634.332755,0
1780167600000,2023.79,2027.19,2017.49,2025.29,884437.17325,1780171199999,1789398643.4794376,18488,433533.131,877439634.332755,0
1780171200000,2025.29,2028.17,2017.33,2019.53,944921.69975,1780174799999,1910690722.364175,17964,403205.9605,815443279.1647875,0
1780174800000,2025.29,2028.17,2017.33,2019.53,944921.69975,1780178399999,1910690722.364175,17964,403205.9605,815443279.1647875,0
1780178400000,2025.29,2028.17,2017.33,2019.53,944921.69975,1780181999999,1910690722.364175,17964,403205.9605,815443279.1647875,0
1780182000000,2025.29,2028.17,2017.33,2019.53,944921.69975,1780185599999,1910690722.364175,17964,403205.9605,815443279.1647875,0
1780185600000,2019.53,2033.51,2017.94,2030.42,1335352.967,1780189199999,2706715320.728045,19704,792383.66925,1606088635.3676474,0
1780189200000,2019.53,2033.51,2017.94,2030.42,1335352.967,1780192799999,2706715320.728045,19704,792383.66925,1606088635.3676474,0
1780192800000,2019.53,2033.51,2017.94,2030.42,1335352.967,1780196399999,2706715320.728045,19704,792383.66925,1606088635.3676474,0
1780196400000,2019.53,2033.51,2017.94,2030.42,1335352.967,1780199999999,2706715320.728045,19704,792383.66925,1606088635.3676474,0
1780200000000,2030.42,2031.58,2019.85,2020.85,658252.161,1780203599999,1333993565.4710875,17157,227827.2415,461839388.8136,0
1780203600000,2030.42,2031.58,2019.85,2020.85,658252.161,1780207199999,1333993565.4710875,17157,227827.2415,461839388.8136,0
1780207200000,2030.42,2031.58,2019.85,2020.85,658252.161,1780210799999,1333993565.4710875,17157,227827.2415,461839388.8136,0
1780210800000,2030.42,2031.58,2019.85,2020.85,658252.161,1780214399999,1333993565.4710875,17157,227827.2415,461839388.8136,0
1780214400000,2020.85,2025.58,2012.91,2020.55,1379784.2565,1780217999999,2787705913.914125,21112,741773.72675,1499148299.8394525,0
1780218000000,2020.85,2025.58,2012.91,2020.55,1379784.2565,1780221599999,2787705913.914125,21112,741773.72675,1499148299.8394525,0
1780221600000,2020.85,2025.58,2012.91,2020.55,1379784.2565,1780225199999,2787705913.914125,21112,741773.72675,1499148299.8394525,0
1780225200000,2020.85,2025.58,2012.91,2020.55,1379784.2565,1780228799999,2787705913.914125,21112,741773.72675,1499148299.8394525,0
1780228800000,2020.55,2023.44,2003.21,2007.7,1592512.78025,1780232399999,3206262146.1651626,20492,724863.73025,1459545739.821545,0
1780232400000,2020.55,2023.44,2003.21,2007.7,1592512.78025,1780235999999,3206262146.1651626,20492,724863.73025,1459545739.821545,0
1780236000000,2020.55,2023.44,2003.21,2007.7,1592512.78025,1780239599999,3206262146.1651626,20492,724863.73025,1459545739.821545,0
1780239600000,2020.55,2023.44,2003.21,2007.7,1592512.78025,1780243199999,3206262146.1651626,20492,724863.73025,1459545739.821545,0
1780243200000,2007.7,2009.02,1991.81,1996.7,1536216.563,1780246799999,3072038036.4643674,21072,682281.367,1364434474.55015,0
1780246800000,2007.7,2009.02,1991.81,1996.7,1536216.563,1780250399999,3072038036.4643674,21072,682281.367,1364434474.55015,0
1780250400000,2007.7,2009.02,1991.81,1996.7,1536216.563,1780253999999,3072038036.4643674,21072,682281.367,1364434474.55015,0
1780254000000,2007.7,2009.02,1991.81,1996.7,1536216.563,1780257599999,3072038036.4643674,21072,682281.367,1364434474.55015,0
1780257600000,1996.79,2016.1,1996.79,2004.18,1993307.36975,1780261199999,3998894855.13932,22305,1249793.20425,2507537802.026485,0
1780261200000,1996.79,2016.1,1996.79,2004.18,1993307.36975,1780264799999,3998894855.13932,22305,1249793.20425,2507537802.026485,0
1780264800000,1996.79,2016.1,1996.79,2004.18,1993307.36975,1780268399999,3998894855.13932,22305,1249793.20425,2507537802.026485,0
1780268400000,1996.79,2016.1,1996.79,2004.18,1993307.36975,1780271999999,3998894855.13932,22305,1249793.20425,2507537802.026485,0
1780272000000,2004.18,2016.63,1991.93,2006.72,2454226.501,1780275599999,4925125964.28627,22183,1395333.513,2800646075.504525,0
1780275600000,2004.18,2016.63,1991.93,2006.72,2454226.501,1780279199999,4925125964.28627,22183,1395333.513,2800646075.504525,0
1780279200000,2004.18,2016.63,1991.93,2006.72,2454226.501,1780282799999,4925125964.28627,22183,1395333.513,2800646075.504525,0
1780282800000,2004.18,2016.63,1991.93,2006.72,2454226.501,1780286399999,4925125964.28627,22183,1395333.513,2800646075.504525,0
1780286400000,2006.7,2008.76,1973.14,1973.35,2651875.32775,1780289999999,5276416518.173035,24385,1070756.21025,2130679477.950185,0
1780290000000,2006.7,2008.76,1973.14,1973.35,2651875.32775,1780293599999,5276416518.173035,24385,1070756.21025,2130679477.950185,0
1780293600000,2006.7,2008.76,1973.14,1973.35,2651875.32775,1780297199999,5276416518.173035,24385,1070756.21025,2130679477.950185,0
1780297200000,2006.7,2008.76,1973.14,1973.35,2651875.32775,1780300799999,5276416518.173035,24385,1070756.21025,2130679477.950185,0
1780300800000,1973.35,1987.45,1969.51,1979.16,2057806.0865,1780304399999,4076395052.7531276,23556,1075458.5195,2131328750.605835,0
1780304400000,1973.35,1987.45,1969.51,1979.16,2057806.0865,1780307999999,4076395052.7531276,23556,1075458.5195,2131328750.605835,0
1780308000000,1973.35,1987.45,1969.51,1979.16,2057806.0865,1780311599999,4076395052.7531276,23556,1075458.5195,2131328750.605835,0
1780311600000,1973.35,1987.45,1969.51,1979.16,2057806.0865,1780315199999,4076395052.7531276,23556,1075458.5195,2131328750.605835,0
1780315200000,1979.17,1990.24,1955.82,1965.14,2778052.5415,1780318799999,5479074710.83639,20273,1345881.81375,2655050686.7104926,0
1780318800000,1979.17,1990.24,1955.82,1965.14,2778052.5415,1780322399999,5479074710.83639,20273,1345881.81375,2655050686.7104926,0
1780322400000,1979.17,1990.24,1955.82,1965.14,2778052.5415,1780325999999,5479074710.83639,20273,1345881.81375,2655050686.7104926,0
1780326000000,1979.17,1990.24,1955.82,1965.14,2778052.5415,1780329599999,5479074710.83639,20273,1345881.81375,2655050686.7104926,0
1780329600000,1965.14,2003.93,1956.51,2001.85,2355775.56325,1780333199999,4668291326.53951,22021,1550311.11075,3072429614.5366073,0
1780333200000,1965.14,2003.93,1956.51,2001.85,2355775.56325,1780336799999,4668291326.53951,22021,1550311.11075,3072429614.5366073,0
1780336800000,1965.14,2003.93,1956.51,2001.85,2355775.56325,1780340399999,4668291326.53951,22021,1550311.11075,3072429614.5366073,0
1780340400000,1965.14,2003.93,1956.51,2001.85,2355775.56325,1780343999999,4668291326.53951,22021,1550311.11075,3072429614.5366073,0
1780344000000,2001.85,2005.47,1982.25,2004.15,2316634.84575,1780347599999,4627005923.747832,21680,1271303.27875,2540262659.058275,0
1780347600000,2001.85,2005.47,1982.25,2004.15,2316634.84575,1780351199999,4627005923.747832,21680,1271303.27875,2540262659.058275,0
1780351200000,2001.85,2005.47,1982.25,2004.15,2316634.84575,1780354799999,4627005923.747832,21680,1271303.27875,2540262659.058275,0
1780354800000,2001.85,2005.47,1982.25,2004.15,2316634.84575,1780358399999,4627005923.747832,21680,1271303.27875,2540262659.058275,0
1780358400000,2004.2,2004.36,1964.52,2000.95,2452861.63375,1780361999999,4880494137.29787,19696,1097384.92175,2184261938.7418375,0
1780362000000,2004.2,2004.36,1964.52,2000.95,2452861.63375,1780365599999,4880494137.29787,19696,1097384.92175,2184261938.7418375,0
1780365600000,2004.2,2004.36,1964.52,2000.95,2452861.63375,1780369199999,4880494137.29787,19696,1097384.92175,2184261938.7418375,0
1780369200000,2004.2,2004.36,1964.52,2000.95,2452861.63375,1780372799999,4880494137.29787,19696,1097384.92175,2184261938.7418375,0
1780372800000,2000.95,2002.43,1974.08,1979.98,2320752.10175,1780376399999,4612462108.195145,13593,1083489.8505,2152633860.593205,0
1780376400000,2000.95,2002.43,1974.08,1979.98,2320752.10175,1780379999999,4612462108.195145,13593,1083489.8505,2152633860.593205,0
1780380000000,2000.95,2002.43,1974.08,1979.98,2320752.10175,1780383599999,4612462108.195145,13593,1083489.8505,2152633860.593205,0
1780383600000,2000.95,2002.43,1974.08,1979.98,2320752.10175,1780387199999,4612462108.195145,13593,1083489.8505,2152633860.593205,0
1780387200000,1979.98,1985.09,1964.5,1976.0,2038534.43425,1780390799999,4026342332.2306275,13547,995842.066,1966887908.6217074,0
1780390800000,1979.98,1985.09,1964.5,1976.0,2038534.43425,1780394399999,4026342332.2306275,13547,995842.066,1966887908.6217074,0
1780394400000,1979.98,1985.09,1964.5,1976.0,2038534.43425,1780397999999,4026342332.2306275,13547,995842.066,1966887908.6217074,0
1780398000000,1979.98,1985.09,1964.5,1976.0,2038534.43425,1780401599999,4026342332.2306275,13547,995842.066,1966887908.6217074,0
1780401600000,1976.0,1979.67,1899.83,1912.55,2747677.06825,1780405199999,5361166125.075823,14471,1129973.46125,2200784431.4598174,0
1780405200000,1976.0,1979.67,1899.83,1912.55,2747677.06825,1780408799999,5361166125.075823,14471,1129973.46125,2200784431.4598174,0
1780408800000,1976.0,1979.67,1899.83,1912.55,2747677.06825,1780412399999,5361166125.075823,14471,1129973.46125,2200784431.4598174,0
1780412400000,1976.0,1979.67,1899.83,1912.55,2747677.06825,1780415999999,5361166125.075823,14471,1129973.46125,2200784431.4598174,0
1780416000000,1917.58,1931.76,1884.14,1908.3,2745396.115,1780419599999,5258449855.95447,14134,1253470.67025,2401712871.9784675,0
1780419600000,1917.58,1931.76,1884.14,1908.3,2745396.115,1780423199999,5258449855.95447,14134,1253470.67025,2401712871.9784675,0
1780423200000,1917.58,1931.76,1884.14,1908.3,2745396.115,1780426799999,5258449855.95447,14134,1253470.67025,2401712871.9784675,0
1780426800000,1917.58,1931.76,1884.14,1908.3,2745396.115,1780430399999,5258449855.95447,14134,1253470.67025,2401712871.9784675,0
1780430400000,1908.3,1911.88,1841.99,1859.51,2944985.093,1780433999999,5554551245.974655,13764,1532974.61575,2886877793.2122273,0
1780434000000,1908.3,1911.88,1841.99,1859.51,2944985.093,1780437599999,5554551245.974655,13764,1532974.61575,2886877793.2122273,0
1780437600000,1908.3,1911.88,1841.99,1859.51,2944985.093,1780441199999,5554551245.974655,13764,1532974.61575,2886877793.2122273,0
1780441200000,1908.3,1911.88,1841.99,1859.51,2944985.093,1780444799999,5554551245.974655,13764,1532974.61575,2886877793.2122273,0
1780444800000,1859.51,1871.07,1819.72,1828.65,2755856.73175,1780448399999,5109160692.289165,13644,1408195.47125,2610127843.312165,0
1780448400000,1859.51,1871.07,1819.72,1828.65,2755856.73175,1780451999999,5109160692.289165,13644,1408195.47125,2610127843.312165,0
1780452000000,1859.51,1871.07,1819.72,1828.65,2755856.73175,1780455599999,5109160692.289165,13644,1408195.47125,2610127843.312165,0
1780455600000,1859.51,1871.07,1819.72,1828.65,2755856.73175,1780459199999,5109160692.289165,13644,1408195.47125,2610127843.312165,0
1780459200000,1828.65,1878.66,1828.65,1875.53,2778618.486,1780462799999,5171899019.320043,13632,1858953.615,3457257813.3272724,0
1780462800000,1828.65,1878.66,1828.65,1875.53,2778618.486,1780466399999,5171899019.320043,13632,1858953.615,3457257813.3272724,0
1780466400000,1828.65,1878.66,1828.65,1875.53,2778618.486,1780469999999,5171899019.320043,13632,1858953.615,3457257813.3272724,0
1780470000000,1828.65,1878.66,1828.65,1875.53,2778618.486,1780473599999,5171899019.320043,13632,1858953.615,3457257813.3272724,0
1780473600000,1875.53,1884.96,1868.21,1878.81,1820131.4345,1780477199999,3416045609.075545,10386,902425.61175,1694652066.345845,0
1780477200000,1875.53,1884.96,1868.21,1878.81,1820131.4345,1780480799999,3416045609.075545,10386,902425.61175,1694652066.345845,0
1780480800000,1875.53,1884.96,1868.21,1878.81,1820131.4345,1780484399999,3416045609.075545,10386,902425.61175,1694652066.345845,0
1780484400000,1875.53,1884.96,1868.21,1878.81,1820131.4345,1780487999999,3416045609.075545,10386,902425.61175,1694652066.345845,0
1780488000000,1878.65,1882.11,1833.52,1833.52,697428.842,1780491599999,1287966982.7827125,2727,264816.79275,488299795.9290175,0
1780491600000,1878.65,1882.11,1833.52,1833.52,697428.842,1780495199999,1287966982.7827125,2727,264816.79275,488299795.9290175,0
1780495200000,1878.65,1882.11,1833.52,1833.52,697428.842,1780498799999,1287966982.7827125,2727,264816.79275,488299795.9290175,0
1780498800000,1878.65,1882.11,1833.52,1833.52,697428.842,1780502399999,1287966982.7827125,2727,264816.79275,488299795.9290175,0
1780502400000,1833.52,1839.95,1800.67,1801.1,2779173.298,1780505999999,5069615550.655633,13038,1354828.69175,2472028131.763195,0
1780506000000,1833.52,1839.95,1800.67,1801.1,2779173.298,1780509599999,5069615550.655633,13038,1354828.69175,2472028131.763195,0
1780509600000,1833.52,1839.95,1800.67,1801.1,2779173.298,1780513199999,5069615550.655633,13038,1354828.69175,2472028131.763195,0
1780513200000,1833.52,1839.95,1800.67,1801.1,2779173.298,1780516799999,5069615550.655633,13038,1354828.69175,2472028131.763195,0
1780516800000,1801.1,1845.81,1773.72,1810.58,3144192.24575,1780520399999,5703024820.287277,13072,1761416.59525,3194323984.6031523,0
1780520400000,1801.1,1845.81,1773.72,1810.58,3144192.24575,1780523999999,5703024820.287277,13072,1761416.59525,3194323984.6031523,0
1780524000000,1801.1,1845.81,1773.72,1810.58,3144192.24575,1780527599999,5703024820.287277,13072,1761416.59525,3194323984.6031523,0
1780527600000,1801.1,1845.81,1773.72,1810.58,3144192.24575,1780531199999,5703024820.287277,13072,1761416.59525,3194323984.6031523,0
1780531200000,1810.57,1817.23,1727.1,1801.89,2895850.965,1780534799999,5153604871.378737,10904,1512495.64025,2687894560.6712375,0
1780534800000,1810.57,1817.23,1727.1,1801.89,2895850.965,1780538399999,5153604871.378737,10904,1512495.64025,2687894560.6712375,0
1780538400000,1810.57,1817.23,1727.1,1801.89,2895850.965,1780541999999,5153604871.378737,10904,1512495.64025,2687894560.6712375,0
1780542000000,1810.57,1817.23,1727.1,1801.89,2895850.965,1780545599999,5153604871.378737,10904,1512495.64025,2687894560.6712375,0
1780545600000,1801.89,1813.63,1775.2,1779.33,63236.531,1780549199999,113860317.0877275,1170,9676.93475,17510291.996815,0
1780549200000,1801.89,1813.63,1775.2,1779.33,63236.531,1780552799999,113860317.0877275,1170,9676.93475,17510291.996815,0
1780552800000,1801.89,1813.63,1775.2,1779.33,63236.531,1780556399999,113860317.0877275,1170,9676.93475,17510291.996815,0
1780556400000,1801.89,1813.63,1775.2,1779.33,63236.531,1780559999999,113860317.0877275,1170,9676.93475,17510291.996815,0
1780560000000,1779.33,1813.67,1772.99,1775.81,31772.683,1780563599999,56389774.89818,375,2574.2005,4601432.8365925,0
1780563600000,1779.33,1813.67,1772.99,1775.81,31772.683,1780567199999,56389774.89818,375,2574.2005,4601432.8365925,0
1780567200000,1779.33,1813.67,1772.99,1775.81,31772.683,1780570799999,56389774.89818,375,2574.2005,4601432.8365925,0
1780570800000,1779.33,1813.67,1772.99,1775.81,31772.683,1780574399999,56389774.89818,375,2574.2005,4601432.8365925,0
1780574400000,1772.99,1814.26,1772.98,1778.0,18123.558,1780577999999,32779656.87663,313,16225.7295,29412626.3805675,0
1780578000000,1772.99,1814.26,1772.98,1778.0,18123.558,1780581599999,32779656.87663,313,16225.7295,29412626.3805675,0
1780581600000,1772.99,1814.26,1772.98,1778.0,18123.558,1780585199999,32779656.87663,313,16225.7295,29412626.3805675,0
1780585200000,1772.99,1814.26,1772.98,1778.0,18123.558,1780588799999,32779656.87663,313,16225.7295,29412626.3805675,0
1780588800000,1778.0,1813.0,1775.0,1792.0,4299.823,1780592399999,7737207.3185525,331,2580.195,4672815.2190375,0
1780592400000,1778.0,1813.0,1775.0,1792.0,4299.823,1780595999999,7737207.3185525,331,2580.195,4672815.2190375,0
1780596000000,1778.0,1813.0,1775.0,1792.0,4299.823,1780599599999,7737207.3185525,331,2580.195,4672815.2190375,0
1780599600000,1778.0,1813.0,1775.0,1792.0,4299.823,1780603199999,7737207.3185525,331,2580.195,4672815.2190375,0
1780603200000,1792.0,1810.0,1791.0,1791.0,754.52775,1780606799999,1358041.107445,310,389.31525,703901.3167525,0
1780606800000,1792.0,1810.0,1791.0,1791.0,754.52775,1780610399999,1358041.107445,310,389.31525,703901.3167525,0
1780610400000,1792.0,1810.0,1791.0,1791.0,754.52775,1780613999999,1358041.107445,310,389.31525,703901.3167525,0
1780614000000,1792.0,1810.0,1791.0,1791.0,754.52775,1780617599999,1358041.107445,310,389.31525,703901.3167525,0
1780617600000,1808.0,1808.0,1721.07,1729.9,1090717.06375,1780621199999,1889417243.7249525,4712,353344.8575,611320755.9007175,0
1780621200000,1808.0,1808.0,1721.07,1729.9,1090717.06375,1780624799999,1889417243.7249525,4712,353344.8575,611320755.9007175,0
1780624800000,1808.0,1808.0,1721.07,1729.9,1090717.06375,1780628399999,1889417243.7249525,4712,353344.8575,611320755.9007175,0
1780628400000,1808.0,1808.0,1721.07,1729.9,1090717.06375,1780631999999,1889417243.7249525,4712,353344.8575,611320755.9007175,0
1780632000000,1729.9,1742.01,1600.0,1674.89,3735779.69075,1780635599999,6310344074.415703,13122,1849751.90475,3110246056.6588573,0
1780635600000,1729.9,1742.01,1600.0,1674.89,3735779.69075,1780639199999,6310344074.415703,13122,1849751.90475,3110246056.6588573,0
1780639200000,1729.9,1742.01,1600.0,1674.89,3735779.69075,1780642799999,6310344074.415703,13122,1849751.90475,3110246056.6588573,0
1780642800000,1729.9,1742.01,1600.0,1674.89,3735779.69075,1780646399999,6310344074.415703,13122,1849751.90475,3110246056.6588573,0
1780646400000,1674.89,1683.24,1661.72,1662.27,3190159.615,1780649999999,5336007397.261785,14046,1500263.2155,2509938463.75111,0
1780650000000,1674.89,1683.24,1661.72,1662.27,3190159.615,1780653599999,5336007397.261785,14046,1500263.2155,2509938463.75111,0
1780653600000,1674.89,1683.24,1661.72,1662.27,3190159.615,1780657199999,5336007397.261785,14046,1500263.2155,2509938463.75111,0
1780657200000,1674.89,1683.24,1661.72,1662.27,3190159.615,1780660799999,5336007397.261785,14046,1500263.2155,2509938463.75111,0
1780660800000,1662.27,1667.05,1642.95,1665.65,1155518.428,1780664399999,1916662293.7080724,4892,542148.96375,899794924.1204,0
1780664400000,1662.27,1667.05,1642.95,1665.65,1155518.428,1780667999999,1916662293.7080724,4892,542148.96375,899794924.1204,0
1780668000000,1662.27,1667.05,1642.95,1665.65,1155518.428,1780671599999,1916662293.7080724,4892,542148.96375,899794924.1204,0
1780671600000,1662.27,1667.05,1642.95,1665.65,1155518.428,1780675199999,1916662293.7080724,4892,542148.96375,899794924.1204,0
